{"type":"FeatureCollection","name":"kosova","crs":{"type":"name","properties":{"name":"urn:ogc:def:crs:OGC:1.3:CRS84"}},"features":[{"type":"Feature","properties":{"name":"Kosova"},"geometry":{"type":"MultiLineString","coordinates":[[[20.222686,42.412877],[20.223613,42.413247],[20.224372,42.413546],[20.225394,42.413946],[20.225673,42.41406],[20.225726,42.414074],[20.225766,42.414102],[20.225804,42.414145],[20.226096,42.4144],[20.2261,42.41445],[20.226106,42.414488],[20.226117,42.415005],[20.226131,42.415403],[20.226144,42.415997],[20.226312,42.416285],[20.22633,42.416315],[20.226337,42.416353],[20.226468,42.416963],[20.226481,42.417007],[20.226603,42.417562],[20.226727,42.418122],[20.226791,42.418435],[20.227247,42.418759],[20.227569,42.41907],[20.227645,42.419251],[20.227569,42.419523],[20.227247,42.419769],[20.227144,42.419843],[20.227081,42.419896],[20.22684,42.420166],[20.226569,42.420631],[20.226275,42.421485],[20.226081,42.422115],[20.22628,42.422562],[20.226586,42.423236],[20.226639,42.4233],[20.22655,42.423465],[20.226449,42.423607],[20.226255,42.423859],[20.22619,42.423996],[20.225432,42.424079],[20.22467,42.424212],[20.22397,42.425015],[20.223603,42.425435],[20.223093,42.425697],[20.222976,42.425902],[20.222755,42.426285],[20.222524,42.426819],[20.22222,42.427536],[20.222405,42.428358],[20.222322,42.428698],[20.222043,42.429147],[20.221831,42.429601],[20.221688,42.429931],[20.221515,42.430222],[20.221259,42.431186],[20.221156,42.431376],[20.220667,42.432274],[20.220733,42.433238],[20.220629,42.433702],[20.220052,42.434316],[20.219514,42.434899],[20.218976,42.435666],[20.218898,42.435723],[20.218238,42.436203],[20.217641,42.436765],[20.216785,42.437163],[20.215967,42.43755],[20.215115,42.437957],[20.214064,42.437985],[20.213582,42.437454],[20.21314,42.437782],[20.212212,42.438478],[20.212134,42.438538],[20.2118,42.438789],[20.21137,42.439117],[20.211219,42.439436],[20.211032,42.439849],[20.210581,42.44084],[20.210567,42.440867],[20.210182,42.441711],[20.209712,42.441745],[20.208576,42.441828],[20.208196,42.441855],[20.208158,42.442451],[20.208114,42.443098],[20.208067,42.443845],[20.208057,42.44399],[20.207814,42.444533],[20.207627,42.444591],[20.206764,42.444858],[20.206048,42.445201],[20.205736,42.445353],[20.20565,42.44539],[20.204955,42.445725],[20.20426,42.445861],[20.203296,42.446661],[20.203093,42.44739],[20.202682,42.447624],[20.201873,42.447684],[20.201232,42.447943],[20.200216,42.448068],[20.199928,42.448521],[20.199153,42.448792],[20.198983,42.448939],[20.197722,42.44998],[20.197634,42.45006],[20.196746,42.450675],[20.194662,42.451224],[20.193509,42.451887],[20.192995,42.452469],[20.192411,42.454457],[20.192039,42.456763],[20.192838,42.457132],[20.193352,42.457497],[20.193784,42.458044],[20.194045,42.458492],[20.194433,42.458859],[20.195202,42.459355],[20.195998,42.460894],[20.196801,42.462463],[20.196434,42.462993],[20.195797,42.463912],[20.195694,42.464056],[20.194084,42.464486],[20.193823,42.464557],[20.193119,42.465094],[20.192298,42.467109],[20.191545,42.467404],[20.189162,42.470328],[20.187619,42.471017],[20.185161,42.472106],[20.183487,42.472842],[20.182455,42.473006],[20.18273,42.473717],[20.182126,42.476942],[20.18191,42.477317],[20.181709,42.477676],[20.180013,42.480652],[20.180337,42.482605],[20.180685,42.484757],[20.180719,42.484955],[20.18073,42.485018],[20.18046,42.486001],[20.180262,42.486587],[20.179088,42.486798],[20.178931,42.486827],[20.177982,42.486997],[20.177045,42.487798],[20.176703,42.48809],[20.175003,42.488858],[20.17356,42.489505],[20.171236,42.490741],[20.170814,42.491281],[20.167351,42.49576],[20.167334,42.49663],[20.167332,42.496867],[20.167315,42.497652],[20.167316,42.497836],[20.166043,42.499131],[20.165969,42.499219],[20.165959,42.499607],[20.166512,42.500415],[20.1674,42.500875],[20.167452,42.501064],[20.167312,42.501661],[20.167142,42.501925],[20.167173,42.502514],[20.166978,42.502892],[20.166641,42.503157],[20.166333,42.504017],[20.165048,42.50668],[20.162348,42.506827],[20.161453,42.506991],[20.160566,42.507827],[20.159521,42.509024],[20.156329,42.509543],[20.154217,42.511743],[20.151913,42.512756],[20.151486,42.512944],[20.150971,42.51302],[20.15076,42.513259],[20.150278,42.513656],[20.149891,42.513968],[20.149527,42.514398],[20.149078,42.514538],[20.148314,42.514814],[20.146762,42.514899],[20.144138,42.515413],[20.14014,42.5169],[20.139131,42.517604],[20.136664,42.518715],[20.133829,42.519574],[20.131183,42.520348],[20.129553,42.520741],[20.128945,42.52085],[20.128263,42.520764],[20.127692,42.520842],[20.126463,42.520917],[20.125955,42.521259],[20.125231,42.521245],[20.124935,42.52139],[20.123963,42.521752],[20.122861,42.522206],[20.122842,42.522601],[20.122622,42.522815],[20.122352,42.522857],[20.122236,42.522978],[20.122004,42.523288],[20.121254,42.523467],[20.121583,42.523745],[20.121632,42.524085],[20.121597,42.52423],[20.121651,42.52456],[20.12167,42.524971],[20.12191,42.525285],[20.121887,42.525656],[20.120871,42.525798],[20.120562,42.525955],[20.119959,42.526252],[20.119367,42.526156],[20.118727,42.526164],[20.118086,42.526171],[20.117441,42.526235],[20.117006,42.526481],[20.116497,42.526501],[20.114078,42.527143],[20.11321,42.528132],[20.112458,42.528211],[20.11151,42.528515],[20.109847,42.529107],[20.108405,42.529685],[20.107606,42.529947],[20.10677,42.530934],[20.106105,42.531168],[20.105523,42.531367],[20.105072,42.531057],[20.104856,42.530999],[20.10454,42.53105],[20.103943,42.530903],[20.103666,42.531072],[20.103153,42.531175],[20.102618,42.531407],[20.10249,42.531546],[20.101139,42.532077],[20.100993,42.532185],[20.100223,42.53258],[20.09972,42.533349],[20.099324,42.53375],[20.098935,42.533904],[20.097949,42.534279],[20.098295,42.536562],[20.097272,42.538661],[20.096991,42.539388],[20.096569,42.539699],[20.095862,42.540718],[20.095719,42.541555],[20.095281,42.541846],[20.095232,42.541994],[20.094022,42.542619],[20.093289,42.543326],[20.091304,42.54399],[20.09,42.544774],[20.089528,42.545371],[20.089682,42.546218],[20.089591,42.546947],[20.089643,42.547806],[20.089893,42.548296],[20.08939,42.548644],[20.089245,42.548846],[20.089028,42.549012],[20.088694,42.549444],[20.088361,42.550049],[20.088329,42.550464],[20.08831,42.550672],[20.08776,42.550958],[20.087756,42.551098],[20.087583,42.55131],[20.087371,42.551453],[20.08725,42.551661],[20.087081,42.551759],[20.086384,42.551841],[20.085074,42.552164],[20.084624,42.552356],[20.08436,42.552492],[20.083473,42.552843],[20.082805,42.553135],[20.082465,42.553296],[20.081874,42.553738],[20.081496,42.554092],[20.081189,42.554363],[20.08064,42.55468],[20.080172,42.554948],[20.07993,42.555126],[20.079514,42.555385],[20.078947,42.55547],[20.0763,42.555823],[20.077518,42.555948],[20.078876,42.55609],[20.078979,42.557229],[20.078919,42.557901],[20.078865,42.558721],[20.079073,42.559737],[20.080097,42.561128],[20.080322,42.561265],[20.080473,42.562022],[20.080662,42.562556],[20.081047,42.563191],[20.081567,42.564003],[20.082106,42.564589],[20.082678,42.565982],[20.083208,42.56668],[20.083678,42.567284],[20.083935,42.567601],[20.084155,42.567905],[20.084305,42.568069],[20.084356,42.568254],[20.084025,42.568707],[20.084131,42.568949],[20.084109,42.569249],[20.084039,42.569398],[20.083935,42.569734],[20.083844,42.570032],[20.083844,42.570253],[20.08398,42.570595],[20.084185,42.570954],[20.084418,42.57113],[20.084898,42.571475],[20.085094,42.571598],[20.085458,42.57185],[20.085984,42.572231],[20.086047,42.572287],[20.086272,42.572451],[20.086445,42.572597],[20.086771,42.572821],[20.08698,42.573013],[20.087396,42.573361],[20.088042,42.573987],[20.088424,42.574824],[20.088455,42.57518],[20.088492,42.575661],[20.088493,42.57576],[20.088495,42.576003],[20.088444,42.576474],[20.088354,42.577109],[20.088226,42.577791],[20.08779,42.578398],[20.087452,42.578869],[20.087528,42.579197],[20.087271,42.580918],[20.08664,42.581791],[20.085729,42.582446],[20.085659,42.582964],[20.085677,42.583368],[20.085755,42.583871],[20.085676,42.584505],[20.085633,42.58509],[20.085433,42.585274],[20.08604,42.585824],[20.086169,42.586257],[20.086158,42.586478],[20.08627,42.586709],[20.086232,42.586978],[20.086222,42.587122],[20.08617,42.587448],[20.085211,42.588539],[20.084401,42.589464],[20.083667,42.59031],[20.083029,42.590691],[20.082587,42.590894],[20.082299,42.591263],[20.081897,42.59201],[20.081724,42.592338],[20.081434,42.592955],[20.081014,42.59361],[20.080731,42.594205],[20.080183,42.594999],[20.079929,42.595367],[20.079541,42.596567],[20.07895,42.597315],[20.079035,42.597579],[20.078427,42.598022],[20.078001,42.598114],[20.07786,42.598173],[20.077229,42.598851],[20.077056,42.599112],[20.076822,42.599322],[20.076717,42.599492],[20.076385,42.599946],[20.07593,42.600444],[20.075743,42.600654],[20.075632,42.600814],[20.075399,42.601127],[20.074955,42.601688],[20.074781,42.602327],[20.074657,42.603186],[20.074621,42.603839],[20.074485,42.604273],[20.074527,42.604837],[20.074104,42.60518],[20.073724,42.605779],[20.073445,42.606023],[20.072817,42.606898],[20.07271,42.607361],[20.07287,42.608067],[20.072895,42.608314],[20.073483,42.609014],[20.073676,42.609181],[20.074005,42.609763],[20.074304,42.610143],[20.074474,42.610421],[20.074812,42.610842],[20.075136,42.611239],[20.075154,42.611549],[20.075166,42.61228],[20.075294,42.612785],[20.075784,42.613606],[20.075831,42.614077],[20.076127,42.614703],[20.075787,42.615224],[20.075562,42.615873],[20.075821,42.616602],[20.075894,42.617087],[20.075846,42.617956],[20.075868,42.618235],[20.075728,42.619241],[20.075882,42.619737],[20.07573,42.62091],[20.0762,42.621025],[20.076787,42.621554],[20.077063,42.621862],[20.077317,42.622452],[20.077836,42.623078],[20.07823,42.62379],[20.07928,42.624281],[20.079767,42.62447],[20.080505,42.625097],[20.081166,42.625748],[20.081451,42.625967],[20.081841,42.626338],[20.082103,42.626519],[20.082683,42.626833],[20.082928,42.627006],[20.083386,42.627229],[20.08373,42.627351],[20.08422,42.627443],[20.084485,42.627379],[20.084985,42.62742],[20.085735,42.627654],[20.086214,42.628177],[20.086797,42.628572],[20.087677,42.628887],[20.088182,42.629285],[20.08849,42.629924],[20.089362,42.630504],[20.089938,42.6309],[20.08986,42.631624],[20.090109,42.632294],[20.090554,42.633101],[20.091367,42.633669],[20.091695,42.633887],[20.092116,42.634234],[20.092109,42.634507],[20.092145,42.634918],[20.092146,42.635554],[20.092173,42.635689],[20.092232,42.636366],[20.092508,42.636851],[20.092795,42.637048],[20.093115,42.637226],[20.092864,42.637502],[20.09304,42.637744],[20.093414,42.637934],[20.093395,42.63837],[20.093538,42.638693],[20.093568,42.638741],[20.093609,42.639236],[20.093895,42.639425],[20.094214,42.639791],[20.094278,42.640119],[20.0952,42.640845],[20.095785,42.641335],[20.097014,42.64261],[20.098356,42.643606],[20.10046,42.644623],[20.101883,42.645236],[20.103903,42.646071],[20.105195,42.646777],[20.108703,42.647834],[20.109749,42.649468],[20.110129,42.650962],[20.110391,42.651614],[20.110686,42.652341],[20.111022,42.653257],[20.111723,42.655164],[20.111944,42.655402],[20.11027,42.656451],[20.104531,42.660044],[20.101939,42.661666],[20.101562,42.661903],[20.099617,42.66312],[20.094547,42.666293],[20.09406,42.666491],[20.0935,42.666718],[20.088573,42.668716],[20.085688,42.674996],[20.083393,42.680036],[20.068271,42.680287],[20.063638,42.684763],[20.063668,42.684863],[20.062933,42.68473],[20.062555,42.684504],[20.061719,42.68438],[20.061114,42.684412],[20.060598,42.68447],[20.059718,42.684212],[20.05924,42.684205],[20.058564,42.684283],[20.058269,42.684484],[20.057716,42.684712],[20.056899,42.684866],[20.056678,42.684877],[20.056312,42.684951],[20.0555,42.68483],[20.054897,42.684874],[20.054691,42.684869],[20.054428,42.684793],[20.054408,42.684824],[20.054297,42.684897],[20.054349,42.684925],[20.053997,42.685204],[20.053712,42.685332],[20.053445,42.685558],[20.053422,42.685817],[20.053186,42.686081],[20.053156,42.686256],[20.052974,42.686636],[20.052926,42.686864],[20.052781,42.687077],[20.052766,42.687239],[20.052959,42.6876],[20.052999,42.688035],[20.052758,42.688414],[20.052471,42.68871],[20.051965,42.688926],[20.051009,42.689621],[20.050752,42.689733],[20.050433,42.689905],[20.049964,42.690113],[20.049985,42.690244],[20.049499,42.690485],[20.049378,42.690507],[20.049353,42.690536],[20.049358,42.690637],[20.049295,42.690924],[20.049185,42.690984],[20.049065,42.691338],[20.049114,42.691538],[20.049035,42.691634],[20.048963,42.691925],[20.048722,42.692076],[20.048699,42.692218],[20.047782,42.692666],[20.047529,42.692817],[20.04708,42.692857],[20.046756,42.693092],[20.046496,42.693509],[20.046457,42.693839],[20.046242,42.694051],[20.046199,42.694562],[20.045886,42.694846],[20.045247,42.695223],[20.045067,42.695479],[20.044313,42.695862],[20.043903,42.695981],[20.042893,42.696228],[20.042588,42.696163],[20.042113,42.696122],[20.041852,42.696202],[20.041389,42.696272],[20.040884,42.696158],[20.040709,42.696211],[20.040255,42.696419],[20.039883,42.696552],[20.039605,42.696596],[20.038919,42.696648],[20.038663,42.696664],[20.037871,42.696631],[20.037423,42.696725],[20.036355,42.696728],[20.035818,42.69675],[20.035692,42.696828],[20.033497,42.697361],[20.03323,42.697434],[20.031876,42.702014],[20.031622,42.705715],[20.031551,42.70669],[20.031676,42.706962],[20.032239,42.70819],[20.033292,42.710491],[20.033434,42.710793],[20.033737,42.711439],[20.033278,42.711402],[20.032542,42.711361],[20.032319,42.711377],[20.031926,42.711416],[20.0316,42.711288],[20.031275,42.711083],[20.03051,42.710845],[20.030142,42.710783],[20.029731,42.710634],[20.029289,42.710484],[20.02887,42.710372],[20.028432,42.710249],[20.028136,42.709964],[20.027697,42.710001],[20.026941,42.709856],[20.026079,42.709969],[20.0251,42.70981],[20.024463,42.709956],[20.023746,42.70973],[20.023245,42.709613],[20.022254,42.709647],[20.021699,42.709514],[20.021043,42.709683],[20.019551,42.709672],[20.019428,42.709693],[20.018774,42.709953],[20.018097,42.709776],[20.017532,42.709865],[20.016637,42.709658],[20.015923,42.709667],[20.015871,42.709681],[20.015933,42.709773],[20.016499,42.71252],[20.017169,42.71332],[20.017982,42.713562],[20.018644,42.713555],[20.020886,42.712975],[20.022597,42.713303],[20.02354,42.714021],[20.02383,42.714391],[20.024202,42.71467],[20.024632,42.714839],[20.024937,42.714956],[20.025125,42.715001],[20.025351,42.715054],[20.025973,42.715309],[20.026256,42.715365],[20.026487,42.715409],[20.026799,42.715554],[20.02724,42.715764],[20.027312,42.71582],[20.02774,42.716393],[20.027725,42.717355],[20.02772,42.717535],[20.030175,42.718389],[20.030592,42.718594],[20.030992,42.718786],[20.031114,42.718863],[20.031184,42.718903],[20.031372,42.719067],[20.031535,42.71921],[20.031678,42.719446],[20.031845,42.719547],[20.032035,42.719696],[20.032133,42.719872],[20.032186,42.720127],[20.032043,42.720595],[20.031422,42.720447],[20.030582,42.720558],[20.02958,42.72062],[20.027774,42.721276],[20.027049,42.721825],[20.026505,42.722265],[20.025789,42.722581],[20.02513,42.722474],[20.024392,42.722359],[20.023289,42.722463],[20.022769,42.722603],[20.022056,42.722911],[20.021314,42.723355],[20.020468,42.724001],[20.019753,42.724221],[20.0192,42.724644],[20.018919,42.724531],[20.018637,42.724408],[20.018397,42.724643],[20.018293,42.72489],[20.018092,42.725236],[20.017935,42.725466],[20.017776,42.725612],[20.017341,42.725899],[20.017113,42.726101],[20.016934,42.726274],[20.016729,42.726511],[20.016396,42.72682],[20.016192,42.727132],[20.016068,42.727366],[20.015972,42.727474],[20.015648,42.727645],[20.015308,42.727904],[20.014919,42.72834],[20.014689,42.728797],[20.014551,42.729388],[20.014627,42.729387],[20.014763,42.729744],[20.015202,42.73052],[20.015519,42.73124],[20.015583,42.731534],[20.015646,42.731795],[20.015898,42.732492],[20.015911,42.732591],[20.015923,42.732656],[20.01592,42.73289],[20.015892,42.733008],[20.01574,42.733216],[20.015801,42.733462],[20.016088,42.733933],[20.016099,42.734084],[20.016075,42.734303],[20.016097,42.734612],[20.016218,42.734867],[20.016202,42.73485],[20.016274,42.735188],[20.015566,42.736531],[20.015188,42.737289],[20.015126,42.73806],[20.014932,42.739153],[20.014711,42.739881],[20.014605,42.740243],[20.014284,42.740755],[20.014298,42.740822],[20.014848,42.741815],[20.015001,42.742055],[20.015225,42.742537],[20.015502,42.743147],[20.015588,42.743294],[20.015879,42.743565],[20.016567,42.74464],[20.016813,42.744411],[20.017005,42.744384],[20.017423,42.744401],[20.018553,42.744502],[20.019104,42.744563],[20.019596,42.744778],[20.019794,42.74508],[20.019904,42.745264],[20.019722,42.746008],[20.020255,42.747115],[20.020167,42.747526],[20.020118,42.748273],[20.021181,42.750086],[20.02223,42.750966],[20.023297,42.751813],[20.023355,42.752273],[20.023648,42.752884],[20.02338,42.753548],[20.023101,42.754167],[20.023003,42.754383],[20.022832,42.754889],[20.022704,42.755504],[20.022665,42.755617],[20.022656,42.755714],[20.022129,42.756662],[20.022042,42.757519],[20.022145,42.757762],[20.022517,42.758222],[20.022401,42.758621],[20.022647,42.759063],[20.022805,42.759656],[20.022965,42.760193],[20.023069,42.760331],[20.023461,42.76096],[20.023721,42.76138],[20.023892,42.761679],[20.023974,42.761876],[20.024266,42.762085],[20.02431,42.762222],[20.023927,42.762843],[20.023927,42.762842],[20.023926,42.762844],[20.023732,42.763125],[20.024112,42.763789],[20.024301,42.764322],[20.024413,42.764631],[20.024653,42.765139],[20.02508,42.765087],[20.02543,42.765093],[20.026159,42.765043],[20.027417,42.765331],[20.027977,42.765427],[20.029122,42.765613],[20.030004,42.765896],[20.03087,42.765525],[20.032287,42.76491],[20.032833,42.765289],[20.033175,42.766655],[20.033288,42.768284],[20.033378,42.768885],[20.034282,42.769265],[20.035044,42.769539],[20.03601,42.769908],[20.036896,42.770199],[20.037943,42.770625],[20.038014,42.771227],[20.038735,42.77212],[20.039866,42.772767],[20.040138,42.772907],[20.040195,42.772936],[20.040713,42.773181],[20.041275,42.773314],[20.041418,42.773347],[20.042315,42.773874],[20.0429,42.774345],[20.043429,42.774573],[20.044231,42.774567],[20.044995,42.774492],[20.045851,42.773855],[20.047343,42.773492],[20.04785,42.773847],[20.048365,42.774342],[20.048612,42.774275],[20.049098,42.774884],[20.049363,42.775029],[20.049774,42.775279],[20.050112,42.775602],[20.049808,42.775747],[20.051047,42.776079],[20.051836,42.776557],[20.052778,42.776878],[20.053517,42.77707],[20.054091,42.777562],[20.054324,42.777618],[20.054775,42.777735],[20.055256,42.777772],[20.056965,42.778199],[20.057939,42.778438],[20.059657,42.778862],[20.059947,42.778944],[20.060054,42.778986],[20.060378,42.779073],[20.060783,42.779036],[20.061009,42.779054],[20.061477,42.778895],[20.062291,42.778553],[20.063043,42.778231],[20.063775,42.778013],[20.064335,42.777862],[20.06483,42.777669],[20.065179,42.777457],[20.065598,42.777198],[20.065793,42.777022],[20.066084,42.776796],[20.066457,42.776528],[20.066795,42.776268],[20.067107,42.775807],[20.06782,42.775677],[20.069258,42.775019],[20.069368,42.774972],[20.069954,42.774903],[20.070612,42.774965],[20.071833,42.774806],[20.071835,42.774805],[20.07217,42.774875],[20.0727,42.774992],[20.07376,42.775001],[20.074947,42.775031],[20.076112,42.774977],[20.077667,42.774962],[20.078296,42.774954],[20.078667,42.774964],[20.079941,42.775088],[20.08072,42.774962],[20.08093,42.775023],[20.080969,42.775011],[20.082112,42.774774],[20.083098,42.774574],[20.08378,42.774532],[20.08411,42.774422],[20.084923,42.774313],[20.085249,42.774457],[20.086297,42.774703],[20.086776,42.77475],[20.087154,42.774703],[20.087334,42.774691],[20.088486,42.775475],[20.089324,42.776094],[20.091424,42.776189],[20.092073,42.7764],[20.094177,42.776723],[20.094844,42.776634],[20.096853,42.776817],[20.098191,42.776705],[20.100019,42.775685],[20.103339,42.77382],[20.104788,42.773012],[20.104007,42.770879],[20.103714,42.77009],[20.104376,42.769819],[20.104919,42.769793],[20.105317,42.76924],[20.105595,42.768776],[20.107641,42.767705],[20.109379,42.766792],[20.11222,42.765299],[20.113533,42.764915],[20.114988,42.763871],[20.115863,42.763652],[20.116731,42.763661],[20.117374,42.76348],[20.118619,42.763164],[20.119099,42.762951],[20.119478,42.762291],[20.119866,42.762228],[20.120519,42.762291],[20.120645,42.762678],[20.120962,42.76272],[20.121588,42.762766],[20.122358,42.762788],[20.123101,42.762799],[20.124004,42.762583],[20.125784,42.762665],[20.126366,42.76248],[20.126666,42.762336],[20.126982,42.761863],[20.127263,42.761604],[20.127623,42.761295],[20.128062,42.76112],[20.128668,42.761321],[20.129167,42.761212],[20.129614,42.761014],[20.130018,42.760873],[20.130453,42.760717],[20.130982,42.760529],[20.131315,42.760413],[20.131645,42.760363],[20.132153,42.760213],[20.132586,42.760019],[20.132745,42.759978],[20.134328,42.759563],[20.138651,42.757492],[20.139328,42.75709],[20.139842,42.756607],[20.141038,42.756867],[20.141853,42.755805],[20.142495,42.755725],[20.142533,42.755702],[20.14363,42.755221],[20.144456,42.75508],[20.14573,42.75473],[20.146756,42.754608],[20.148288,42.760652],[20.148583,42.761825],[20.148876,42.763352],[20.154985,42.768414],[20.158679,42.76575],[20.165606,42.762503],[20.167661,42.761763],[20.168714,42.760806],[20.169958,42.75976],[20.170151,42.759594],[20.170858,42.7591],[20.172679,42.757904],[20.172582,42.756611],[20.172984,42.756265],[20.173015,42.75623],[20.173122,42.756111],[20.173359,42.755845],[20.173825,42.755458],[20.174658,42.755321],[20.175771,42.755154],[20.176213,42.755082],[20.177294,42.754833],[20.179198,42.754386],[20.17972,42.754263],[20.180255,42.753433],[20.182755,42.753622],[20.184267,42.752044],[20.18567,42.750582],[20.186992,42.749209],[20.188697,42.747445],[20.189121,42.747003],[20.189712,42.746381],[20.190005,42.74626],[20.190477,42.746042],[20.19117,42.745283],[20.191591,42.746174],[20.191745,42.746435],[20.192605,42.747472],[20.193249,42.748142],[20.193841,42.748761],[20.19414,42.748975],[20.195599,42.750065],[20.195753,42.750206],[20.19573,42.750426],[20.19706,42.75012],[20.197583,42.750103],[20.19889,42.75004],[20.200909,42.750194],[20.201626,42.750413],[20.202525,42.750138],[20.202903,42.749896],[20.203355,42.749909],[20.203773,42.749696],[20.2039,42.749719],[20.204206,42.749619],[20.204727,42.7495],[20.205914,42.749364],[20.206435,42.749027],[20.207023,42.748901],[20.207287,42.748723],[20.207939,42.748482],[20.208288,42.748222],[20.208749,42.748145],[20.209545,42.747714],[20.209594,42.74759],[20.209709,42.747451],[20.209981,42.747369],[20.21019,42.746967],[20.211436,42.746752],[20.211784,42.746632],[20.212279,42.746437],[20.212722,42.746248],[20.212806,42.746321],[20.212855,42.746227],[20.212993,42.746682],[20.213147,42.74692],[20.213022,42.747094],[20.212823,42.74713],[20.212738,42.747278],[20.212849,42.747431],[20.212752,42.747789],[20.212898,42.748289],[20.213223,42.748736],[20.213809,42.748899],[20.214296,42.749129],[20.214626,42.74915],[20.214866,42.749061],[20.215164,42.749173],[20.215444,42.749199],[20.215817,42.749521],[20.216132,42.749664],[20.216232,42.749762],[20.216458,42.749787],[20.216691,42.750042],[20.217054,42.750267],[20.21711,42.750361],[20.217154,42.750378],[20.217383,42.750332],[20.21749,42.750513],[20.217968,42.750706],[20.218336,42.750937],[20.218369,42.751056],[20.218734,42.75126],[20.21876,42.751378],[20.219198,42.751473],[20.219485,42.75162],[20.219576,42.751739],[20.219788,42.751867],[20.220334,42.75198],[20.221051,42.752312],[20.221234,42.752332],[20.221311,42.752405],[20.221493,42.752469],[20.221688,42.752609],[20.221914,42.752629],[20.222357,42.7526],[20.223068,42.752852],[20.223563,42.752998],[20.224059,42.753121],[20.224658,42.753098],[20.224848,42.75307],[20.225166,42.753152],[20.225733,42.753108],[20.225922,42.753128],[20.226203,42.753066],[20.226863,42.753014],[20.227082,42.753022],[20.227244,42.753047],[20.22724,42.753016],[20.227175,42.753012],[20.227415,42.752977],[20.227416,42.752977],[20.227991,42.752934],[20.228708,42.752881],[20.2297,42.752837],[20.229831,42.752831],[20.230364,42.752691],[20.230446,42.752667],[20.23317,42.752519],[20.234322,42.752747],[20.235187,42.753881],[20.235678,42.754773],[20.236074,42.755827],[20.236233,42.756507],[20.236773,42.75685],[20.23901,42.756978],[20.240907,42.757012],[20.242951,42.757545],[20.244203,42.757889],[20.245872,42.758332],[20.250435,42.75917],[20.250709,42.759917],[20.250971,42.760661],[20.251222,42.761367],[20.252388,42.764667],[20.253317,42.7672],[20.25465,42.768043],[20.255051,42.769235],[20.255813,42.769616],[20.255371,42.770013],[20.256374,42.770576],[20.257261,42.770893],[20.258339,42.771145],[20.258633,42.772087],[20.25921,42.772894],[20.259818,42.773463],[20.26057,42.774787],[20.260846,42.774936],[20.261475,42.775297],[20.262101,42.77547],[20.263025,42.775683],[20.263833,42.776037],[20.264692,42.776749],[20.265025,42.777195],[20.266041,42.778293],[20.266237,42.779001],[20.26635,42.779357],[20.266314,42.779403],[20.266286,42.779482],[20.265709,42.781412],[20.265272,42.782876],[20.26493,42.784003],[20.264643,42.784956],[20.26437,42.785848],[20.264125,42.786659],[20.263818,42.787668],[20.263641,42.788269],[20.263557,42.788555],[20.263453,42.788853],[20.263254,42.790577],[20.262817,42.794181],[20.262607,42.795873],[20.262353,42.797959],[20.26231,42.798295],[20.262424,42.799712],[20.262567,42.801619],[20.262595,42.801955],[20.262773,42.804169],[20.259561,42.804489],[20.258326,42.804819],[20.257854,42.805208],[20.256603,42.806223],[20.256485,42.806411],[20.255652,42.807032],[20.255298,42.807395],[20.254592,42.808655],[20.254145,42.809283],[20.254021,42.809526],[20.253756,42.809916],[20.253229,42.810273],[20.252359,42.810743],[20.252795,42.811108],[20.253216,42.81141],[20.253622,42.811998],[20.253713,42.81215],[20.253945,42.812583],[20.254342,42.813126],[20.254584,42.813733],[20.254764,42.814013],[20.254951,42.814374],[20.255168,42.814485],[20.255514,42.814617],[20.256007,42.81472],[20.256704,42.814829],[20.257029,42.81498],[20.257649,42.815239],[20.257911,42.815216],[20.258501,42.815253],[20.25907,42.814951],[20.259577,42.814661],[20.260054,42.814827],[20.260514,42.814693],[20.261157,42.814833],[20.261801,42.814956],[20.262226,42.815225],[20.262582,42.815418],[20.263088,42.815523],[20.263586,42.815716],[20.263971,42.815694],[20.264257,42.815805],[20.264925,42.816014],[20.265437,42.816178],[20.265734,42.816307],[20.265869,42.816859],[20.266331,42.817361],[20.267181,42.817762],[20.267464,42.817927],[20.267624,42.817962],[20.268554,42.81819],[20.269203,42.818277],[20.269859,42.8183],[20.271051,42.818882],[20.271301,42.818997],[20.271769,42.819143],[20.272669,42.819591],[20.273463,42.819814],[20.273762,42.819944],[20.274447,42.820445],[20.274841,42.821043],[20.275156,42.821387],[20.275964,42.821784],[20.276079,42.822388],[20.275606,42.823082],[20.275092,42.823556],[20.275793,42.824349],[20.275674,42.824566],[20.275164,42.825503],[20.276631,42.826945],[20.277891,42.82819],[20.278683,42.828979],[20.279011,42.829316],[20.279666,42.829565],[20.279902,42.829693],[20.280128,42.829831],[20.280093,42.829971],[20.280598,42.830373],[20.281126,42.830682],[20.281377,42.830382],[20.281635,42.830432],[20.282364,42.829956],[20.282732,42.829851],[20.282923,42.829489],[20.283349,42.828808],[20.283827,42.828403],[20.284173,42.827954],[20.284601,42.82756],[20.285118,42.827195],[20.285246,42.826928],[20.285412,42.826173],[20.285867,42.826028],[20.287331,42.826138],[20.288218,42.825997],[20.288837,42.825677],[20.290311,42.82553],[20.292389,42.825279],[20.29285,42.825358],[20.293872,42.825519],[20.293765,42.826746],[20.293779,42.82789],[20.294449,42.829209],[20.295609,42.831481],[20.296103,42.831961],[20.296842,42.832667],[20.297008,42.833228],[20.297174,42.83379],[20.297462,42.834421],[20.298016,42.835075],[20.298006,42.836205],[20.300714,42.836265],[20.301677,42.836329],[20.30298,42.836277],[20.304034,42.836053],[20.304795,42.835891],[20.30545,42.835661],[20.306286,42.835583],[20.306963,42.835716],[20.307697,42.835739],[20.308373,42.835819],[20.308811,42.835977],[20.309252,42.835597],[20.309761,42.835513],[20.310517,42.835733],[20.310782,42.836003],[20.311457,42.836101],[20.312468,42.836013],[20.315557,42.836044],[20.316243,42.834303],[20.316295,42.833963],[20.316301,42.833392],[20.316239,42.831822],[20.31632,42.831089],[20.31664,42.829134],[20.317408,42.82865],[20.319636,42.828116],[20.320087,42.826205],[20.327819,42.833377],[20.328658,42.833565],[20.329959,42.833438],[20.331504,42.833723],[20.332904,42.834691],[20.334001,42.835124],[20.335091,42.835864],[20.337232,42.835807],[20.3388,42.835994],[20.339956,42.836185],[20.341095,42.835332],[20.34156,42.834271],[20.343548,42.833135],[20.3467,42.833021],[20.348032,42.832781],[20.348941,42.83266],[20.349373,42.832619],[20.350696,42.83291],[20.352928,42.83338],[20.353499,42.83284],[20.354372,42.832619],[20.356003,42.832247],[20.357209,42.832491],[20.358427,42.833039],[20.359642,42.833198],[20.360765,42.833287],[20.361561,42.833002],[20.361683,42.832973],[20.362503,42.832691],[20.363209,42.832503],[20.363646,42.83228],[20.363982,42.832535],[20.364696,42.833068],[20.365394,42.833579],[20.366899,42.834588],[20.367359,42.834891],[20.368737,42.835617],[20.372557,42.837652],[20.373994,42.838416],[20.375497,42.839215],[20.376414,42.839822],[20.376591,42.839943],[20.377551,42.840708],[20.378714,42.841226],[20.38011,42.841778],[20.381462,42.842057],[20.381826,42.842132],[20.382827,42.842455],[20.383752,42.842755],[20.384573,42.842917],[20.386283,42.842817],[20.38743,42.842554],[20.388312,42.842339],[20.38977,42.842436],[20.39061,42.843221],[20.390677,42.84329],[20.391576,42.843653],[20.392428,42.844003],[20.393053,42.844252],[20.393496,42.844492],[20.394293,42.844654],[20.395057,42.84481],[20.395491,42.844841],[20.396551,42.844924],[20.397175,42.844971],[20.397938,42.845147],[20.398729,42.845313],[20.399625,42.845505],[20.400307,42.845654],[20.400809,42.845765],[20.401086,42.845984],[20.401372,42.84622],[20.401806,42.846277],[20.402446,42.846357],[20.403475,42.84649],[20.404422,42.846613],[20.404982,42.846681],[20.405691,42.846777],[20.40666,42.846899],[20.407392,42.846999],[20.40801,42.847076],[20.408433,42.847131],[20.408654,42.847162],[20.409206,42.847122],[20.409843,42.847079],[20.410488,42.847038],[20.411335,42.846981],[20.411887,42.846782],[20.412371,42.846598],[20.4131,42.846333],[20.413967,42.846012],[20.41481,42.845707],[20.415844,42.845325],[20.416566,42.845062],[20.417227,42.844822],[20.417632,42.844673],[20.418201,42.844466],[20.418559,42.844156],[20.419112,42.843682],[20.419424,42.843414],[20.419447,42.843367],[20.419613,42.843019],[20.419866,42.842447],[20.420118,42.841912],[20.420565,42.841597],[20.421364,42.841031],[20.422266,42.840639],[20.423096,42.84027],[20.423996,42.839826],[20.42501,42.83933],[20.425196,42.839205],[20.425465,42.839009],[20.425993,42.838626],[20.426756,42.838083],[20.427096,42.837591],[20.427436,42.837107],[20.427621,42.836835],[20.428038,42.836132],[20.428726,42.835548],[20.428739,42.835261],[20.429095,42.835198],[20.430207,42.834995],[20.432921,42.834349],[20.43374,42.834155],[20.43418,42.834053],[20.434768,42.833929],[20.435771,42.833714],[20.436747,42.833503],[20.437232,42.8334],[20.437949,42.833245],[20.438182,42.833186],[20.441295,42.83387],[20.461932,42.851706],[20.462615,42.852287],[20.463575,42.853094],[20.465339,42.853913],[20.469637,42.855883],[20.471503,42.856738],[20.472319,42.857122],[20.472964,42.857431],[20.473266,42.857562],[20.475438,42.858566],[20.477121,42.859335],[20.477626,42.859789],[20.478991,42.861013],[20.479862,42.861791],[20.480865,42.862669],[20.481463,42.863205],[20.483415,42.864937],[20.483571,42.86516],[20.484604,42.866607],[20.485828,42.867599],[20.487536,42.86796],[20.489787,42.868428],[20.490289,42.868541],[20.490525,42.868583],[20.493229,42.869151],[20.494279,42.869192],[20.496582,42.869292],[20.498924,42.870136],[20.499672,42.870343],[20.501121,42.870757],[20.502105,42.871037],[20.503131,42.871579],[20.50376,42.871905],[20.504569,42.872338],[20.505263,42.872701],[20.505864,42.873023],[20.507093,42.873664],[20.507261,42.873754],[20.507293,42.873771],[20.509296,42.874836],[20.512658,42.876206],[20.514709,42.877815],[20.515686,42.878513],[20.520763,42.879564],[20.522378,42.879579],[20.52425,42.879821],[20.526021,42.879769],[20.527422,42.880198],[20.530134,42.881228],[20.531523,42.881023],[20.532665,42.881033],[20.534103,42.881202],[20.535674,42.881827],[20.537757,42.882912],[20.53828,42.883175],[20.53846,42.883699],[20.53855,42.884062],[20.538541,42.88429],[20.538533,42.884417],[20.538531,42.88448],[20.538417,42.884899],[20.53858,42.885037],[20.538806,42.885222],[20.535677,42.885049],[20.535665,42.885089],[20.535368,42.88606],[20.535121,42.886871],[20.53488,42.887662],[20.534885,42.887701],[20.535293,42.889105],[20.533319,42.890178],[20.532475,42.889309],[20.531698,42.890206],[20.532453,42.890753],[20.531529,42.890837],[20.530483,42.890936],[20.529009,42.891081],[20.528301,42.891149],[20.527896,42.891186],[20.52698,42.891273],[20.526021,42.891618],[20.525283,42.891875],[20.525236,42.891894],[20.524836,42.89203],[20.524371,42.892199],[20.523534,42.892501],[20.523173,42.892621],[20.522214,42.892954],[20.521181,42.893313],[20.520457,42.893575],[20.520497,42.894709],[20.5205,42.894913],[20.520528,42.895719],[20.520573,42.896951],[20.520587,42.897364],[20.520603,42.897843],[20.520586,42.897855],[20.520607,42.89817],[20.520102,42.898324],[20.519551,42.898492],[20.518461,42.898828],[20.518006,42.89897],[20.517632,42.899088],[20.516368,42.899485],[20.515803,42.899656],[20.515541,42.899741],[20.515248,42.899831],[20.514109,42.900468],[20.513936,42.900562],[20.513884,42.900595],[20.513016,42.901085],[20.512822,42.901194],[20.511284,42.902062],[20.509414,42.903116],[20.507846,42.90401],[20.506352,42.904852],[20.505507,42.905321],[20.505355,42.905666],[20.505108,42.906197],[20.504839,42.906795],[20.504715,42.907069],[20.504529,42.907475],[20.504286,42.908009],[20.503915,42.908834],[20.503632,42.909438],[20.503301,42.910171],[20.503168,42.910459],[20.503142,42.910514],[20.503121,42.910561],[20.502996,42.910837],[20.502894,42.911062],[20.502795,42.911276],[20.502806,42.911277],[20.502764,42.911364],[20.50262,42.91167],[20.502617,42.911666],[20.502616,42.911669],[20.502474,42.911979],[20.502284,42.912399],[20.50216,42.912682],[20.502095,42.912827],[20.501839,42.913387],[20.501449,42.914218],[20.501066,42.915074],[20.500776,42.915709],[20.500702,42.915877],[20.500398,42.91654],[20.500136,42.917113],[20.500033,42.91734],[20.499869,42.917706],[20.499636,42.917961],[20.499373,42.918264],[20.498927,42.918772],[20.498602,42.919141],[20.498557,42.919188],[20.498555,42.919211],[20.498262,42.919546],[20.497828,42.920028],[20.497604,42.920202],[20.497503,42.920282],[20.497257,42.92048],[20.496681,42.920948],[20.496287,42.921273],[20.495867,42.921604],[20.495266,42.922097],[20.495073,42.922263],[20.494784,42.922499],[20.494423,42.922798],[20.493978,42.923158],[20.493054,42.923918],[20.492793,42.924124],[20.492639,42.924252],[20.492483,42.924377],[20.492364,42.92447],[20.492175,42.924621],[20.492071,42.924707],[20.491976,42.924782],[20.491604,42.925081],[20.491446,42.925211],[20.491384,42.925262],[20.491114,42.925486],[20.490983,42.925583],[20.490335,42.926063],[20.489833,42.92643],[20.489335,42.926802],[20.488925,42.927095],[20.488774,42.927214],[20.488113,42.927691],[20.48787,42.92788],[20.487815,42.92792],[20.48769,42.928013],[20.487167,42.928406],[20.486268,42.929064],[20.486273,42.929365],[20.486281,42.929823],[20.48629,42.930379],[20.486301,42.931008],[20.486308,42.931639],[20.486322,42.932072],[20.486369,42.932186],[20.486393,42.932237],[20.486308,42.932346],[20.48628,42.932389],[20.486252,42.93246],[20.486237,42.93253],[20.486233,42.932572],[20.486234,42.932761],[20.486203,42.932841],[20.486152,42.932886],[20.486106,42.932906],[20.486061,42.932922],[20.486018,42.932922],[20.485967,42.932938],[20.485904,42.93298],[20.485809,42.933033],[20.485747,42.93306],[20.485687,42.93307],[20.485516,42.93308],[20.485384,42.933073],[20.485294,42.933089],[20.485237,42.93312],[20.485215,42.933184],[20.485187,42.93336],[20.485136,42.933461],[20.485109,42.9335],[20.485073,42.933528],[20.485021,42.933551],[20.484656,42.93371],[20.48457,42.933797],[20.48483,42.933818],[20.485046,42.933839],[20.485262,42.933914],[20.485351,42.933916],[20.48541,42.933922],[20.485463,42.933933],[20.485824,42.93411],[20.485847,42.934122],[20.485901,42.934179],[20.48593,42.934226],[20.486015,42.934276],[20.486457,42.934495],[20.486608,42.934546],[20.486702,42.934576],[20.486742,42.9346],[20.486822,42.934638],[20.486884,42.934668],[20.486924,42.934681],[20.487241,42.934778],[20.487354,42.934833],[20.487383,42.934854],[20.487582,42.935011],[20.48767,42.935059],[20.48773,42.935085],[20.487821,42.935123],[20.487966,42.93518],[20.488023,42.935217],[20.4881,42.935272],[20.488197,42.935329],[20.488259,42.935367],[20.488311,42.935386],[20.488368,42.935401],[20.48861,42.935484],[20.488696,42.93551],[20.488759,42.935544],[20.488853,42.935592],[20.488936,42.93562],[20.48903,42.935655],[20.489107,42.935711],[20.489138,42.935734],[20.489208,42.935865],[20.489213,42.935886],[20.489213,42.935981],[20.4893,42.936204],[20.489316,42.936324],[20.489363,42.936463],[20.489375,42.936502],[20.489363,42.936555],[20.48934,42.936835],[20.48947,42.937056],[20.489532,42.937184],[20.48956,42.937258],[20.489625,42.937361],[20.489668,42.937416],[20.489968,42.937779],[20.490121,42.937972],[20.490132,42.937995],[20.49014,42.938044],[20.490143,42.93808],[20.490174,42.938128],[20.490256,42.938226],[20.490473,42.938471],[20.490578,42.938564],[20.490625,42.938615],[20.490892,42.938846],[20.490973,42.938906],[20.491131,42.939014],[20.491323,42.93912],[20.491387,42.939146],[20.491438,42.939161],[20.491505,42.93917],[20.491569,42.939177],[20.491621,42.939177],[20.491669,42.939172],[20.491747,42.939165],[20.491872,42.93931],[20.492351,42.939829],[20.492363,42.939841],[20.492897,42.94042],[20.493263,42.941246],[20.493535,42.941859],[20.493548,42.94189],[20.493596,42.942003],[20.493638,42.942095],[20.493857,42.942594],[20.493881,42.942635],[20.493935,42.942766],[20.493971,42.942986],[20.494042,42.943272],[20.494192,42.943504],[20.494434,42.943709],[20.495022,42.944199],[20.495498,42.944592],[20.495713,42.944774],[20.495942,42.945364],[20.496024,42.945557],[20.496226,42.946135],[20.496301,42.946387],[20.496288,42.94656],[20.496239,42.946681],[20.496197,42.946715],[20.496239,42.947255],[20.496211,42.94762],[20.496193,42.947914],[20.496026,42.948608],[20.496,42.948774],[20.495938,42.949042],[20.495933,42.949459],[20.496089,42.949933],[20.496094,42.950576],[20.496127,42.950825],[20.496222,42.951142],[20.496093,42.951731],[20.496099,42.95192],[20.496174,42.952265],[20.496181,42.952335],[20.496243,42.952403],[20.496437,42.952672],[20.49669,42.952916],[20.49714,42.953151],[20.497419,42.953306],[20.497668,42.953476],[20.497833,42.953608],[20.497977,42.953755],[20.498077,42.95388],[20.498144,42.95407],[20.498154,42.95429],[20.49824,42.954542],[20.498318,42.954663],[20.498419,42.954797],[20.498702,42.955248],[20.498794,42.955371],[20.498883,42.95552],[20.498973,42.955593],[20.499058,42.955798],[20.499147,42.95604],[20.499219,42.9562],[20.499373,42.956503],[20.499605,42.9568],[20.499826,42.957018],[20.50025,42.957234],[20.500371,42.95728],[20.500628,42.957531],[20.50083,42.957727],[20.501145,42.957987],[20.501297,42.958116],[20.501403,42.958229],[20.501552,42.958375],[20.501608,42.958466],[20.501834,42.95873],[20.502313,42.959278],[20.502558,42.959432],[20.503168,42.959807],[20.503603,42.960153],[20.503878,42.960462],[20.503991,42.960629],[20.50411,42.960745],[20.504443,42.960909],[20.504725,42.961099],[20.504945,42.961425],[20.505167,42.961621],[20.505248,42.961707],[20.50529,42.961802],[20.505589,42.962014],[20.505729,42.962173],[20.505858,42.962312],[20.506033,42.962428],[20.506211,42.962593],[20.506293,42.962684],[20.50639,42.962733],[20.506503,42.96281],[20.507205,42.963197],[20.507332,42.963465],[20.507442,42.963643],[20.507461,42.963705],[20.507556,42.963728],[20.507918,42.963887],[20.508139,42.964003],[20.508615,42.9642],[20.508844,42.964187],[20.50898,42.964187],[20.509096,42.964244],[20.509265,42.964261],[20.509534,42.96428],[20.509868,42.964293],[20.510091,42.964267],[20.510233,42.964275],[20.51031,42.964268],[20.510576,42.964305],[20.510886,42.964363],[20.511188,42.964443],[20.511265,42.964511],[20.511685,42.964676],[20.511946,42.964758],[20.512028,42.964806],[20.512108,42.964867],[20.51214,42.964947],[20.512292,42.965018],[20.512614,42.965139],[20.51293,42.965249],[20.513099,42.965291],[20.513244,42.965344],[20.51327,42.965363],[20.513673,42.965588],[20.513752,42.965837],[20.513773,42.96593],[20.513807,42.966103],[20.51377,42.96632],[20.513772,42.966504],[20.513849,42.966739],[20.513859,42.966838],[20.513961,42.967008],[20.514065,42.967146],[20.514169,42.967284],[20.514308,42.96758],[20.514251,42.968004],[20.514251,42.968008],[20.514244,42.968043],[20.514375,42.968382],[20.514425,42.968454],[20.514752,42.968607],[20.514877,42.968669],[20.51504,42.968824],[20.515269,42.969031],[20.515237,42.969164],[20.515183,42.969267],[20.51505,42.969498],[20.514977,42.969651],[20.514831,42.969777],[20.514813,42.96983],[20.514639,42.970243],[20.514547,42.970571],[20.514591,42.970636],[20.514659,42.97077],[20.514895,42.970589],[20.515098,42.970486],[20.515293,42.970431],[20.51565,42.970363],[20.516289,42.970238],[20.516687,42.970171],[20.516937,42.970141],[20.5172,42.97016],[20.517545,42.97023],[20.517753,42.97029],[20.518247,42.970516],[20.520321,42.971412],[20.520836,42.971562],[20.521121,42.971653],[20.52147,42.971778],[20.521764,42.971888],[20.52228,42.972135],[20.523338,42.972672],[20.52406,42.973157],[20.524596,42.973347],[20.525122,42.973516],[20.525591,42.973623],[20.5257,42.973636],[20.526277,42.973718],[20.526811,42.973822],[20.528148,42.974009],[20.529048,42.974498],[20.529555,42.975124],[20.529915,42.975312],[20.53058,42.975067],[20.531,42.974741],[20.53132,42.974436],[20.531593,42.974333],[20.532409,42.974219],[20.53286,42.974301],[20.532997,42.974354],[20.533258,42.974454],[20.533954,42.974802],[20.534557,42.974931],[20.535529,42.974849],[20.536111,42.974586],[20.536533,42.974165],[20.536813,42.973551],[20.536858,42.973134],[20.536822,42.972854],[20.536782,42.972343],[20.536636,42.971602],[20.536745,42.971],[20.537208,42.970455],[20.537474,42.97029],[20.538387,42.969597],[20.538755,42.969138],[20.539385,42.968519],[20.539386,42.967666],[20.539386,42.967562],[20.539143,42.966866],[20.539209,42.965641],[20.539125,42.965446],[20.539286,42.96495],[20.539642,42.9646],[20.53988,42.964174],[20.540522,42.963455],[20.541128,42.963163],[20.542443,42.962557],[20.54345,42.962324],[20.544173,42.962189],[20.544739,42.961989],[20.546566,42.961239],[20.546717,42.961418],[20.54673,42.961592],[20.546761,42.961693],[20.546794,42.961731],[20.546812,42.961793],[20.546815,42.961873],[20.546877,42.961962],[20.546935,42.962054],[20.547138,42.962245],[20.547228,42.962382],[20.547435,42.962546],[20.547543,42.962662],[20.547572,42.962695],[20.547756,42.962829],[20.547816,42.962906],[20.547947,42.962987],[20.548071,42.963067],[20.548167,42.963147],[20.548263,42.963227],[20.54836,42.96331],[20.548408,42.963416],[20.548486,42.963466],[20.548551,42.963523],[20.548611,42.963547],[20.54867,42.963566],[20.548812,42.963798],[20.548955,42.96403],[20.549052,42.964078],[20.549157,42.964137],[20.549208,42.964214],[20.549265,42.96429],[20.54934,42.964393],[20.549342,42.964514],[20.549335,42.964621],[20.549362,42.964715],[20.549599,42.964957],[20.549742,42.965153],[20.549808,42.965262],[20.549884,42.965374],[20.549961,42.965485],[20.549987,42.965525],[20.550018,42.965591],[20.550055,42.965652],[20.550166,42.965742],[20.550251,42.965812],[20.550359,42.965877],[20.550452,42.965932],[20.550511,42.966064],[20.550516,42.966075],[20.550674,42.966258],[20.550832,42.966441],[20.55087,42.966454],[20.550946,42.966596],[20.551021,42.966737],[20.551062,42.966818],[20.55116,42.96748],[20.551519,42.968119],[20.552539,42.969041],[20.552625,42.969188],[20.552723,42.96904],[20.552925,42.968891],[20.553189,42.968813],[20.553319,42.968774],[20.553465,42.968753],[20.553751,42.968739],[20.554061,42.968728],[20.55435,42.96869],[20.554461,42.968761],[20.554456,42.96905],[20.554382,42.969284],[20.554316,42.969461],[20.554277,42.969689],[20.554294,42.969817],[20.554296,42.97001],[20.554246,42.970262],[20.554211,42.970497],[20.554219,42.970687],[20.554108,42.971708],[20.553484,42.972897],[20.553286,42.973081],[20.552506,42.973748],[20.552056,42.975097],[20.551973,42.975392],[20.551901,42.975649],[20.552113,42.975814],[20.552267,42.975904],[20.552566,42.976132],[20.552899,42.976375],[20.553264,42.976575],[20.553365,42.976645],[20.553514,42.976734],[20.553643,42.976918],[20.553645,42.976919],[20.553645,42.976922],[20.55365,42.976991],[20.553606,42.977069],[20.553967,42.977299],[20.554029,42.977391],[20.554061,42.977656],[20.554139,42.97773],[20.554602,42.978064],[20.554744,42.978255],[20.554935,42.978472],[20.554995,42.978667],[20.554883,42.978832],[20.55513,42.978927],[20.555206,42.979014],[20.555339,42.97917],[20.555559,42.979101],[20.555692,42.979138],[20.556024,42.97944],[20.556292,42.979665],[20.556303,42.979708],[20.556426,42.979797],[20.556484,42.979829],[20.556614,42.980009],[20.556698,42.980138],[20.55676,42.980266],[20.556723,42.980503],[20.556746,42.980673],[20.55697,42.981158],[20.557186,42.981276],[20.557436,42.981395],[20.557671,42.981427],[20.558001,42.981383],[20.558114,42.98125],[20.558293,42.981075],[20.558627,42.98105],[20.558884,42.981054],[20.559381,42.981125],[20.559727,42.98116],[20.560247,42.981105],[20.560494,42.981082],[20.56087,42.981109],[20.561083,42.981201],[20.56125,42.981498],[20.56135,42.981719],[20.561613,42.982031],[20.561927,42.982258],[20.562213,42.982409],[20.562403,42.982484],[20.562579,42.982499],[20.562875,42.982532],[20.563115,42.982546],[20.563514,42.98273],[20.563712,42.982893],[20.563778,42.983101],[20.563849,42.983362],[20.563942,42.983608],[20.564203,42.983808],[20.564377,42.983987],[20.5646,42.984253],[20.564843,42.984551],[20.56493,42.984713],[20.565007,42.985225],[20.56498,42.985352],[20.564574,42.986162],[20.564396,42.986513],[20.564387,42.986621],[20.564417,42.986697],[20.564444,42.986824],[20.564434,42.987272],[20.564646,42.987658],[20.564702,42.98777],[20.565035,42.987983],[20.565249,42.988054],[20.56536,42.988088],[20.565439,42.988234],[20.56544,42.988393],[20.565364,42.98863],[20.56526,42.98898],[20.565195,42.989039],[20.565101,42.989124],[20.564887,42.989376],[20.564872,42.989433],[20.564865,42.989498],[20.564981,42.989944],[20.564992,42.990131],[20.56514,42.990345],[20.565292,42.990529],[20.565368,42.990806],[20.565542,42.99104],[20.565748,42.991295],[20.565982,42.991555],[20.566074,42.991711],[20.566112,42.991886],[20.566213,42.991984],[20.566362,42.99206],[20.566614,42.992187],[20.566839,42.992324],[20.56695,42.992418],[20.567004,42.992557],[20.567016,42.992751],[20.567043,42.992981],[20.567026,42.99306],[20.566948,42.993162],[20.566957,42.993393],[20.567024,42.993544],[20.567145,42.993779],[20.56732,42.994093],[20.56737,42.994271],[20.567446,42.994544],[20.567499,42.994673],[20.567706,42.994919],[20.56782,42.995069],[20.567914,42.995225],[20.567941,42.995341],[20.567933,42.995645],[20.567826,42.99595],[20.5678,42.996167],[20.567785,42.996372],[20.567842,42.996495],[20.567981,42.996546],[20.568216,42.996631],[20.568343,42.99674],[20.568435,42.996844],[20.568627,42.996904],[20.568819,42.996947],[20.569137,42.996948],[20.569237,42.996953],[20.569431,42.997045],[20.569371,42.997221],[20.569235,42.997485],[20.569182,42.997657],[20.569267,42.997859],[20.569476,42.99806],[20.569663,42.998268],[20.569764,42.998363],[20.569911,42.998421],[20.570257,42.998531],[20.570374,42.998564],[20.570612,42.998668],[20.570876,42.998819],[20.571066,42.998973],[20.571166,42.999139],[20.571179,42.999168],[20.5712,42.999193],[20.571283,42.999298],[20.571412,42.999415],[20.571635,42.999514],[20.571837,42.999588],[20.572434,42.99965],[20.572659,42.999675],[20.573952,42.99981],[20.576027,43.000026],[20.578195,43.000843],[20.578676,43.001022],[20.580648,43.001757],[20.581236,43.00197],[20.581285,43.002672],[20.581451,43.00516],[20.581487,43.005495],[20.581583,43.006182],[20.581639,43.006635],[20.581752,43.007449],[20.581844,43.008139],[20.581923,43.008719],[20.581682,43.009114],[20.581397,43.009567],[20.580877,43.010412],[20.580468,43.011064],[20.580286,43.01136],[20.579988,43.011844],[20.580122,43.011932],[20.580609,43.012249],[20.581082,43.012597],[20.581359,43.012793],[20.584721,43.013266],[20.585104,43.013336],[20.585425,43.013417],[20.585592,43.013478],[20.585849,43.013552],[20.585902,43.013568],[20.586578,43.013754],[20.586692,43.013808],[20.586705,43.013822],[20.58888,43.01427],[20.590451,43.014594],[20.590839,43.01703],[20.593172,43.016661],[20.593713,43.016577],[20.599754,43.015638],[20.603134,43.016144],[20.603434,43.016246],[20.60348,43.016261],[20.605735,43.017023],[20.605763,43.017032],[20.606594,43.017313],[20.6071,43.017296],[20.607667,43.017223],[20.608005,43.016944],[20.608173,43.016779],[20.60832,43.016581],[20.608427,43.016494],[20.609605,43.015623],[20.610782,43.015559],[20.611661,43.015604],[20.612054,43.01565],[20.612838,43.01552],[20.613261,43.01558],[20.613512,43.015445],[20.613598,43.015416],[20.613694,43.015498],[20.613794,43.015803],[20.613826,43.01597],[20.61381,43.016048],[20.614037,43.016037],[20.614238,43.016119],[20.614403,43.016255],[20.614541,43.016415],[20.614554,43.016477],[20.61456,43.016522],[20.614693,43.016608],[20.614722,43.016676],[20.614718,43.016759],[20.614762,43.016775],[20.614867,43.016822],[20.61541,43.017241],[20.615498,43.017253],[20.616699,43.017446],[20.617324,43.017525],[20.617599,43.017552],[20.617698,43.017557],[20.617798,43.017487],[20.61899,43.016852],[20.618841,43.016514],[20.618631,43.01603],[20.618587,43.015927],[20.618475,43.015676],[20.618465,43.015595],[20.618461,43.015237],[20.618451,43.014719],[20.618447,43.014354],[20.618487,43.014187],[20.618503,43.014018],[20.618517,43.013905],[20.618526,43.013638],[20.61855,43.013417],[20.618548,43.013302],[20.618485,43.013119],[20.618418,43.013012],[20.61837,43.012934],[20.618267,43.012801],[20.618189,43.012643],[20.618085,43.012466],[20.618053,43.012337],[20.61807,43.012033],[20.617749,43.011792],[20.617786,43.011094],[20.617898,43.010659],[20.617892,43.010603],[20.617893,43.010602],[20.617894,43.010602],[20.618137,43.010515],[20.618209,43.010534],[20.618229,43.010489],[20.618133,43.010413],[20.618037,43.010239],[20.61817,43.009861],[20.618047,43.009634],[20.617878,43.00955],[20.617507,43.009418],[20.617443,43.009224],[20.617321,43.009085],[20.617031,43.008862],[20.616894,43.008552],[20.616981,43.008359],[20.617533,43.007963],[20.617116,43.00782],[20.617169,43.007524],[20.617196,43.007502],[20.617248,43.00744],[20.617329,43.007274],[20.617229,43.007251],[20.617367,43.006999],[20.617057,43.006918],[20.616854,43.006702],[20.616913,43.006529],[20.617063,43.006422],[20.616116,43.0057],[20.615149,43.00472],[20.615541,43.004442],[20.616071,43.004078],[20.616711,43.00364],[20.617001,43.003437],[20.617341,43.00307],[20.618085,43.003353],[20.618919,43.002851],[20.619563,43.002464],[20.619579,43.002463],[20.619594,43.002473],[20.619673,43.002516],[20.619873,43.002626],[20.620557,43.002861],[20.622282,43.003475],[20.623607,43.003946],[20.623732,43.003991],[20.624124,43.004254],[20.62465,43.004595],[20.62503,43.004842],[20.625561,43.005174],[20.625804,43.005324],[20.626035,43.005499],[20.62639,43.005648],[20.626693,43.005839],[20.62687,43.005987],[20.627049,43.005928],[20.627263,43.006037],[20.627336,43.00619],[20.627209,43.006329],[20.627134,43.006476],[20.627153,43.006636],[20.627201,43.006742],[20.627212,43.006791],[20.627531,43.00708],[20.627537,43.007156],[20.627695,43.007425],[20.627769,43.007554],[20.62806,43.007948],[20.628117,43.008016],[20.628165,43.008145],[20.628149,43.008242],[20.628101,43.008304],[20.628056,43.008344],[20.628038,43.008405],[20.628065,43.008431],[20.628168,43.008438],[20.628352,43.008472],[20.628565,43.008502],[20.628693,43.008481],[20.628829,43.008487],[20.628957,43.008528],[20.629399,43.008742],[20.629673,43.00888],[20.629846,43.009117],[20.631666,43.008906],[20.633227,43.00867],[20.633318,43.008598],[20.633389,43.008571],[20.633459,43.00856],[20.633524,43.00857],[20.633585,43.008517],[20.633681,43.008411],[20.633774,43.008376],[20.633985,43.008442],[20.634163,43.008448],[20.6343,43.0085],[20.634464,43.00854],[20.634622,43.008485],[20.634705,43.008482],[20.634858,43.008441],[20.63486,43.00844],[20.634949,43.008402],[20.634951,43.008401],[20.635014,43.008359],[20.635016,43.008357],[20.635091,43.00828],[20.63513,43.008253],[20.635178,43.00823],[20.635265,43.008173],[20.635346,43.008079],[20.635404,43.008042],[20.635478,43.008013],[20.635605,43.007977],[20.635777,43.007954],[20.63597,43.007955],[20.636135,43.007951],[20.636452,43.007949],[20.63673,43.00796],[20.636847,43.007947],[20.636985,43.007862],[20.637057,43.00783],[20.637105,43.0078],[20.637191,43.007736],[20.63726,43.00769],[20.63738,43.007632],[20.637498,43.007537],[20.637528,43.007493],[20.637576,43.007462],[20.637671,43.007453],[20.637735,43.00746],[20.637802,43.007458],[20.637879,43.007447],[20.637985,43.007391],[20.638056,43.007286],[20.638122,43.007202],[20.638127,43.007199],[20.638221,43.007156],[20.638361,43.007137],[20.638454,43.007111],[20.63852,43.007066],[20.638579,43.007005],[20.63865,43.006936],[20.638681,43.006912],[20.638843,43.006845],[20.639077,43.006804],[20.639504,43.006771],[20.639678,43.006796],[20.640111,43.006798],[20.640258,43.006836],[20.640513,43.006834],[20.640626,43.007064],[20.640667,43.007401],[20.640701,43.0076],[20.640763,43.007912],[20.640841,43.008173],[20.640954,43.008522],[20.64103,43.009161],[20.640845,43.009903],[20.641045,43.010177],[20.641123,43.010248],[20.641129,43.010342],[20.641048,43.010451],[20.640984,43.010544],[20.640474,43.011091],[20.639931,43.011628],[20.639001,43.012148],[20.638697,43.012227],[20.638575,43.012363],[20.638274,43.012529],[20.63811,43.012689],[20.637997,43.013312],[20.63768,43.013645],[20.637278,43.014478],[20.637155,43.015319],[20.637174,43.015436],[20.637113,43.015668],[20.637084,43.015867],[20.637003,43.016066],[20.637003,43.016091],[20.636891,43.016193],[20.636912,43.016252],[20.636868,43.016376],[20.637132,43.016429],[20.63713,43.016462],[20.637698,43.016525],[20.637906,43.016677],[20.638093,43.01681],[20.638104,43.017002],[20.638656,43.017083],[20.638832,43.017185],[20.638833,43.017186],[20.639236,43.017588],[20.639689,43.01797],[20.639795,43.018044],[20.640123,43.018292],[20.640175,43.018342],[20.640301,43.018514],[20.640338,43.018586],[20.640336,43.018871],[20.64039,43.019028],[20.640545,43.01919],[20.640661,43.019439],[20.640793,43.019615],[20.640806,43.019653],[20.640873,43.019824],[20.640872,43.019856],[20.640885,43.019895],[20.640876,43.020062],[20.640865,43.020151],[20.640862,43.020375],[20.64086,43.020484],[20.640875,43.020583],[20.640889,43.020683],[20.640906,43.020773],[20.640894,43.020927],[20.640866,43.021078],[20.640862,43.021181],[20.640836,43.02137],[20.640837,43.021518],[20.640813,43.021554],[20.640804,43.021585],[20.640844,43.021644],[20.640845,43.02177],[20.640873,43.021902],[20.640892,43.021978],[20.640933,43.022078],[20.640928,43.022098],[20.640895,43.022163],[20.640903,43.022214],[20.640949,43.022282],[20.641007,43.022362],[20.641116,43.022469],[20.641193,43.022562],[20.641307,43.022641],[20.64143,43.022703],[20.641511,43.022725],[20.641626,43.022732],[20.641678,43.02274],[20.64177,43.022753],[20.6421,43.022801],[20.642128,43.022809],[20.642361,43.022823],[20.6424,43.022833],[20.642507,43.022908],[20.642619,43.022998],[20.642711,43.023076],[20.642768,43.0231],[20.64282,43.0231],[20.64286,43.02309],[20.64298,43.023082],[20.643055,43.023088],[20.643214,43.023111],[20.643286,43.023124],[20.643468,43.023172],[20.643526,43.023179],[20.643617,43.023195],[20.643791,43.023196],[20.643856,43.023207],[20.643969,43.023215],[20.644039,43.023227],[20.644126,43.023254],[20.644182,43.023265],[20.644369,43.023309],[20.64455,43.023377],[20.644702,43.023465],[20.644804,43.023581],[20.644879,43.023681],[20.644942,43.023739],[20.644993,43.023767],[20.645061,43.023787],[20.645259,43.023789],[20.645416,43.023753],[20.645494,43.023731],[20.645576,43.023701],[20.645654,43.02367],[20.645749,43.023632],[20.645795,43.023598],[20.64585,43.023564],[20.645907,43.023538],[20.646008,43.023483],[20.646074,43.023432],[20.646138,43.023404],[20.64627,43.023388],[20.646342,43.023355],[20.646527,43.02336],[20.646591,43.023367],[20.646632,43.023379],[20.64687,43.023449],[20.646976,43.023448],[20.647008,43.023457],[20.647087,43.023469],[20.647184,43.023455],[20.647249,43.023423],[20.647329,43.023405],[20.64756,43.023379],[20.647733,43.023371],[20.647884,43.023409],[20.648029,43.023425],[20.648121,43.02342],[20.648171,43.023408],[20.648223,43.023376],[20.64826,43.0233],[20.648294,43.023248],[20.64833,43.023231],[20.648352,43.023205],[20.648361,43.023168],[20.648377,43.023146],[20.648423,43.023105],[20.648464,43.023083],[20.648477,43.023006],[20.648491,43.022928],[20.648563,43.022833],[20.648665,43.022766],[20.648791,43.02268],[20.648878,43.02257],[20.648886,43.022543],[20.648902,43.022487],[20.648943,43.022453],[20.648975,43.022435],[20.649022,43.022426],[20.649169,43.022457],[20.649341,43.022481],[20.649568,43.022484],[20.64976,43.02251],[20.649968,43.022485],[20.650053,43.02248],[20.650175,43.022449],[20.650229,43.022422],[20.650407,43.022377],[20.650502,43.022339],[20.650605,43.022284],[20.650733,43.022212],[20.65079,43.022157],[20.650862,43.022135],[20.650947,43.022107],[20.650998,43.022101],[20.651,43.022101],[20.651128,43.025852],[20.651012,43.026275],[20.65085,43.026516],[20.650801,43.027109],[20.650783,43.027181],[20.65059,43.027729],[20.650461,43.028152],[20.65044,43.028344],[20.650483,43.02871],[20.650477,43.028882],[20.650485,43.028937],[20.650542,43.029005],[20.650662,43.029091],[20.650743,43.029167],[20.65089,43.029341],[20.650966,43.029452],[20.650977,43.029481],[20.650981,43.029531],[20.65101,43.029572],[20.651036,43.029603],[20.651061,43.029673],[20.6511,43.029742],[20.651132,43.029779],[20.651246,43.02988],[20.651361,43.02997],[20.651426,43.030012],[20.651503,43.030055],[20.651581,43.03008],[20.651672,43.030117],[20.65175,43.030161],[20.651807,43.030206],[20.651839,43.030244],[20.65187,43.030292],[20.651961,43.030453],[20.652039,43.030597],[20.652095,43.030735],[20.652135,43.030796],[20.65218,43.030865],[20.652207,43.030954],[20.652217,43.03103],[20.652261,43.031147],[20.652256,43.031232],[20.652262,43.031264],[20.652298,43.031323],[20.652317,43.031376],[20.652315,43.031428],[20.652306,43.03146],[20.652261,43.031541],[20.652239,43.031588],[20.652239,43.031645],[20.65222,43.031686],[20.652219,43.031745],[20.652247,43.031798],[20.652257,43.031835],[20.652257,43.031885],[20.652191,43.032233],[20.652171,43.032381],[20.652166,43.032466],[20.652138,43.032542],[20.652127,43.032601],[20.652058,43.032767],[20.652032,43.0329],[20.652023,43.03305],[20.652046,43.03314],[20.652039,43.033232],[20.652081,43.033327],[20.652113,43.033389],[20.652144,43.033469],[20.652188,43.033511],[20.652284,43.033574],[20.652387,43.033622],[20.652474,43.033644],[20.652555,43.033655],[20.652647,43.033673],[20.652822,43.033723],[20.652889,43.03375],[20.652968,43.033794],[20.653179,43.03395],[20.653348,43.034092],[20.65339,43.034136],[20.653475,43.034202],[20.653566,43.034261],[20.653716,43.034338],[20.65393,43.034423],[20.654011,43.034456],[20.654146,43.034489],[20.654246,43.034502],[20.654405,43.034551],[20.654587,43.034632],[20.654789,43.034727],[20.654858,43.034774],[20.654943,43.03484],[20.654979,43.034851],[20.655032,43.034858],[20.655174,43.034862],[20.655276,43.034858],[20.655463,43.034825],[20.655512,43.034822],[20.655599,43.034823],[20.655688,43.03483],[20.655803,43.034819],[20.655971,43.03477],[20.656377,43.034653],[20.656849,43.034618],[20.657422,43.034657],[20.657979,43.034578],[20.658622,43.034528],[20.659285,43.034547],[20.659682,43.034542],[20.659859,43.0346],[20.659924,43.034623],[20.660096,43.034682],[20.660345,43.034736],[20.660938,43.034625],[20.661149,43.03458],[20.661308,43.034549],[20.661518,43.034473],[20.661951,43.034425],[20.662448,43.034329],[20.662867,43.034327],[20.663159,43.034317],[20.663423,43.034206],[20.663796,43.034257],[20.664255,43.034481],[20.66491,43.034609],[20.665032,43.034745],[20.665552,43.034771],[20.665868,43.035007],[20.666173,43.035115],[20.666606,43.035341],[20.667242,43.035262],[20.667745,43.035025],[20.668248,43.035123],[20.668634,43.035273],[20.668908,43.035152],[20.669228,43.035127],[20.669327,43.035206],[20.669424,43.035281],[20.669475,43.035353],[20.668856,43.035641],[20.668939,43.035748],[20.669319,43.03624],[20.669529,43.036501],[20.670106,43.037223],[20.670604,43.037868],[20.670778,43.038083],[20.671051,43.038553],[20.671377,43.039088],[20.671322,43.039894],[20.671213,43.041266],[20.671128,43.042407],[20.671191,43.043474],[20.671217,43.043859],[20.67123,43.044286],[20.671135,43.044899],[20.671039,43.045455],[20.671014,43.045533],[20.670975,43.045696],[20.670948,43.045873],[20.67098,43.046177],[20.670309,43.047061],[20.670302,43.047267],[20.67038,43.047419],[20.670466,43.047462],[20.670469,43.047463],[20.670461,43.047469],[20.670362,43.047608],[20.670187,43.047842],[20.670111,43.047975],[20.669646,43.048236],[20.669333,43.04839],[20.669162,43.048471],[20.668683,43.048641],[20.667578,43.048929],[20.666538,43.049204],[20.665633,43.049166],[20.665528,43.049426],[20.665447,43.049639],[20.665563,43.049922],[20.665687,43.050044],[20.665871,43.049881],[20.666593,43.051014],[20.667578,43.053147],[20.670526,43.055573],[20.670402,43.058219],[20.670132,43.058357],[20.669744,43.058524],[20.669401,43.058764],[20.668858,43.059069],[20.669079,43.059244],[20.669113,43.059274],[20.66915,43.059335],[20.669179,43.05943],[20.669271,43.059754],[20.66928,43.059856],[20.669279,43.06],[20.669315,43.060147],[20.669334,43.060252],[20.669363,43.060343],[20.669493,43.060597],[20.669548,43.060715],[20.669566,43.060766],[20.669575,43.060832],[20.669591,43.06091],[20.669671,43.061199],[20.669729,43.061445],[20.669748,43.061633],[20.669755,43.061856],[20.669745,43.061883],[20.669685,43.06196],[20.669534,43.062205],[20.669188,43.062566],[20.66908,43.062915],[20.669019,43.06322],[20.668958,43.063526],[20.669072,43.063957],[20.669135,43.064387],[20.669116,43.064559],[20.669094,43.064732],[20.669098,43.065275],[20.668855,43.065681],[20.668667,43.06599],[20.668506,43.06651],[20.66816,43.066607],[20.667672,43.066712],[20.667151,43.066344],[20.666713,43.066037],[20.66631,43.065753],[20.666136,43.065626],[20.665096,43.066019],[20.664338,43.066302],[20.663592,43.066573],[20.663533,43.066593],[20.661965,43.066754],[20.661898,43.066755],[20.661896,43.066756],[20.661876,43.066776],[20.661794,43.066863],[20.661753,43.066933],[20.661214,43.067661],[20.660428,43.068333],[20.660064,43.068498],[20.659705,43.068656],[20.659285,43.068849],[20.658659,43.069115],[20.658361,43.069384],[20.658145,43.069507],[20.657977,43.069677],[20.657699,43.069965],[20.657836,43.070521],[20.657723,43.070632],[20.657183,43.071169],[20.656965,43.071772],[20.656817,43.072165],[20.656825,43.072274],[20.656685,43.072529],[20.656596,43.072676],[20.656457,43.073127],[20.656304,43.07355],[20.656239,43.073698],[20.656721,43.073876],[20.65679,43.073917],[20.657033,43.074019],[20.657278,43.074164],[20.657372,43.074219],[20.657405,43.07424],[20.657617,43.074342],[20.657685,43.074405],[20.657806,43.074522],[20.657898,43.074741],[20.65794,43.074824],[20.658056,43.074961],[20.658128,43.075047],[20.658368,43.075336],[20.658521,43.07564],[20.658664,43.076029],[20.658829,43.0763],[20.659045,43.076537],[20.659897,43.076697],[20.660155,43.076955],[20.660202,43.077001],[20.660358,43.077166],[20.661001,43.077584],[20.661215,43.077802],[20.661794,43.078175],[20.662148,43.078409],[20.66293,43.077682],[20.663651,43.077391],[20.663929,43.077358],[20.664393,43.077307],[20.664481,43.077296],[20.664864,43.077495],[20.665453,43.077812],[20.665664,43.077783],[20.666105,43.077612],[20.666533,43.077486],[20.666924,43.077404],[20.667002,43.0774],[20.667062,43.077397],[20.667145,43.077399],[20.667758,43.077393],[20.668341,43.077579],[20.668603,43.077613],[20.669039,43.077692],[20.669378,43.077772],[20.670048,43.077801],[20.670142,43.077836],[20.670441,43.07795],[20.670684,43.078006],[20.670929,43.078071],[20.670989,43.078088],[20.67106,43.07811],[20.671268,43.07823],[20.671389,43.078301],[20.671671,43.07837],[20.672446,43.078373],[20.67257,43.078377],[20.672575,43.078377],[20.672718,43.078379],[20.673148,43.078548],[20.673201,43.078595],[20.673455,43.078829],[20.673641,43.078848],[20.673897,43.078973],[20.674115,43.079049],[20.674427,43.079141],[20.67474,43.079306],[20.67483,43.079335],[20.67503,43.079385],[20.675173,43.079448],[20.67528,43.079492],[20.675691,43.07961],[20.676228,43.079755],[20.676553,43.079805],[20.67664,43.07982],[20.677179,43.07984],[20.677603,43.079858],[20.677999,43.079869],[20.678325,43.07982],[20.6784,43.079821],[20.678753,43.079827],[20.679083,43.079849],[20.679482,43.079989],[20.679569,43.080015],[20.679768,43.080105],[20.679838,43.08014],[20.680193,43.080321],[20.680494,43.080525],[20.680616,43.080611],[20.680994,43.080943],[20.6814,43.081192],[20.681425,43.081209],[20.681597,43.081284],[20.68171,43.081337],[20.682342,43.081454],[20.683145,43.081644],[20.683568,43.081748],[20.683866,43.081897],[20.684069,43.082108],[20.684352,43.082406],[20.684626,43.082784],[20.684662,43.082808],[20.684928,43.082975],[20.685446,43.083276],[20.686039,43.083552],[20.686779,43.083604],[20.687294,43.083663],[20.687696,43.083957],[20.687861,43.084235],[20.687902,43.084503],[20.688012,43.084706],[20.688167,43.084811],[20.688704,43.0851],[20.688749,43.085163],[20.688828,43.085275],[20.688996,43.085804],[20.689108,43.085996],[20.689233,43.08608],[20.689509,43.086451],[20.689692,43.086713],[20.689726,43.086868],[20.689712,43.08698],[20.689694,43.087174],[20.689675,43.087339],[20.689653,43.087501],[20.689649,43.08766],[20.689677,43.087737],[20.689789,43.087995],[20.689882,43.088219],[20.69001,43.088521],[20.690364,43.088876],[20.690773,43.089363],[20.690953,43.089495],[20.691671,43.090051],[20.69159,43.090284],[20.691582,43.090315],[20.691731,43.090785],[20.692073,43.090731],[20.692412,43.09072],[20.692473,43.09072],[20.692645,43.090712],[20.692611,43.090787],[20.69239,43.09166],[20.692262,43.092493],[20.69239,43.093357],[20.692856,43.093973],[20.693243,43.094669],[20.693243,43.094819],[20.692368,43.095899],[20.691865,43.096352],[20.691687,43.097464],[20.690586,43.098253],[20.690234,43.098982],[20.689667,43.099721],[20.689469,43.099822],[20.689212,43.099909],[20.688596,43.100199],[20.688248,43.100496],[20.687618,43.101765],[20.687582,43.102189],[20.687447,43.102473],[20.687357,43.10254],[20.687479,43.102628],[20.687535,43.102699],[20.687647,43.102919],[20.687738,43.10299],[20.687874,43.103055],[20.688404,43.103265],[20.688777,43.103451],[20.688926,43.103541],[20.689272,43.103731],[20.689284,43.103748],[20.689407,43.1038],[20.689361,43.103855],[20.689322,43.103843],[20.689328,43.103921],[20.689369,43.103966],[20.689481,43.10402],[20.689668,43.104075],[20.689877,43.104166],[20.689937,43.104225],[20.689969,43.104299],[20.689954,43.104496],[20.690009,43.104614],[20.69008,43.104698],[20.690289,43.104777],[20.690464,43.104861],[20.690635,43.104955],[20.690773,43.104989],[20.69093,43.104985],[20.691068,43.104953],[20.691131,43.104938],[20.691241,43.104915],[20.691355,43.104927],[20.691483,43.104954],[20.691607,43.104958],[20.691687,43.104978],[20.691778,43.105038],[20.691875,43.105133],[20.691931,43.105213],[20.692011,43.105285],[20.692119,43.105332],[20.69223,43.105358],[20.692386,43.105361],[20.692563,43.105341],[20.692676,43.105346],[20.692796,43.105373],[20.692911,43.105419],[20.693033,43.105497],[20.693083,43.10555],[20.693126,43.105618],[20.693154,43.10569],[20.693149,43.105795],[20.693065,43.106009],[20.693061,43.106021],[20.693046,43.106044],[20.693027,43.106091],[20.693021,43.106198],[20.693034,43.10626],[20.693072,43.106346],[20.693084,43.106504],[20.693024,43.106663],[20.692905,43.106937],[20.692896,43.106999],[20.692918,43.107141],[20.692944,43.107277],[20.692949,43.10737],[20.692937,43.107477],[20.692911,43.107545],[20.692818,43.107675],[20.692715,43.107769],[20.69265,43.107825],[20.692619,43.107884],[20.692602,43.107979],[20.692591,43.108142],[20.692634,43.108275],[20.69272,43.108448],[20.692766,43.108602],[20.69278,43.108813],[20.692783,43.108965],[20.692761,43.109134],[20.692712,43.109285],[20.69264,43.109442],[20.692543,43.109591],[20.692491,43.109652],[20.692318,43.109856],[20.692254,43.109926],[20.69217,43.110002],[20.692049,43.110096],[20.691842,43.11021],[20.691787,43.110229],[20.691526,43.110338],[20.691337,43.110422],[20.691243,43.110477],[20.690971,43.110614],[20.690883,43.11067],[20.690819,43.110724],[20.690792,43.110769],[20.69074,43.110878],[20.690715,43.110934],[20.690676,43.110982],[20.690645,43.111018],[20.690616,43.111084],[20.690607,43.111146],[20.690605,43.111229],[20.690612,43.111327],[20.690629,43.111396],[20.690645,43.111482],[20.690643,43.111569],[20.690624,43.111642],[20.69059,43.111733],[20.690568,43.111764],[20.690534,43.111795],[20.690519,43.111808],[20.690106,43.112136],[20.690034,43.112222],[20.689996,43.112278],[20.68993,43.112321],[20.689857,43.11235],[20.68978,43.112387],[20.689604,43.112511],[20.689491,43.112533],[20.689426,43.112554],[20.689353,43.112611],[20.689315,43.112656],[20.689191,43.112974],[20.689183,43.113138],[20.689194,43.113177],[20.689217,43.113217],[20.689219,43.113221],[20.689217,43.113223],[20.689219,43.113254],[20.689212,43.11329],[20.689172,43.113358],[20.689095,43.113485],[20.689091,43.113516],[20.689106,43.113558],[20.689109,43.113592],[20.689071,43.113653],[20.689036,43.113719],[20.689011,43.113835],[20.689011,43.113916],[20.689023,43.11398],[20.689041,43.114032],[20.689075,43.114089],[20.689131,43.114142],[20.689236,43.114215],[20.689281,43.114252],[20.689293,43.114313],[20.689297,43.114406],[20.689299,43.114488],[20.689298,43.114566],[20.689291,43.114626],[20.689248,43.114747],[20.689145,43.114869],[20.68906,43.114932],[20.689043,43.114942],[20.689041,43.114947],[20.688952,43.114992],[20.688924,43.115007],[20.68885,43.115083],[20.688755,43.1152],[20.6887,43.115233],[20.688521,43.115347],[20.688507,43.115357],[20.688396,43.115425],[20.688309,43.115514],[20.688158,43.115634],[20.688104,43.115727],[20.688097,43.115801],[20.688119,43.115855],[20.688203,43.115956],[20.688229,43.116011],[20.688266,43.116066],[20.688263,43.116238],[20.688241,43.116337],[20.6881,43.116501],[20.687807,43.116769],[20.687622,43.116894],[20.687518,43.116977],[20.687293,43.117046],[20.687107,43.117109],[20.687035,43.117174],[20.686986,43.117241],[20.686946,43.117363],[20.686914,43.117522],[20.686861,43.117608],[20.686782,43.117694],[20.686742,43.117777],[20.686731,43.11783],[20.686706,43.117888],[20.686648,43.118009],[20.686628,43.118073],[20.686616,43.118214],[20.686584,43.118317],[20.686526,43.118447],[20.686483,43.118557],[20.686453,43.118718],[20.6864,43.118865],[20.686354,43.118998],[20.686345,43.119086],[20.686376,43.119174],[20.686393,43.119256],[20.686388,43.119357],[20.686354,43.119428],[20.686323,43.119512],[20.686329,43.119574],[20.686393,43.119727],[20.686414,43.11986],[20.686388,43.119908],[20.686356,43.120004],[20.686391,43.120107],[20.686435,43.120187],[20.686422,43.120283],[20.686319,43.120374],[20.686279,43.120484],[20.686235,43.120561],[20.686198,43.120668],[20.686186,43.120817],[20.686109,43.121013],[20.686067,43.121125],[20.686031,43.12136],[20.686017,43.121441],[20.685964,43.121512],[20.685904,43.121566],[20.685756,43.12168],[20.685697,43.121725],[20.68561,43.121802],[20.685549,43.121865],[20.685517,43.12192],[20.685508,43.121972],[20.685438,43.122076],[20.685392,43.122141],[20.68536,43.122215],[20.685364,43.122259],[20.685419,43.122364],[20.685442,43.122445],[20.685447,43.122494],[20.685426,43.12253],[20.685384,43.122571],[20.685282,43.122675],[20.685221,43.122737],[20.685159,43.122854],[20.685137,43.122929],[20.68512,43.122969],[20.685054,43.123036],[20.684967,43.123087],[20.684902,43.123132],[20.684879,43.123169],[20.684824,43.123209],[20.684746,43.123237],[20.68459,43.123257],[20.684498,43.123312],[20.684436,43.123357],[20.684333,43.123412],[20.684229,43.123468],[20.684155,43.123492],[20.684018,43.123547],[20.683814,43.123614],[20.68375,43.123635],[20.683695,43.123659],[20.683641,43.123683],[20.683575,43.123722],[20.683481,43.123774],[20.683387,43.123796],[20.683273,43.12378],[20.683158,43.12377],[20.683042,43.12376],[20.682962,43.123767],[20.682888,43.123791],[20.682798,43.12384],[20.682683,43.123932],[20.682562,43.124038],[20.68239,43.124126],[20.682307,43.124169],[20.682221,43.124219],[20.682168,43.124267],[20.682112,43.124343],[20.682013,43.124393],[20.681933,43.124424],[20.681853,43.124454],[20.681805,43.124498],[20.681761,43.124561],[20.681685,43.124613],[20.68159,43.124659],[20.681526,43.124687],[20.681471,43.124738],[20.681426,43.124789],[20.681328,43.124831],[20.681231,43.124873],[20.681178,43.124909],[20.681144,43.12495],[20.681122,43.125008],[20.681056,43.125058],[20.680966,43.125088],[20.680752,43.125098],[20.680666,43.12512],[20.680589,43.125164],[20.680544,43.125196],[20.680485,43.125217],[20.680388,43.125232],[20.680346,43.125264],[20.680284,43.125293],[20.680192,43.125314],[20.680144,43.125343],[20.680017,43.125441],[20.679937,43.125481],[20.679904,43.125491],[20.679848,43.125506],[20.679676,43.125524],[20.679584,43.125539],[20.679498,43.125597],[20.679423,43.125665],[20.67941,43.125674],[20.679342,43.12572],[20.679206,43.125781],[20.67911,43.125788],[20.678961,43.125768],[20.678887,43.125775],[20.678405,43.125879],[20.678082,43.125936],[20.678015,43.125952],[20.677911,43.125993],[20.677806,43.126035],[20.677629,43.126097],[20.677534,43.126183],[20.677417,43.126262],[20.677342,43.126272],[20.677274,43.126252],[20.677192,43.126188],[20.677049,43.126149],[20.676975,43.126155],[20.6769,43.126161],[20.676639,43.126304],[20.676557,43.126317],[20.676416,43.126301],[20.67629,43.126322],[20.676196,43.126364],[20.676102,43.126406],[20.675942,43.126405],[20.675854,43.12642],[20.675777,43.126405],[20.675646,43.126402],[20.675474,43.126418],[20.675303,43.126433],[20.67513,43.126437],[20.674939,43.126442],[20.674745,43.126448],[20.674563,43.126491],[20.674337,43.126601],[20.674144,43.126663],[20.674061,43.126712],[20.673969,43.126742],[20.673894,43.126746],[20.673655,43.126683],[20.673431,43.126708],[20.673396,43.126776],[20.673379,43.1269],[20.673284,43.127625],[20.673241,43.127941],[20.67323,43.128028],[20.673199,43.128284],[20.673193,43.12833],[20.673148,43.128631],[20.673167,43.128666],[20.673191,43.128711],[20.673216,43.128954],[20.673265,43.129336],[20.673267,43.129486],[20.673276,43.129945],[20.673276,43.130351],[20.673198,43.130665],[20.673097,43.13107],[20.673025,43.131176],[20.672935,43.131337],[20.672853,43.131407],[20.672781,43.131476],[20.672605,43.131552],[20.672288,43.131665],[20.672102,43.131768],[20.671892,43.131831],[20.671428,43.131998],[20.671064,43.132159],[20.670992,43.132239],[20.670814,43.132439],[20.670675,43.132571],[20.670557,43.132678],[20.670446,43.132752],[20.670141,43.132874],[20.670054,43.1329],[20.669815,43.132938],[20.66934,43.133105],[20.66929,43.133138],[20.668828,43.13337],[20.668301,43.13357],[20.667915,43.133704],[20.667252,43.133884],[20.667003,43.133966],[20.666806,43.13401],[20.666806,43.134054],[20.66659,43.134294],[20.666266,43.134641],[20.665862,43.135077],[20.665672,43.135279],[20.665546,43.13529],[20.665038,43.135382],[20.663926,43.135578],[20.663297,43.135682],[20.663066,43.13572],[20.662744,43.13585],[20.662266,43.136024],[20.661151,43.136542],[20.660095,43.136883],[20.658272,43.13766],[20.657634,43.137997],[20.657678,43.13845],[20.657686,43.13849],[20.65778,43.138951],[20.657769,43.139535],[20.657792,43.140118],[20.657818,43.140196],[20.658218,43.140347],[20.65861,43.14049],[20.658901,43.140647],[20.65899,43.140704],[20.659001,43.140752],[20.659147,43.141038],[20.659264,43.141182],[20.659352,43.141246],[20.659439,43.141285],[20.659525,43.141413],[20.659558,43.141501],[20.65966,43.141615],[20.660073,43.141932],[20.660268,43.142163],[20.660325,43.142289],[20.660365,43.142416],[20.660751,43.142925],[20.6609,43.143057],[20.661511,43.143571],[20.661633,43.143702],[20.661961,43.144062],[20.662043,43.144285],[20.662012,43.144451],[20.661913,43.144564],[20.661712,43.144636],[20.661472,43.144723],[20.661305,43.144899],[20.661178,43.144882],[20.661009,43.144848],[20.660884,43.144947],[20.660968,43.145107],[20.661019,43.145149],[20.661085,43.145191],[20.661038,43.145332],[20.660972,43.145452],[20.660511,43.145971],[20.660302,43.146275],[20.660015,43.146704],[20.659971,43.14686],[20.659991,43.147086],[20.660036,43.147306],[20.659975,43.147625],[20.659833,43.147938],[20.659709,43.14817],[20.659531,43.148401],[20.65918,43.14862],[20.658858,43.148802],[20.658727,43.148919],[20.658595,43.149065],[20.658571,43.149129],[20.658509,43.149258],[20.658478,43.149388],[20.658351,43.149545],[20.658147,43.149783],[20.657972,43.149911],[20.657835,43.149977],[20.657705,43.150012],[20.6576,43.150067],[20.657518,43.150131],[20.657494,43.150198],[20.657488,43.150269],[20.657553,43.15037],[20.657607,43.150437],[20.657681,43.150496],[20.657826,43.150595],[20.65789,43.150653],[20.657899,43.150768],[20.657947,43.150929],[20.658043,43.151419],[20.657957,43.151913],[20.65808,43.152269],[20.658108,43.152427],[20.658248,43.152489],[20.658522,43.152662],[20.658641,43.152918],[20.658596,43.152995],[20.658695,43.153052],[20.658732,43.153139],[20.658745,43.153224],[20.658764,43.153354],[20.658725,43.153471],[20.658659,43.153535],[20.658597,43.153675],[20.658579,43.153787],[20.658338,43.153991],[20.658194,43.15408],[20.658076,43.154078],[20.657693,43.154128],[20.657427,43.154152],[20.657139,43.15413],[20.656892,43.15411],[20.656609,43.154093],[20.65637,43.154089],[20.656165,43.154081],[20.656044,43.154084],[20.655734,43.154077],[20.655622,43.154098],[20.6555,43.154159],[20.65543,43.154193],[20.655273,43.15429],[20.655034,43.154374],[20.654861,43.154448],[20.654659,43.154494],[20.654477,43.154429],[20.65407,43.154789],[20.653951,43.154856],[20.653716,43.154971],[20.653592,43.155049],[20.653429,43.155191],[20.653337,43.155272],[20.653146,43.155348],[20.652965,43.155423],[20.652819,43.155496],[20.652593,43.155621],[20.652479,43.155669],[20.65231,43.155712],[20.652171,43.155775],[20.651951,43.155997],[20.651667,43.156411],[20.651861,43.156879],[20.652148,43.157753],[20.651725,43.157902],[20.649879,43.158549],[20.648545,43.159015],[20.646533,43.158468],[20.646419,43.158538],[20.646373,43.158571],[20.646303,43.158611],[20.646222,43.158677],[20.645911,43.159061],[20.645076,43.159824],[20.644204,43.160259],[20.643015,43.160969],[20.642353,43.161532],[20.640911,43.162282],[20.639845,43.16259],[20.637352,43.163044],[20.635237,43.163399],[20.635025,43.163456],[20.634396,43.163628],[20.634017,43.16372],[20.633504,43.163856],[20.63331,43.163907],[20.633143,43.16391],[20.631734,43.163944],[20.6316,43.16395],[20.631311,43.163969],[20.630937,43.163955],[20.630618,43.163938],[20.630029,43.163826],[20.629995,43.163821],[20.629352,43.16361],[20.629285,43.16357],[20.629251,43.163543],[20.629254,43.163632],[20.629242,43.16369],[20.629151,43.163773],[20.628987,43.16375],[20.628791,43.163728],[20.628546,43.163708],[20.628382,43.163846],[20.628255,43.163938],[20.628054,43.164077],[20.627792,43.164253],[20.627424,43.164472],[20.626937,43.164722],[20.626804,43.164856],[20.626741,43.16498],[20.626663,43.165142],[20.626562,43.16532],[20.62646,43.165338],[20.626192,43.165289],[20.625941,43.165245],[20.625324,43.165256],[20.625059,43.165299],[20.62493,43.165311],[20.624728,43.165397],[20.6247,43.165426],[20.624488,43.165625],[20.624297,43.165801],[20.624196,43.165873],[20.624135,43.16591],[20.624146,43.165975],[20.623163,43.167127],[20.622442,43.167627],[20.622115,43.167942],[20.62179,43.168064],[20.621368,43.168098],[20.620932,43.168255],[20.620183,43.168263],[20.620109,43.168306],[20.619468,43.168533],[20.6186,43.168685],[20.617687,43.169141],[20.617252,43.169328],[20.616649,43.169462],[20.61618,43.169535],[20.614963,43.169529],[20.614096,43.169532],[20.613483,43.169312],[20.613393,43.169266],[20.611985,43.169377],[20.611915,43.169384],[20.611703,43.169396],[20.611621,43.1694],[20.611364,43.169597],[20.61123,43.169726],[20.611246,43.169905],[20.611258,43.169993],[20.611315,43.170454],[20.611271,43.170551],[20.611214,43.170619],[20.610918,43.170839],[20.610677,43.171147],[20.610341,43.171654],[20.610241,43.172046],[20.610096,43.172479],[20.61008,43.172685],[20.610044,43.172809],[20.609954,43.173074],[20.609781,43.17335],[20.609613,43.173683],[20.60933,43.173875],[20.608965,43.174069],[20.608593,43.17424],[20.608187,43.174455],[20.607934,43.174777],[20.607921,43.174809],[20.607903,43.174873],[20.607813,43.175191],[20.607949,43.175264],[20.608167,43.175504],[20.608413,43.175772],[20.608495,43.17588],[20.60847,43.176201],[20.608575,43.176563],[20.608656,43.176833],[20.608631,43.177075],[20.608648,43.177181],[20.608853,43.177233],[20.609167,43.177202],[20.609489,43.177255],[20.60983,43.177389],[20.610006,43.177504],[20.610325,43.17762],[20.610385,43.177657],[20.61051,43.177665],[20.61078,43.177786],[20.611053,43.177879],[20.611316,43.177974],[20.61177,43.17824],[20.611846,43.178364],[20.612029,43.17865],[20.612141,43.178742],[20.612346,43.17881],[20.612515,43.178873],[20.612541,43.178888],[20.612763,43.179024],[20.613108,43.179337],[20.613408,43.179545],[20.613641,43.179678],[20.613823,43.179882],[20.613911,43.180166],[20.613988,43.180452],[20.613989,43.180454],[20.614031,43.180653],[20.614025,43.180774],[20.613972,43.180864],[20.613888,43.180922],[20.613796,43.180962],[20.613602,43.181079],[20.613365,43.181217],[20.613217,43.181288],[20.613163,43.181324],[20.613147,43.181349],[20.613127,43.18142],[20.613123,43.181454],[20.613135,43.181632],[20.613135,43.181765],[20.613136,43.181805],[20.613186,43.181932],[20.613354,43.182075],[20.613451,43.1822],[20.613544,43.18233],[20.613537,43.182442],[20.613469,43.182556],[20.61338,43.182658],[20.613337,43.182881],[20.61329,43.183357],[20.613272,43.183431],[20.613248,43.183503],[20.613205,43.183562],[20.613139,43.183617],[20.613105,43.183641],[20.612996,43.18368],[20.612823,43.183727],[20.61265,43.183768],[20.612466,43.183822],[20.612316,43.184019],[20.612192,43.184289],[20.612152,43.184365],[20.612099,43.184532],[20.61197,43.184827],[20.611919,43.184947],[20.611766,43.185057],[20.611603,43.185233],[20.611479,43.185411],[20.611375,43.185565],[20.611296,43.18573],[20.611298,43.185839],[20.611305,43.185924],[20.61137,43.186114],[20.611508,43.186241],[20.611668,43.186375],[20.611743,43.186559],[20.611824,43.186675],[20.611843,43.186845],[20.61178,43.186942],[20.611711,43.187048],[20.611672,43.187266],[20.61152,43.187611],[20.611479,43.187713],[20.611316,43.187863],[20.611213,43.188006],[20.611185,43.188153],[20.611162,43.18833],[20.611132,43.188463],[20.611059,43.18858],[20.610968,43.188666],[20.610912,43.18878],[20.61088,43.188886],[20.610841,43.189033],[20.610723,43.189163],[20.610607,43.189234],[20.610412,43.189361],[20.610321,43.189448],[20.610224,43.189539],[20.610162,43.189652],[20.610091,43.189766],[20.609977,43.189942],[20.60991,43.190076],[20.609904,43.19021],[20.609868,43.190363],[20.6098,43.190514],[20.60971,43.190738],[20.609658,43.190866],[20.609596,43.191117],[20.609557,43.19131],[20.609505,43.191446],[20.609531,43.191565],[20.609584,43.191773],[20.609504,43.191916],[20.609501,43.192019],[20.609462,43.192122],[20.609363,43.192238],[20.609162,43.192377],[20.608984,43.192462],[20.608713,43.192472],[20.608453,43.192555],[20.608284,43.192603],[20.608235,43.192634],[20.60819,43.192679],[20.608147,43.192836],[20.60809,43.192971],[20.607942,43.193105],[20.607918,43.19332],[20.607877,43.193483],[20.607795,43.193614],[20.607715,43.193727],[20.607632,43.193838],[20.607411,43.194026],[20.607328,43.194072],[20.607254,43.194063],[20.607158,43.194063],[20.607062,43.194076],[20.606869,43.194084],[20.606518,43.194162],[20.606277,43.194297],[20.606118,43.19448],[20.60599,43.194631],[20.605771,43.194842],[20.605609,43.195009],[20.605413,43.195052],[20.604966,43.195132],[20.604804,43.195238],[20.604784,43.195261],[20.60435,43.195541],[20.603842,43.195944],[20.603674,43.196078],[20.603496,43.19622],[20.603342,43.196344],[20.603002,43.19668],[20.602505,43.197077],[20.602307,43.197314],[20.602062,43.197544],[20.601985,43.197736],[20.601904,43.197967],[20.601812,43.198029],[20.601744,43.198118],[20.601741,43.198229],[20.601784,43.198493],[20.60176,43.19876],[20.601679,43.199047],[20.60153,43.199309],[20.601353,43.199556],[20.601206,43.199806],[20.600981,43.200104],[20.600725,43.200307],[20.60054,43.200515],[20.600305,43.200672],[20.600007,43.200814],[20.599599,43.200961],[20.599315,43.20103],[20.598901,43.201142],[20.598508,43.201244],[20.59783,43.201441],[20.597644,43.201558],[20.597442,43.201636],[20.597084,43.201725],[20.596961,43.201834],[20.596765,43.202051],[20.596568,43.202328],[20.596414,43.202567],[20.596375,43.202616],[20.596222,43.202666],[20.596078,43.202749],[20.596003,43.202933],[20.595781,43.20324],[20.595617,43.203382],[20.595494,43.203543],[20.595323,43.203733],[20.595119,43.203943],[20.594908,43.204095],[20.594749,43.204235],[20.594617,43.204358],[20.59439,43.204559],[20.594233,43.20478],[20.594101,43.2049],[20.594002,43.204959],[20.593944,43.204985],[20.593938,43.205049],[20.593844,43.205086],[20.59392,43.205119],[20.593999,43.205275],[20.594224,43.205711],[20.594373,43.205996],[20.594805,43.206653],[20.594846,43.206715],[20.595385,43.20686],[20.595424,43.206889],[20.595562,43.20698],[20.595981,43.207088],[20.596312,43.207204],[20.596483,43.207257],[20.596782,43.207349],[20.597058,43.20756],[20.597193,43.207664],[20.597515,43.207905],[20.597714,43.208181],[20.597732,43.208407],[20.597733,43.208492],[20.597741,43.208724],[20.597747,43.208898],[20.597861,43.208983],[20.597896,43.209154],[20.597977,43.209319],[20.59804,43.209458],[20.598203,43.209693],[20.598422,43.209817],[20.598767,43.209951],[20.599044,43.20994],[20.59933,43.209998],[20.599471,43.21011],[20.599856,43.210256],[20.600075,43.210366],[20.600144,43.210525],[20.600228,43.210644],[20.600524,43.210811],[20.600915,43.210771],[20.601187,43.210678],[20.601316,43.210575],[20.601353,43.210547],[20.601388,43.210535],[20.601777,43.210379],[20.602125,43.209977],[20.602575,43.209434],[20.602736,43.209303],[20.602987,43.209001],[20.603175,43.208896],[20.603325,43.208781],[20.60342,43.208675],[20.603608,43.208431],[20.603753,43.208217],[20.603874,43.207995],[20.603834,43.20782],[20.603973,43.207528],[20.604012,43.207358],[20.60402,43.207145],[20.604004,43.207061],[20.60408,43.206996],[20.6043,43.206988],[20.604432,43.207014],[20.604591,43.207053],[20.604758,43.207067],[20.605084,43.207013],[20.605266,43.207045],[20.605571,43.207211],[20.605672,43.207271],[20.605964,43.207365],[20.606147,43.207394],[20.606395,43.207416],[20.606523,43.207394],[20.606686,43.207276],[20.606888,43.207114],[20.60712,43.206939],[20.60732,43.206822],[20.607575,43.206558],[20.607785,43.206326],[20.60797,43.206212],[20.60811,43.206095],[20.608297,43.206002],[20.608453,43.20589],[20.608588,43.205772],[20.60874,43.205609],[20.609019,43.205436],[20.609274,43.205324],[20.609578,43.205143],[20.609771,43.205064],[20.61001,43.205024],[20.61036,43.205086],[20.610552,43.205185],[20.610691,43.205217],[20.610919,43.205209],[20.61114,43.205242],[20.611443,43.205349],[20.6118,43.205379],[20.612328,43.205373],[20.61261,43.205402],[20.612929,43.205448],[20.613251,43.205467],[20.613492,43.205426],[20.613851,43.205327],[20.614062,43.2052],[20.614353,43.204769],[20.614589,43.204582],[20.614873,43.204377],[20.615094,43.204327],[20.615285,43.204314],[20.615746,43.204408],[20.616122,43.204476],[20.616443,43.204561],[20.616719,43.204631],[20.617518,43.204888],[20.617826,43.204982],[20.618134,43.205063],[20.61838,43.205126],[20.618886,43.205175],[20.619402,43.205197],[20.619595,43.205267],[20.61997,43.205526],[20.620235,43.205722],[20.620637,43.206243],[20.620863,43.206489],[20.621123,43.206651],[20.621307,43.206784],[20.621666,43.206937],[20.622099,43.207084],[20.622214,43.20711],[20.622266,43.207122],[20.622276,43.207105],[20.622277,43.207123],[20.622329,43.207159],[20.62232,43.207196],[20.622471,43.20726],[20.622639,43.207279],[20.622951,43.207301],[20.62333,43.207299],[20.623733,43.207329],[20.624067,43.207347],[20.624315,43.207379],[20.624504,43.207477],[20.624686,43.207586],[20.625199,43.207836],[20.625563,43.207899],[20.625675,43.207908],[20.626185,43.207921],[20.626556,43.20794],[20.626755,43.207996],[20.62704,43.208127],[20.627257,43.208263],[20.627538,43.208373],[20.627722,43.208433],[20.627922,43.208471],[20.628052,43.208472],[20.628254,43.208453],[20.628447,43.20843],[20.62856,43.208451],[20.62869,43.208445],[20.628913,43.208426],[20.629173,43.208444],[20.62937,43.208437],[20.629613,43.208438],[20.629792,43.208465],[20.630132,43.208598],[20.630395,43.208676],[20.630618,43.208748],[20.630858,43.208876],[20.631283,43.208914],[20.631629,43.209009],[20.631933,43.209136],[20.632208,43.209324],[20.632368,43.209445],[20.632516,43.209494],[20.632618,43.209521],[20.63283,43.209576],[20.633235,43.209685],[20.633429,43.209629],[20.633657,43.209557],[20.633949,43.209372],[20.634027,43.209272],[20.634006,43.209196],[20.633948,43.209009],[20.633915,43.208859],[20.633909,43.208833],[20.63391,43.208701],[20.633947,43.208525],[20.634219,43.208129],[20.634481,43.20793],[20.634666,43.207775],[20.634797,43.207671],[20.634982,43.207509],[20.635394,43.207207],[20.636056,43.207011],[20.636632,43.206884],[20.63725,43.206713],[20.637477,43.206717],[20.63779,43.20676],[20.638166,43.20689],[20.638366,43.207005],[20.638398,43.20702],[20.638735,43.207092],[20.639397,43.207094],[20.640346,43.206737],[20.640821,43.206725],[20.641721,43.2067],[20.642302,43.206882],[20.642861,43.207021],[20.643688,43.207227],[20.644708,43.207428],[20.644936,43.207746],[20.645093,43.208083],[20.645113,43.208107],[20.645553,43.208411],[20.645569,43.208425],[20.64571,43.208618],[20.645806,43.20878],[20.645921,43.208879],[20.646001,43.208948],[20.646548,43.209175],[20.646835,43.209306],[20.647159,43.209321],[20.647955,43.209295],[20.648504,43.209171],[20.648881,43.209043],[20.64909,43.209086],[20.649564,43.209039],[20.649851,43.209039],[20.650836,43.209355],[20.650968,43.209333],[20.65112,43.209468],[20.651332,43.209645],[20.651401,43.209713],[20.651499,43.209822],[20.651741,43.210068],[20.651894,43.210221],[20.651978,43.210307],[20.65213,43.210609],[20.652194,43.210732],[20.652295,43.210802],[20.652473,43.211025],[20.652487,43.211081],[20.652543,43.211075],[20.653223,43.21063],[20.654308,43.209918],[20.655425,43.209181],[20.655841,43.208906],[20.655978,43.208806],[20.656072,43.208825],[20.6569,43.2089],[20.656999,43.208908],[20.659265,43.209038],[20.660588,43.209114],[20.661346,43.209192],[20.661753,43.209235],[20.662322,43.209285],[20.662479,43.209302],[20.663062,43.209333],[20.663413,43.209313],[20.663547,43.209303],[20.663699,43.20932],[20.663875,43.209335],[20.664044,43.209346],[20.664042,43.209351],[20.664351,43.209434],[20.664411,43.209446],[20.664687,43.209599],[20.66482,43.209687],[20.665261,43.209388],[20.665405,43.209311],[20.665579,43.209201],[20.665643,43.209154],[20.665767,43.209123],[20.66592,43.209104],[20.666032,43.209121],[20.666406,43.209335],[20.666581,43.209418],[20.666778,43.209413],[20.667022,43.209395],[20.667131,43.209396],[20.667354,43.209407],[20.667637,43.209353],[20.667841,43.209329],[20.667975,43.209358],[20.668301,43.209416],[20.668508,43.209466],[20.668662,43.209524],[20.66884,43.209643],[20.669102,43.209513],[20.669209,43.209459],[20.669623,43.209373],[20.669855,43.209361],[20.669943,43.209324],[20.670026,43.20931],[20.670181,43.209225],[20.670377,43.209158],[20.670643,43.209059],[20.670871,43.20893],[20.671215,43.208789],[20.671373,43.208692],[20.671574,43.208617],[20.675497,43.209825],[20.683352,43.212753],[20.68357,43.212812],[20.683786,43.212894],[20.68393,43.212976],[20.684198,43.21304],[20.68465,43.213107],[20.684889,43.213093],[20.685138,43.213192],[20.685433,43.213283],[20.685677,43.213343],[20.686223,43.213273],[20.686417,43.213295],[20.686635,43.213284],[20.686802,43.213316],[20.68708,43.213409],[20.687202,43.213474],[20.687496,43.213599],[20.687728,43.213791],[20.688002,43.214019],[20.688075,43.214144],[20.688332,43.214484],[20.688412,43.214549],[20.688474,43.214617],[20.688695,43.214888],[20.687821,43.215592],[20.687736,43.216222],[20.687793,43.216699],[20.68809,43.217045],[20.688313,43.217606],[20.68834,43.218033],[20.688605,43.218355],[20.689202,43.218944],[20.689771,43.219295],[20.690984,43.219916],[20.69204,43.220496],[20.692332,43.220593],[20.692884,43.22069],[20.69373,43.220666],[20.694096,43.220771],[20.694428,43.220945],[20.694742,43.221088],[20.694944,43.22125],[20.695882,43.222266],[20.696202,43.222273],[20.696303,43.22235],[20.696425,43.222318],[20.696583,43.222351],[20.696813,43.222313],[20.697024,43.22223],[20.697081,43.222198],[20.697161,43.222234],[20.697364,43.222385],[20.697604,43.222569],[20.697605,43.222566],[20.697659,43.222664],[20.697698,43.222713],[20.697758,43.2229],[20.698303,43.223411],[20.698654,43.223567],[20.698708,43.223652],[20.698694,43.22395],[20.698781,43.22407],[20.699034,43.224348],[20.699073,43.224537],[20.699121,43.224645],[20.699359,43.224969],[20.699379,43.225037],[20.699382,43.225082],[20.699381,43.225084],[20.699345,43.225177],[20.69952,43.225244],[20.699533,43.225246],[20.699893,43.225314],[20.700266,43.225383],[20.700435,43.225415],[20.700517,43.22543],[20.700576,43.225442],[20.701348,43.225587],[20.701859,43.225682],[20.701916,43.225701],[20.702315,43.225792],[20.703004,43.22594],[20.70305,43.225953],[20.703819,43.226121],[20.704,43.226138],[20.705685,43.226272],[20.705717,43.226273],[20.707012,43.226419],[20.707334,43.226449],[20.707613,43.226478],[20.707974,43.226514],[20.708049,43.22652],[20.708617,43.226799],[20.708661,43.226822],[20.708786,43.226885],[20.70895,43.226964],[20.708988,43.226985],[20.709007,43.226997],[20.709473,43.227218],[20.709544,43.227345],[20.709628,43.22744],[20.709775,43.227544],[20.709668,43.227808],[20.709634,43.227869],[20.709456,43.228232],[20.709483,43.228417],[20.709544,43.228808],[20.709659,43.229022],[20.709723,43.229147],[20.709903,43.229327],[20.710147,43.229486],[20.710296,43.229637],[20.710324,43.229728],[20.710371,43.230246],[20.710143,43.230433],[20.710228,43.230697],[20.710263,43.230753],[20.710215,43.230936],[20.710236,43.23103],[20.710308,43.231169],[20.710438,43.231328],[20.710625,43.231567],[20.710649,43.231588],[20.71082,43.23168],[20.710965,43.231765],[20.711155,43.231904],[20.711276,43.231978],[20.711458,43.232089],[20.711688,43.232231],[20.71181,43.232308],[20.712037,43.232472],[20.712133,43.232486],[20.712166,43.232486],[20.712167,43.232486],[20.712217,43.232479],[20.712294,43.232463],[20.712406,43.232418],[20.712523,43.232356],[20.71279,43.232324],[20.713205,43.232346],[20.713265,43.232393],[20.713328,43.232503],[20.713453,43.232613],[20.713544,43.23269],[20.713613,43.232781],[20.71378,43.233013],[20.714463,43.23324],[20.714787,43.23338],[20.715064,43.233467],[20.715143,43.233517],[20.715897,43.233761],[20.716081,43.233814],[20.716469,43.233914],[20.716635,43.233938],[20.716859,43.233884],[20.717102,43.233907],[20.717351,43.23401],[20.7174,43.234034],[20.717445,43.234077],[20.717443,43.234117],[20.717431,43.234255],[20.717605,43.234436],[20.717664,43.234536],[20.717695,43.23468],[20.717702,43.235268],[20.717716,43.235355],[20.717833,43.235862],[20.717886,43.236053],[20.717893,43.236082],[20.717998,43.236544],[20.718669,43.236765],[20.718692,43.236838],[20.718732,43.236869],[20.718775,43.236906],[20.718823,43.236924],[20.718903,43.236964],[20.719,43.237018],[20.718813,43.237252],[20.718697,43.237425],[20.718724,43.237548],[20.718826,43.237537],[20.718832,43.237763],[20.718742,43.238006],[20.718734,43.238005],[20.71863,43.237983],[20.718622,43.237981],[20.718495,43.237969],[20.718374,43.238312],[20.718297,43.23858],[20.718322,43.238996],[20.718484,43.239153],[20.71842,43.239593],[20.718427,43.239782],[20.718467,43.239904],[20.718557,43.239924],[20.718718,43.239823],[20.718947,43.239628],[20.719185,43.23941],[20.719329,43.239481],[20.719333,43.239483],[20.719491,43.239417],[20.71971,43.239483],[20.719797,43.239551],[20.71992,43.239652],[20.720101,43.239803],[20.720171,43.239864],[20.720288,43.240076],[20.720703,43.240465],[20.720707,43.240468],[20.72071,43.24047],[20.720997,43.240679],[20.720996,43.240956],[20.72093,43.241113],[20.720872,43.241258],[20.721381,43.241432],[20.721385,43.241437],[20.723022,43.243724],[20.723983,43.244795],[20.724323,43.245178],[20.724648,43.245541],[20.724883,43.245884],[20.72523,43.24639],[20.725253,43.246424],[20.725391,43.246622],[20.726151,43.246995],[20.726196,43.247022],[20.726725,43.247315],[20.726951,43.247492],[20.727275,43.247763],[20.727464,43.248066],[20.727595,43.248265],[20.727678,43.248318],[20.72819,43.248644],[20.728267,43.248666],[20.728358,43.248635],[20.728651,43.248617],[20.731577,43.248463],[20.733289,43.248372],[20.734566,43.248301],[20.734707,43.248299],[20.736067,43.247728],[20.736816,43.247418],[20.736819,43.247416],[20.736819,43.24742],[20.736849,43.247437],[20.736866,43.247447],[20.736976,43.247509],[20.737044,43.247548],[20.737094,43.247581],[20.740278,43.247064],[20.74214,43.246763],[20.746576,43.245161],[20.747427,43.244868],[20.748302,43.244928],[20.75004,43.245037],[20.750798,43.245083],[20.751906,43.245157],[20.753435,43.245257],[20.753534,43.24524],[20.753601,43.245232],[20.754144,43.245146],[20.755405,43.244947],[20.75726,43.24465],[20.758812,43.244401],[20.760349,43.24415],[20.761282,43.244004],[20.761841,43.244188],[20.762902,43.244547],[20.763676,43.244864],[20.764707,43.24537],[20.766552,43.246267],[20.769264,43.247578],[20.769721,43.247843],[20.770269,43.248047],[20.770507,43.248259],[20.770754,43.248702],[20.77085,43.249023],[20.770838,43.249315],[20.770658,43.2497],[20.770636,43.249762],[20.770673,43.249956],[20.770943,43.250248],[20.771057,43.250567],[20.771563,43.250965],[20.772169,43.251327],[20.77254,43.25173],[20.772918,43.252006],[20.772948,43.252019],[20.773008,43.252065],[20.773163,43.252241],[20.773415,43.252559],[20.773877,43.253062],[20.774175,43.253424],[20.77428,43.253615],[20.774465,43.253944],[20.774597,43.254109],[20.774686,43.254316],[20.774782,43.254352],[20.777686,43.254168],[20.778935,43.254086],[20.780222,43.254004],[20.781594,43.253917],[20.78301,43.253825],[20.785088,43.253695],[20.785227,43.253989],[20.785691,43.254951],[20.786011,43.255606],[20.786306,43.25621],[20.786637,43.256887],[20.786808,43.257235],[20.786861,43.257343],[20.786921,43.257464],[20.787283,43.258207],[20.787578,43.258809],[20.787603,43.259001],[20.787616,43.259099],[20.787648,43.259364],[20.787717,43.259853],[20.787777,43.26037],[20.787809,43.260593],[20.788257,43.260899],[20.788511,43.261002],[20.78881,43.261266],[20.788997,43.261461],[20.789093,43.261531],[20.78926,43.261629],[20.789262,43.261988],[20.789267,43.262165],[20.789256,43.262603],[20.789495,43.263275],[20.789888,43.263556],[20.790039,43.263843],[20.790258,43.26399],[20.790642,43.26411],[20.790878,43.264257],[20.791133,43.264422],[20.791617,43.264508],[20.792178,43.264554],[20.792691,43.264653],[20.793298,43.264733],[20.793312,43.264774],[20.793324,43.26481],[20.794108,43.264694],[20.794232,43.264701],[20.794806,43.264713],[20.795113,43.264704],[20.795768,43.264733],[20.796112,43.264805],[20.796487,43.26497],[20.796509,43.264994],[20.797061,43.265397],[20.797294,43.265668],[20.797455,43.266181],[20.797614,43.266681],[20.797774,43.267181],[20.798246,43.267443],[20.798713,43.267705],[20.799401,43.268096],[20.799834,43.268333],[20.800354,43.268628],[20.800607,43.268788],[20.80119,43.26912],[20.801697,43.269405],[20.802297,43.269746],[20.802896,43.270082],[20.803761,43.270573],[20.804711,43.271106],[20.805692,43.271412],[20.806662,43.271716],[20.807657,43.272027],[20.80863,43.272329],[20.809482,43.272594],[20.810381,43.272875],[20.811812,43.273315],[20.81188,43.273327],[20.811944,43.273331],[20.815927,43.272897],[20.816015,43.272886],[20.817983,43.272678],[20.819749,43.272466],[20.819905,43.272335],[20.820337,43.272015],[20.820605,43.271761],[20.820651,43.271697],[20.820648,43.271698],[20.820891,43.271377],[20.821081,43.271094],[20.821302,43.270721],[20.821621,43.27034],[20.821848,43.270084],[20.822258,43.269747],[20.822455,43.269566],[20.822812,43.26931],[20.823003,43.269179],[20.82355,43.269198],[20.824022,43.269061],[20.824479,43.268886],[20.825021,43.268684],[20.825538,43.268519],[20.825812,43.26846],[20.826227,43.268313],[20.826336,43.268263],[20.826641,43.268041],[20.826721,43.267976],[20.826698,43.267872],[20.826785,43.267794],[20.827135,43.267417],[20.827415,43.267208],[20.827649,43.266977],[20.827895,43.266809],[20.828069,43.266519],[20.828231,43.266184],[20.828318,43.265993],[20.828401,43.26577],[20.828471,43.265699],[20.828635,43.265516],[20.828738,43.265428],[20.828897,43.265355],[20.829186,43.26522],[20.829454,43.26511],[20.829561,43.264973],[20.829684,43.264808],[20.829746,43.264713],[20.829806,43.264602],[20.829872,43.26448],[20.829982,43.26428],[20.83001,43.264242],[20.830061,43.264149],[20.83012,43.26405],[20.830146,43.26396],[20.830172,43.263864],[20.830228,43.263684],[20.830306,43.263314],[20.830399,43.26294],[20.830455,43.262839],[20.830506,43.262702],[20.830445,43.262409],[20.830469,43.26202],[20.830615,43.261719],[20.833182,43.261488],[20.833342,43.261441],[20.833507,43.261425],[20.833617,43.26146],[20.834127,43.261549],[20.83476,43.261682],[20.835002,43.261709],[20.835207,43.261715],[20.835344,43.261738],[20.835707,43.261695],[20.835962,43.261704],[20.836097,43.261499],[20.836262,43.260602],[20.836519,43.259211],[20.836953,43.256852],[20.837034,43.256813],[20.839078,43.256008],[20.839119,43.255991],[20.84056,43.255427],[20.843354,43.254328],[20.84414,43.253771],[20.845786,43.252602],[20.847578,43.251753],[20.847655,43.251716],[20.849965,43.251601],[20.851386,43.251531],[20.851971,43.251232],[20.852139,43.250852],[20.852425,43.250214],[20.852587,43.249839],[20.85311,43.248668],[20.853593,43.247577],[20.85365,43.247508],[20.85381,43.247336],[20.853868,43.247251],[20.85405,43.246963],[20.85432,43.24675],[20.855046,43.24599],[20.855235,43.245815],[20.85538,43.245713],[20.855807,43.245611],[20.856901,43.245277],[20.856915,43.245056],[20.857031,43.244873],[20.857257,43.244605],[20.857319,43.244463],[20.857509,43.244136],[20.857538,43.244039],[20.857619,43.243875],[20.857659,43.243739],[20.857913,43.243406],[20.858057,43.243203],[20.85822,43.243025],[20.858389,43.242782],[20.858574,43.24255],[20.858726,43.242358],[20.859031,43.241807],[20.859067,43.241743],[20.859149,43.24151],[20.859229,43.24138],[20.859372,43.241096],[20.859473,43.240798],[20.859662,43.240559],[20.859737,43.240395],[20.859945,43.240053],[20.860121,43.239841],[20.860359,43.23955],[20.86041,43.239488],[20.86061,43.239133],[20.860859,43.238795],[20.861071,43.238544],[20.861199,43.238403],[20.861358,43.238226],[20.861555,43.238011],[20.861673,43.237881],[20.861812,43.237758],[20.861938,43.237658],[20.862138,43.237522],[20.862234,43.237485],[20.862369,43.237479],[20.86253,43.237467],[20.862659,43.237447],[20.863281,43.237352],[20.863519,43.237329],[20.86383,43.237157],[20.864015,43.237139],[20.8642,43.237105],[20.864279,43.237075],[20.864387,43.237031],[20.864468,43.236988],[20.864595,43.236937],[20.864882,43.236793],[20.864922,43.236762],[20.865274,43.236483],[20.865586,43.236255],[20.865953,43.236032],[20.866271,43.235803],[20.866802,43.235347],[20.867194,43.23502],[20.867382,43.234832],[20.868783,43.233597],[20.869099,43.233455],[20.869261,43.233366],[20.869434,43.233238],[20.869714,43.233005],[20.869996,43.232703],[20.870126,43.232601],[20.870837,43.23221],[20.871031,43.231871],[20.871354,43.2316],[20.872382,43.231312],[20.872629,43.231214],[20.872826,43.231057],[20.873031,43.230975],[20.873162,43.230854],[20.873252,43.23064],[20.873278,43.230377],[20.873675,43.229706],[20.873836,43.22905],[20.87399,43.228946],[20.874218,43.228798],[20.874658,43.228283],[20.875104,43.22782],[20.87536,43.227651],[20.875899,43.227249],[20.87609,43.227119],[20.87643,43.226873],[20.87648,43.226816],[20.876531,43.226766],[20.876998,43.226323],[20.876984,43.226041],[20.87726,43.225532],[20.877496,43.225099],[20.877474,43.224941],[20.877464,43.224866],[20.87703,43.224471],[20.87701,43.224436],[20.876878,43.224092],[20.876932,43.223686],[20.876958,43.223489],[20.876991,43.223355],[20.87706,43.223293],[20.877153,43.223246],[20.877289,43.22319],[20.877477,43.223117],[20.877792,43.223045],[20.87817,43.223023],[20.878218,43.223016],[20.878616,43.222909],[20.878792,43.222907],[20.878994,43.222906],[20.879337,43.222886],[20.879436,43.222863],[20.879423,43.222829],[20.87945,43.222776],[20.879749,43.222232],[20.879778,43.221459],[20.879596,43.220337],[20.879118,43.219273],[20.879034,43.218945],[20.879198,43.218793],[20.879214,43.217983],[20.879193,43.21795],[20.879041,43.217661],[20.879192,43.217519],[20.879501,43.217346],[20.879215,43.217064],[20.879307,43.216677],[20.878984,43.215293],[20.878985,43.215227],[20.879003,43.214956],[20.87909,43.21479],[20.879171,43.214619],[20.879292,43.214547],[20.879573,43.214265],[20.879828,43.214167],[20.879972,43.213952],[20.879947,43.21381],[20.879772,43.213599],[20.879631,43.213381],[20.879707,43.213275],[20.879823,43.213108],[20.880049,43.212447],[20.879931,43.211405],[20.879878,43.210858],[20.880676,43.210327],[20.882145,43.209849],[20.883136,43.209295],[20.884784,43.208361],[20.885997,43.207678],[20.887648,43.206184],[20.888977,43.205056],[20.889129,43.204368],[20.889249,43.203892],[20.889358,43.203728],[20.889238,43.203596],[20.888062,43.202888],[20.887535,43.203095],[20.88731,43.203136],[20.887048,43.203114],[20.886927,43.203138],[20.886604,43.203504],[20.886223,43.203711],[20.886085,43.203846],[20.885878,43.203982],[20.885625,43.204061],[20.885294,43.204101],[20.884854,43.204183],[20.884703,43.20418],[20.884425,43.204092],[20.884249,43.204081],[20.884026,43.204021],[20.88376,43.203833],[20.883635,43.203789],[20.883365,43.203802],[20.883134,43.203878],[20.883006,43.20394],[20.882755,43.204217],[20.882568,43.204465],[20.882339,43.20461],[20.882217,43.204751],[20.882089,43.204845],[20.88199,43.204961],[20.881692,43.205208],[20.881596,43.205334],[20.881419,43.205522],[20.881182,43.20571],[20.880844,43.205865],[20.880532,43.205909],[20.880265,43.205851],[20.880087,43.205713],[20.879751,43.205579],[20.879404,43.205502],[20.878877,43.205508],[20.878592,43.20538],[20.878115,43.205019],[20.877823,43.204946],[20.87745,43.204921],[20.877109,43.204919],[20.876687,43.204972],[20.87646,43.204978],[20.876199,43.204904],[20.875957,43.204897],[20.875789,43.204877],[20.875586,43.20493],[20.87528,43.204962],[20.874921,43.205029],[20.874639,43.204983],[20.874163,43.204931],[20.873864,43.204908],[20.873621,43.20485],[20.873315,43.204822],[20.873012,43.204777],[20.872742,43.204795],[20.872549,43.204864],[20.872371,43.205019],[20.872082,43.205296],[20.871895,43.205388],[20.871701,43.205518],[20.871468,43.205558],[20.871103,43.205656],[20.870723,43.205856],[20.870326,43.205963],[20.870131,43.20603],[20.870072,43.206104],[20.869625,43.206279],[20.869431,43.206256],[20.86933,43.206161],[20.869183,43.206107],[20.86869,43.206029],[20.868435,43.205938],[20.868138,43.205891],[20.867577,43.205895],[20.867469,43.205863],[20.867256,43.205857],[20.866841,43.205901],[20.866645,43.205878],[20.866192,43.205481],[20.865781,43.205512],[20.865677,43.205583],[20.865511,43.205668],[20.865413,43.205814],[20.865063,43.20599],[20.864897,43.20623],[20.864708,43.206745],[20.864625,43.206909],[20.864057,43.207366],[20.863668,43.20763],[20.863155,43.207518],[20.862684,43.207565],[20.862353,43.207461],[20.861997,43.207314],[20.861673,43.207119],[20.861337,43.206935],[20.861005,43.206796],[20.860775,43.206576],[20.860422,43.206394],[20.860277,43.206319],[20.860126,43.206255],[20.859977,43.20624],[20.8595,43.206273],[20.859106,43.206255],[20.858819,43.206144],[20.858052,43.205803],[20.857585,43.205735],[20.856842,43.205469],[20.856585,43.205501],[20.856115,43.205497],[20.85545,43.205356],[20.855115,43.205274],[20.854198,43.205125],[20.854073,43.205134],[20.853212,43.205509],[20.852688,43.205705],[20.852454,43.205738],[20.852186,43.205751],[20.851996,43.20571],[20.851721,43.205623],[20.851487,43.205581],[20.851245,43.205511],[20.851043,43.205517],[20.850831,43.205541],[20.850613,43.205502],[20.850436,43.205421],[20.850301,43.205289],[20.850202,43.205175],[20.849901,43.205034],[20.849661,43.204973],[20.849245,43.204946],[20.849161,43.204974],[20.84905,43.205086],[20.848908,43.205172],[20.848595,43.205329],[20.848368,43.205419],[20.848137,43.205451],[20.8477,43.20548],[20.847586,43.20551],[20.847473,43.205566],[20.847317,43.205625],[20.84717,43.205692],[20.847075,43.205704],[20.84681,43.205714],[20.846713,43.205708],[20.846605,43.205663],[20.846415,43.20568],[20.846257,43.205726],[20.846111,43.205752],[20.845846,43.205741],[20.845734,43.205757],[20.845647,43.205801],[20.845536,43.205867],[20.845483,43.205922],[20.845378,43.205954],[20.845263,43.205997],[20.845117,43.20609],[20.84502,43.206183],[20.8449,43.206255],[20.844794,43.206292],[20.844656,43.206385],[20.844553,43.206488],[20.844227,43.206739],[20.844084,43.206888],[20.844007,43.206951],[20.843792,43.207067],[20.843558,43.207085],[20.841275,43.202748],[20.841757,43.202309],[20.84202,43.202143],[20.842523,43.201076],[20.8428,43.200537],[20.842817,43.200511],[20.84305,43.200019],[20.843103,43.199894],[20.843201,43.199485],[20.843383,43.198957],[20.843494,43.19812],[20.843547,43.198053],[20.843551,43.198054],[20.843687,43.197909],[20.844039,43.197719],[20.845561,43.196855],[20.847384,43.195819],[20.847722,43.195631],[20.848965,43.19509],[20.849679,43.194782],[20.849535,43.194421],[20.849442,43.194189],[20.849559,43.193789],[20.849554,43.19363],[20.849553,43.193581],[20.849567,43.193426],[20.84957,43.193399],[20.849592,43.193111],[20.8495,43.193038],[20.849719,43.192948],[20.849969,43.192846],[20.850023,43.192826],[20.850035,43.192822],[20.850045,43.192818],[20.850236,43.192785],[20.850285,43.192776],[20.850352,43.192763],[20.850358,43.192761],[20.850365,43.19276],[20.850555,43.192724],[20.850618,43.192712],[20.850641,43.192708],[20.850702,43.192698],[20.850851,43.192693],[20.850951,43.19269],[20.851071,43.192691],[20.85125,43.192692],[20.851582,43.192658],[20.851766,43.192275],[20.851795,43.192213],[20.852202,43.191967],[20.852472,43.191802],[20.852595,43.191686],[20.854821,43.189399],[20.855062,43.189146],[20.854971,43.188962],[20.854836,43.188688],[20.854669,43.188341],[20.854568,43.188143],[20.854339,43.188066],[20.853838,43.187904],[20.852855,43.187583],[20.852223,43.187373],[20.851167,43.187025],[20.850212,43.186711],[20.84949,43.186475],[20.848699,43.186215],[20.848593,43.186178],[20.848592,43.186177],[20.848546,43.185948],[20.848503,43.185749],[20.848443,43.1856],[20.847559,43.185418],[20.847411,43.185383],[20.846944,43.185259],[20.846682,43.185197],[20.846397,43.185103],[20.846208,43.185041],[20.84607,43.185067],[20.845637,43.185163],[20.845289,43.18515],[20.844838,43.185082],[20.844613,43.185044],[20.844441,43.184994],[20.844012,43.184873],[20.843551,43.184872],[20.843446,43.184887],[20.843067,43.184946],[20.842883,43.184922],[20.842927,43.184536],[20.842587,43.184295],[20.842437,43.184137],[20.842417,43.184083],[20.842295,43.184006],[20.842137,43.183976],[20.841049,43.184205],[20.840398,43.184072],[20.839121,43.183817],[20.838009,43.183772],[20.837495,43.18377],[20.837342,43.183777],[20.836738,43.183815],[20.836081,43.184049],[20.835934,43.184099],[20.835684,43.184129],[20.835493,43.18413],[20.835301,43.184121],[20.835125,43.184029],[20.834824,43.18386],[20.834728,43.183686],[20.834687,43.183563],[20.834309,43.183689],[20.834189,43.183643],[20.834026,43.183161],[20.833939,43.182898],[20.833786,43.182463],[20.833484,43.182096],[20.83248,43.18084],[20.831086,43.17912],[20.835429,43.175578],[20.835729,43.175334],[20.836525,43.174679],[20.837528,43.173863],[20.837767,43.173672],[20.837823,43.173627],[20.838103,43.173399],[20.838129,43.173379],[20.838446,43.173119],[20.838461,43.173106],[20.83849,43.172991],[20.838642,43.17292],[20.838747,43.172863],[20.838895,43.172906],[20.839246,43.172989],[20.839466,43.173025],[20.839859,43.172976],[20.839955,43.173102],[20.840008,43.173245],[20.84014,43.173299],[20.840278,43.173317],[20.840419,43.173311],[20.840472,43.173335],[20.840998,43.173509],[20.841307,43.173511],[20.841439,43.173541],[20.841596,43.173631],[20.841614,43.173638],[20.841749,43.173685],[20.841886,43.173692],[20.842063,43.173675],[20.842242,43.173678],[20.842487,43.173709],[20.842607,43.173645],[20.842634,43.173638],[20.84297,43.17358],[20.843229,43.173616],[20.843449,43.173594],[20.843659,43.173656],[20.843854,43.173799],[20.844047,43.173859],[20.844253,43.173789],[20.844348,43.173752],[20.844532,43.173656],[20.844555,43.173643],[20.844747,43.173616],[20.845152,43.17357],[20.845269,43.173546],[20.845493,43.173548],[20.845776,43.17359],[20.845982,43.173619],[20.846748,43.173816],[20.846994,43.173816],[20.847217,43.173857],[20.847492,43.173926],[20.847613,43.174026],[20.847744,43.174196],[20.847933,43.174194],[20.847945,43.174199],[20.847994,43.17426],[20.848034,43.174405],[20.848115,43.174469],[20.848141,43.174481],[20.848208,43.174495],[20.848238,43.174496],[20.848448,43.17446],[20.848643,43.17441],[20.848884,43.174373],[20.849082,43.174473],[20.849405,43.174524],[20.849544,43.174522],[20.84991,43.174503],[20.85011,43.174414],[20.85026,43.174348],[20.850395,43.174352],[20.850523,43.174381],[20.850859,43.174446],[20.851013,43.174443],[20.851492,43.174351],[20.851823,43.174354],[20.852092,43.174423],[20.852453,43.174407],[20.852527,43.174406],[20.852887,43.174466],[20.85329,43.17439],[20.853621,43.174232],[20.853923,43.173966],[20.854054,43.173882],[20.854165,43.173848],[20.854196,43.173842],[20.854282,43.173845],[20.85458,43.173941],[20.854922,43.17411],[20.855239,43.17422],[20.855623,43.174263],[20.855978,43.174397],[20.85613,43.174351],[20.856134,43.174348],[20.856135,43.174349],[20.85621,43.174311],[20.856222,43.17415],[20.856304,43.174038],[20.856449,43.17386],[20.856539,43.173757],[20.856684,43.173634],[20.856815,43.173525],[20.856918,43.17339],[20.857015,43.173298],[20.857135,43.173211],[20.857266,43.173097],[20.857389,43.17302],[20.857514,43.172898],[20.857707,43.172778],[20.857848,43.172741],[20.857941,43.17268],[20.858078,43.172571],[20.858284,43.17252],[20.858484,43.172435],[20.858608,43.172344],[20.858657,43.172275],[20.858679,43.17208],[20.858676,43.171902],[20.858675,43.171626],[20.858639,43.171258],[20.858622,43.170899],[20.858593,43.170709],[20.858657,43.170418],[20.858756,43.170315],[20.858982,43.170228],[20.859061,43.170175],[20.859111,43.170106],[20.859212,43.170041],[20.859362,43.169824],[20.859427,43.169713],[20.859485,43.169289],[20.860104,43.168846],[20.860397,43.168636],[20.860771,43.168373],[20.860984,43.168115],[20.861351,43.167656],[20.861499,43.167482],[20.861521,43.167466],[20.86181,43.16726],[20.861815,43.167256],[20.862331,43.166892],[20.862331,43.166894],[20.862517,43.166593],[20.862713,43.16641],[20.862853,43.16625],[20.863122,43.165765],[20.863089,43.165175],[20.863287,43.164782],[20.864368,43.164762],[20.8655,43.16473],[20.866007,43.164729],[20.866457,43.164684],[20.866981,43.164556],[20.867993,43.164524],[20.868448,43.164527],[20.868722,43.164503],[20.868827,43.164499],[20.869007,43.164514],[20.869149,43.164564],[20.869456,43.164814],[20.869521,43.164857],[20.869691,43.16502],[20.870187,43.165481],[20.870522,43.16573],[20.870783,43.16584],[20.871137,43.165981],[20.871548,43.166219],[20.871825,43.16625],[20.872904,43.166604],[20.873265,43.166686],[20.873771,43.166753],[20.87453,43.166932],[20.874847,43.167008],[20.875154,43.16709],[20.875311,43.167133],[20.875861,43.167146],[20.876259,43.167165],[20.876818,43.167242],[20.877407,43.16742],[20.877435,43.167432],[20.877672,43.16751],[20.878065,43.167565],[20.87835,43.16758],[20.87839,43.167582],[20.8786,43.167562],[20.878787,43.167511],[20.879183,43.16739],[20.879613,43.167301],[20.880026,43.167319],[20.880603,43.167274],[20.88151,43.166962],[20.881724,43.166953],[20.881508,43.166878],[20.88104,43.166751],[20.880947,43.166738],[20.880913,43.1667],[20.880755,43.166564],[20.880568,43.16642],[20.88053,43.166046],[20.880792,43.16566],[20.880909,43.1655],[20.881063,43.165333],[20.881326,43.165196],[20.881336,43.165193],[20.881363,43.165184],[20.881665,43.165027],[20.881732,43.164996],[20.882054,43.164842],[20.882378,43.164599],[20.882699,43.164384],[20.883345,43.163914],[20.883799,43.163688],[20.88469,43.163273],[20.885009,43.163073],[20.885012,43.163073],[20.885566,43.162698],[20.8856,43.162562],[20.885687,43.162417],[20.885843,43.162158],[20.886029,43.161879],[20.886225,43.161207],[20.886117,43.16114],[20.885909,43.161012],[20.885852,43.160893],[20.885551,43.160097],[20.885549,43.160099],[20.885549,43.160098],[20.885499,43.159955],[20.885537,43.159893],[20.885844,43.159377],[20.885721,43.158704],[20.885771,43.158544],[20.885808,43.158525],[20.886828,43.157995],[20.887256,43.157667],[20.887496,43.157476],[20.887685,43.157325],[20.888009,43.157024],[20.888745,43.156341],[20.889278,43.156026],[20.889281,43.156023],[20.889325,43.155979],[20.889648,43.155838],[20.890424,43.155483],[20.890772,43.155359],[20.890805,43.155354],[20.891539,43.155106],[20.892558,43.15476],[20.892911,43.154633],[20.893239,43.154723],[20.894033,43.154726],[20.894575,43.15457],[20.894919,43.15447],[20.895397,43.154279],[20.895857,43.154095],[20.896417,43.154178],[20.896894,43.154417],[20.897354,43.154537],[20.897584,43.154614],[20.89792,43.154766],[20.898716,43.155118],[20.899135,43.155375],[20.899729,43.155715],[20.900091,43.155457],[20.900602,43.155107],[20.90079,43.154974],[20.901249,43.154658],[20.901442,43.154427],[20.902379,43.153317],[20.90566,43.151099],[20.906153,43.150778],[20.906761,43.150089],[20.906892,43.149941],[20.906991,43.149474],[20.907096,43.149386],[20.907309,43.149209],[20.90737,43.149168],[20.908539,43.148289],[20.908586,43.148236],[20.909367,43.148558],[20.909741,43.148696],[20.911184,43.148741],[20.911469,43.148661],[20.911606,43.148619],[20.911638,43.148623],[20.912189,43.148475],[20.912981,43.148255],[20.913333,43.148159],[20.91472,43.147773],[20.915205,43.147638],[20.915503,43.147554],[20.91611,43.147609],[20.917017,43.14769],[20.917047,43.147688],[20.917879,43.147631],[20.918347,43.147658],[20.918582,43.147652],[20.919393,43.147624],[20.919947,43.147601],[20.92082,43.147651],[20.921251,43.147635],[20.921433,43.147657],[20.921593,43.147712],[20.921678,43.147662],[20.922242,43.147313],[20.922476,43.147265],[20.922838,43.147183],[20.923038,43.146314],[20.923189,43.146201],[20.923564,43.146083],[20.924001,43.146285],[20.924446,43.146492],[20.924915,43.146372],[20.925188,43.146273],[20.925546,43.146195],[20.925803,43.14608],[20.926078,43.145963],[20.926234,43.145921],[20.926395,43.145779],[20.926606,43.145529],[20.926828,43.145466],[20.92715,43.145331],[20.927352,43.145209],[20.927528,43.145102],[20.927616,43.145068],[20.927729,43.145026],[20.927814,43.144989],[20.927968,43.144934],[20.928062,43.144893],[20.928251,43.144774],[20.928399,43.144638],[20.928717,43.14447],[20.928777,43.144457],[20.928931,43.144332],[20.929068,43.144178],[20.929177,43.143932],[20.929208,43.143849],[20.929243,43.143665],[20.929234,43.143488],[20.929226,43.143359],[20.929135,43.143138],[20.929146,43.142958],[20.929261,43.142627],[20.929466,43.142416],[20.929511,43.142348],[20.929743,43.141985],[20.929801,43.141883],[20.929874,43.141759],[20.929923,43.141624],[20.930009,43.141513],[20.930166,43.141316],[20.930236,43.141197],[20.930372,43.141035],[20.930485,43.140849],[20.930609,43.140581],[20.930647,43.14049],[20.930696,43.140371],[20.930739,43.140213],[20.930788,43.140075],[20.930821,43.139853],[20.930934,43.139679],[20.930972,43.139331],[20.930946,43.139036],[20.931038,43.138652],[20.931065,43.138319],[20.931211,43.138158],[20.931368,43.138],[20.931541,43.137865],[20.931671,43.137767],[20.931941,43.137644],[20.932092,43.137507],[20.932222,43.137364],[20.932346,43.137202],[20.932568,43.136871],[20.93266,43.136733],[20.932801,43.136511],[20.932925,43.136269],[20.933005,43.136018],[20.93306,43.135804],[20.933071,43.135555],[20.933233,43.135218],[20.933358,43.134891],[20.933412,43.134725],[20.933444,43.134511],[20.933615,43.134233],[20.934382,43.134229],[20.934466,43.13423],[20.934856,43.134238],[20.93524,43.134289],[20.935906,43.134419],[20.935994,43.134432],[20.936683,43.134531],[20.93743,43.134634],[20.937816,43.134734],[20.93786,43.134747],[20.9379,43.13477],[20.938295,43.134577],[20.938722,43.134406],[20.939314,43.134117],[20.939454,43.134054],[20.939621,43.133975],[20.940041,43.13377],[20.94044,43.133567],[20.940802,43.133372],[20.940855,43.133348],[20.9411,43.133133],[20.941447,43.133193],[20.941569,43.13321],[20.942009,43.133288],[20.942212,43.13332],[20.942568,43.133369],[20.942628,43.133379],[20.942681,43.133416],[20.942761,43.133454],[20.942879,43.13331],[20.942953,43.133243],[20.943324,43.132873],[20.943652,43.132559],[20.94376,43.132476],[20.944259,43.132088],[20.94499,43.131526],[20.94523,43.13126],[20.945292,43.131192],[20.945417,43.131076],[20.945534,43.130792],[20.945592,43.130606],[20.945636,43.130486],[20.946289,43.129899],[20.946905,43.129672],[20.947169,43.129594],[20.947736,43.129351],[20.948232,43.129044],[20.948613,43.128986],[20.949134,43.128643],[20.949485,43.128415],[20.949625,43.128302],[20.949742,43.128188],[20.950159,43.12802],[20.950459,43.127895],[20.950662,43.12782],[20.951108,43.127663],[20.95152,43.12751],[20.951563,43.12747],[20.951577,43.127458],[20.951672,43.127366],[20.951812,43.127242],[20.952263,43.127397],[20.952399,43.127437],[20.953227,43.12756],[20.953605,43.127608],[20.95389,43.127647],[20.953894,43.127631],[20.95394,43.127614],[20.954057,43.127564],[20.954244,43.127432],[20.954358,43.12731],[20.954613,43.12708],[20.954946,43.126846],[20.955299,43.126636],[20.955496,43.126564],[20.955744,43.126436],[20.955945,43.126355],[20.956135,43.126238],[20.956352,43.126146],[20.956601,43.126093],[20.957056,43.125984],[20.95736,43.125936],[20.957604,43.12592],[20.958141,43.126004],[20.958549,43.126019],[20.958784,43.125977],[20.958999,43.125915],[20.959305,43.125862],[20.959506,43.125778],[20.959667,43.125672],[20.959847,43.125596],[20.960161,43.125498],[20.960384,43.12545],[20.961026,43.125516],[20.961644,43.125665],[20.962028,43.125499],[20.962256,43.125263],[20.962503,43.125206],[20.962675,43.125176],[20.962978,43.125062],[20.963193,43.124965],[20.963403,43.124886],[20.963649,43.124848],[20.963771,43.124803],[20.964032,43.124717],[20.964307,43.124641],[20.964687,43.124523],[20.96492,43.124459],[20.965163,43.12441],[20.965275,43.124406],[20.96535,43.12441],[20.965591,43.124372],[20.965731,43.12435],[20.965802,43.124338],[20.966023,43.124353],[20.966265,43.124392],[20.96638,43.12441],[20.966615,43.124415],[20.966831,43.124411],[20.966907,43.124412],[20.966964,43.124426],[20.967105,43.124485],[20.967306,43.124713],[20.967375,43.124739],[20.967611,43.124863],[20.968046,43.125057],[20.968171,43.125141],[20.968474,43.125355],[20.96857,43.125459],[20.968793,43.125745],[20.969284,43.126383],[20.969346,43.126809],[20.969189,43.127376],[20.969073,43.128159],[20.96906,43.128403],[20.96903,43.128772],[20.968766,43.129611],[20.968676,43.129817],[20.968673,43.129834],[20.968677,43.130069],[20.968415,43.130397],[20.968272,43.130607],[20.96795,43.130645],[20.968322,43.130988],[20.968938,43.131474],[20.969227,43.131707],[20.969601,43.131996],[20.969779,43.132126],[20.970097,43.132432],[20.970253,43.132557],[20.970683,43.132903],[20.971016,43.133117],[20.971153,43.133236],[20.971641,43.133441],[20.971907,43.133633],[20.972206,43.133806],[20.972365,43.133867],[20.972542,43.134007],[20.972692,43.134043],[20.973011,43.1341],[20.973241,43.134156],[20.973589,43.134277],[20.97404,43.134395],[20.974577,43.134559],[20.97477,43.134639],[20.975111,43.134796],[20.975355,43.134954],[20.975713,43.135127],[20.975971,43.135211],[20.976448,43.13542],[20.976643,43.135535],[20.976757,43.135615],[20.976822,43.13565],[20.976915,43.135712],[20.977614,43.135527],[20.97776,43.135492],[20.977908,43.135456],[20.978515,43.135499],[20.978797,43.135633],[20.979095,43.135725],[20.979375,43.135763],[20.979499,43.135796],[20.979906,43.135818],[20.980144,43.135821],[20.980559,43.13578],[20.980957,43.135734],[20.981456,43.135672],[20.981865,43.135531],[20.982202,43.135344],[20.982285,43.13536],[20.982334,43.135366],[20.982436,43.135512],[20.98276,43.135857],[20.983076,43.135882],[20.983434,43.135871],[20.983642,43.135873],[20.984139,43.13576],[20.984423,43.135695],[20.98465,43.135713],[20.985109,43.135504],[20.985704,43.135425],[20.985959,43.135373],[20.986231,43.13542],[20.986342,43.135429],[20.986836,43.13555],[20.987509,43.135741],[20.98775,43.135796],[20.98812,43.135882],[20.988714,43.136002],[20.989321,43.136131],[20.98985,43.136259],[20.989989,43.136277],[20.990122,43.136293],[20.990672,43.136353],[20.99118,43.13642],[20.991782,43.136489],[20.992449,43.13654],[20.992912,43.136698],[20.993079,43.136832],[20.993149,43.13688],[20.993292,43.136959],[20.993397,43.137106],[20.993593,43.137275],[20.993641,43.137328],[20.993837,43.137474],[20.994056,43.137636],[20.994298,43.137811],[20.994479,43.138034],[20.994738,43.138241],[20.994986,43.138335],[20.995251,43.138363],[20.995521,43.138341],[20.9958,43.138249],[20.996029,43.138179],[20.996264,43.138101],[20.996386,43.138077],[20.996481,43.138073],[20.99695,43.138011],[20.99722,43.13797],[20.997409,43.137798],[20.997841,43.137528],[20.998614,43.137153],[20.998855,43.137029],[20.999167,43.136878],[20.999292,43.136819],[20.999781,43.136586],[21.00026,43.136346],[21.000545,43.136208],[21.000591,43.136181],[21.001134,43.135979],[21.001664,43.135774],[21.002006,43.135646],[21.002198,43.135616],[21.002364,43.135587],[21.002556,43.135556],[21.002843,43.135454],[21.002928,43.135377],[21.003004,43.13525],[21.003145,43.135259],[21.00327,43.13525],[21.003574,43.135208],[21.003772,43.135217],[21.003936,43.135225],[21.004063,43.135222],[21.004224,43.135188],[21.004415,43.13522],[21.00461,43.135282],[21.005053,43.135298],[21.005761,43.135322],[21.006146,43.135295],[21.006611,43.135265],[21.007541,43.135094],[21.008174,43.135041],[21.008629,43.134973],[21.008777,43.134943],[21.009183,43.134763],[21.009386,43.134684],[21.009882,43.134473],[21.010356,43.134463],[21.010792,43.134496],[21.010956,43.134535],[21.011473,43.134475],[21.011708,43.13445],[21.011782,43.134413],[21.011932,43.134377],[21.012081,43.134377],[21.012285,43.13439],[21.012574,43.134381],[21.01276,43.134356],[21.013077,43.134333],[21.013394,43.134328],[21.013667,43.134359],[21.013778,43.134349],[21.013876,43.134358],[21.013973,43.13437],[21.014044,43.134349],[21.014249,43.134178],[21.014471,43.133896],[21.014643,43.133588],[21.014759,43.133268],[21.014834,43.133039],[21.015185,43.132614],[21.015435,43.132311],[21.015529,43.132088],[21.015593,43.131844],[21.015543,43.13163],[21.015496,43.131405],[21.015648,43.131338],[21.016013,43.13122],[21.016363,43.131098],[21.016532,43.131053],[21.016732,43.131015],[21.016995,43.130936],[21.017253,43.130872],[21.018457,43.130753],[21.018872,43.130533],[21.019175,43.130369],[21.019881,43.13021],[21.020138,43.130436],[21.021461,43.13047],[21.022368,43.130415],[21.022569,43.130388],[21.022827,43.130383],[21.023275,43.130349],[21.023588,43.130199],[21.024115,43.129985],[21.024355,43.129885],[21.024907,43.129678],[21.025388,43.129472],[21.025623,43.128933],[21.0258,43.128756],[21.025877,43.128628],[21.026046,43.128394],[21.026109,43.128317],[21.026258,43.128005],[21.026318,43.127907],[21.026609,43.127594],[21.026945,43.127213],[21.027161,43.126918],[21.027282,43.12659],[21.027378,43.126317],[21.027401,43.126031],[21.027408,43.125746],[21.027635,43.125438],[21.027749,43.125279],[21.027766,43.125012],[21.027865,43.124892],[21.027917,43.124847],[21.028104,43.124736],[21.028334,43.124674],[21.029165,43.124435],[21.029472,43.124354],[21.02963,43.124295],[21.029634,43.124295],[21.029807,43.124221],[21.03005,43.124136],[21.030422,43.124041],[21.030668,43.123525],[21.030479,43.123175],[21.030492,43.123115],[21.030911,43.122999],[21.031205,43.122914],[21.031513,43.122588],[21.032398,43.121696],[21.032707,43.120899],[21.032816,43.120651],[21.032939,43.120586],[21.033035,43.12051],[21.033131,43.120433],[21.03334,43.120384],[21.033866,43.120282],[21.03435,43.120176],[21.03463,43.120107],[21.03491,43.120037],[21.035187,43.119959],[21.035464,43.119881],[21.035786,43.119792],[21.035963,43.119744],[21.036196,43.119682],[21.03668,43.119493],[21.036816,43.119435],[21.036951,43.119376],[21.037162,43.119295],[21.037373,43.119213],[21.0376,43.119067],[21.037826,43.118921],[21.037978,43.118813],[21.03813,43.118704],[21.038244,43.118578],[21.038359,43.118451],[21.038673,43.118116],[21.038872,43.117896],[21.038826,43.117701],[21.038748,43.117463],[21.039251,43.11705],[21.039535,43.116776],[21.039672,43.116694],[21.04016,43.11627],[21.040523,43.115912],[21.04066,43.115796],[21.040734,43.115725],[21.04079,43.115652],[21.040917,43.11546],[21.041285,43.115117],[21.041515,43.114879],[21.041626,43.11479],[21.041794,43.114631],[21.041962,43.114473],[21.042192,43.114107],[21.042496,43.113411],[21.043159,43.112773],[21.04312,43.112462],[21.045023,43.112657],[21.046013,43.112529],[21.04632,43.112427],[21.046324,43.112422],[21.046617,43.111967],[21.046839,43.111593],[21.046992,43.111307],[21.047045,43.111195],[21.047152,43.110869],[21.047563,43.110588],[21.047876,43.110395],[21.047948,43.11036],[21.047934,43.110166],[21.048031,43.110079],[21.048085,43.109844],[21.048377,43.10966],[21.048559,43.109264],[21.048602,43.108822],[21.048564,43.108762],[21.048846,43.108616],[21.049333,43.108312],[21.049413,43.108174],[21.049813,43.107774],[21.049917,43.107715],[21.050098,43.107616],[21.050287,43.107533],[21.050444,43.107561],[21.05085,43.107654],[21.051032,43.107716],[21.051243,43.107788],[21.051405,43.107825],[21.051604,43.107889],[21.051853,43.107913],[21.052066,43.107937],[21.052265,43.107973],[21.052444,43.108007],[21.05311,43.10817],[21.053155,43.108182],[21.053448,43.108255],[21.053842,43.108318],[21.053884,43.108325],[21.054286,43.108403],[21.054595,43.108478],[21.055238,43.108621],[21.055567,43.108686],[21.056109,43.108803],[21.056237,43.108858],[21.056754,43.109003],[21.056829,43.109062],[21.057155,43.109127],[21.057679,43.109274],[21.057877,43.109286],[21.058342,43.10934],[21.058467,43.109358],[21.058557,43.109369],[21.058623,43.109387],[21.058702,43.109387],[21.058814,43.109548],[21.058878,43.109643],[21.059233,43.10976],[21.059294,43.109774],[21.059517,43.109811],[21.059877,43.109886],[21.059985,43.109895],[21.060309,43.10991],[21.0607,43.109932],[21.060753,43.109933],[21.060888,43.109946],[21.061099,43.109964],[21.061458,43.110033],[21.061921,43.110111],[21.062315,43.110196],[21.062598,43.110324],[21.062867,43.110437],[21.06294,43.110468],[21.063025,43.110558],[21.06342,43.111016],[21.063689,43.111324],[21.063998,43.111761],[21.064452,43.112388],[21.064473,43.112497],[21.064463,43.112537],[21.064418,43.112703],[21.064371,43.113055],[21.064363,43.11328],[21.064397,43.113564],[21.06487,43.113644],[21.065228,43.113728],[21.066332,43.113714],[21.066785,43.113873],[21.066996,43.113943],[21.067131,43.113977],[21.067318,43.114051],[21.067527,43.114117],[21.067583,43.114132],[21.068108,43.114215],[21.068234,43.114235],[21.068408,43.114252],[21.068875,43.114345],[21.068963,43.114371],[21.069064,43.114394],[21.069263,43.114438],[21.069535,43.114483],[21.069595,43.114487],[21.0698,43.114505],[21.069865,43.114516],[21.070846,43.114787],[21.071112,43.114845],[21.071285,43.114882],[21.07142,43.114975],[21.071893,43.115049],[21.072185,43.115093],[21.072668,43.115094],[21.072827,43.115094],[21.073215,43.115054],[21.073667,43.114993],[21.074136,43.115021],[21.074369,43.115041],[21.074434,43.115041],[21.07457,43.115056],[21.074671,43.115056],[21.07516,43.11508],[21.075452,43.115095],[21.07562,43.115011],[21.075837,43.115042],[21.076034,43.115221],[21.076529,43.115776],[21.076693,43.116163],[21.076694,43.1165],[21.076658,43.116619],[21.077179,43.116746],[21.077491,43.116828],[21.077682,43.11689],[21.077978,43.116972],[21.078197,43.117061],[21.078617,43.1174],[21.078881,43.117622],[21.078946,43.11772],[21.079149,43.11806],[21.079231,43.118204],[21.079254,43.118244],[21.079213,43.118344],[21.079173,43.118533],[21.07915,43.11871],[21.079118,43.118883],[21.079096,43.119054],[21.079068,43.119221],[21.079029,43.119396],[21.07901,43.119453],[21.078909,43.119587],[21.078926,43.119743],[21.078939,43.119887],[21.078949,43.120004],[21.078974,43.120181],[21.078989,43.120302],[21.079013,43.120536],[21.079019,43.120731],[21.079107,43.120886],[21.079121,43.120929],[21.079169,43.121062],[21.079156,43.121181],[21.079153,43.121462],[21.07914,43.121549],[21.079121,43.121624],[21.079075,43.12183],[21.079021,43.122014],[21.079042,43.122155],[21.079066,43.122371],[21.07908,43.122549],[21.079108,43.122779],[21.079099,43.122948],[21.079078,43.123117],[21.079039,43.123306],[21.078999,43.123661],[21.078913,43.123899],[21.078844,43.124111],[21.078756,43.12441],[21.07876,43.124473],[21.078742,43.124553],[21.078592,43.12495],[21.078398,43.125472],[21.078401,43.125793],[21.078405,43.126158],[21.07842,43.126505],[21.078413,43.126836],[21.078389,43.127185],[21.078369,43.1273],[21.078341,43.127416],[21.078278,43.127602],[21.07825,43.127643],[21.078345,43.127873],[21.078444,43.128078],[21.078494,43.128166],[21.078541,43.128243],[21.078633,43.128385],[21.078707,43.12849],[21.078749,43.128531],[21.078832,43.128701],[21.078867,43.128874],[21.078928,43.129044],[21.078974,43.129127],[21.079147,43.129298],[21.079217,43.129334],[21.079332,43.129525],[21.079372,43.129637],[21.079454,43.129827],[21.079646,43.129961],[21.079857,43.130061],[21.080008,43.130129],[21.080048,43.130143],[21.080208,43.130176],[21.080514,43.130215],[21.080697,43.130288],[21.08095,43.130375],[21.08116,43.130432],[21.081287,43.13047],[21.081428,43.13054],[21.081496,43.130599],[21.081779,43.13088],[21.081924,43.130996],[21.082025,43.131097],[21.082041,43.131113],[21.082432,43.131411],[21.082724,43.131683],[21.082982,43.13181],[21.08315,43.131895],[21.083259,43.131947],[21.083405,43.132066],[21.083482,43.132145],[21.083647,43.132297],[21.083946,43.132404],[21.084136,43.132464],[21.084205,43.132643],[21.084209,43.132838],[21.084206,43.132886],[21.084438,43.133004],[21.084623,43.13309],[21.084874,43.133229],[21.08511,43.133338],[21.085471,43.133532],[21.085812,43.133728],[21.086347,43.134133],[21.08669,43.134397],[21.086814,43.134492],[21.086937,43.134595],[21.087306,43.134865],[21.087783,43.135235],[21.087825,43.135285],[21.088008,43.135398],[21.088254,43.135562],[21.088538,43.13576],[21.088578,43.135755],[21.088897,43.135695],[21.089,43.135685],[21.089242,43.135641],[21.089402,43.13549],[21.089808,43.135056],[21.090077,43.13476],[21.090377,43.134422],[21.090459,43.134427],[21.090684,43.134421],[21.090984,43.134395],[21.091149,43.134185],[21.091283,43.133875],[21.091326,43.13381],[21.091391,43.133712],[21.091504,43.133545],[21.091625,43.133402],[21.091821,43.133131],[21.091942,43.132904],[21.09201,43.132756],[21.092103,43.13249],[21.092178,43.132338],[21.092189,43.132204],[21.092233,43.131994],[21.092282,43.131812],[21.092332,43.131649],[21.092325,43.1316],[21.092408,43.131355],[21.09249,43.13109],[21.092503,43.131018],[21.09252,43.130737],[21.092772,43.130614],[21.093132,43.130451],[21.093255,43.130331],[21.093507,43.130114],[21.093738,43.12998],[21.093929,43.129879],[21.094305,43.12967],[21.094624,43.129508],[21.09498,43.129278],[21.095291,43.129072],[21.09542,43.128976],[21.09571,43.128762],[21.096196,43.128445],[21.096315,43.128366],[21.096573,43.128218],[21.09686,43.128024],[21.097229,43.127746],[21.097376,43.127603],[21.097683,43.127325],[21.097852,43.127151],[21.098254,43.126864],[21.098501,43.126596],[21.099199,43.12589],[21.099592,43.124857],[21.09973,43.124444],[21.099744,43.124352],[21.099865,43.123937],[21.100015,43.123626],[21.100181,43.123185],[21.100443,43.122829],[21.100533,43.122657],[21.100605,43.122485],[21.100761,43.122207],[21.100835,43.122077],[21.101079,43.121553],[21.101233,43.121429],[21.101519,43.121236],[21.101592,43.120877],[21.101612,43.120693],[21.101641,43.120365],[21.101654,43.120034],[21.101681,43.11983],[21.101701,43.119475],[21.101733,43.119292],[21.101791,43.118931],[21.101835,43.118635],[21.101811,43.118507],[21.101841,43.118457],[21.101892,43.118389],[21.102071,43.118171],[21.102175,43.118072],[21.102439,43.117675],[21.102677,43.117359],[21.103561,43.117168],[21.104142,43.117374],[21.104793,43.117433],[21.105146,43.117458],[21.105332,43.117513],[21.106111,43.117706],[21.106525,43.117888],[21.107133,43.117661],[21.107776,43.117132],[21.108087,43.116863],[21.108344,43.116628],[21.108446,43.116529],[21.108714,43.116304],[21.109295,43.115996],[21.109566,43.115843],[21.109909,43.115671],[21.109941,43.115639],[21.109991,43.115613],[21.110247,43.115477],[21.110505,43.115283],[21.110754,43.115062],[21.110952,43.114864],[21.111104,43.114661],[21.111384,43.114332],[21.111407,43.114299],[21.111553,43.114206],[21.111723,43.114092],[21.111785,43.114053],[21.111981,43.113885],[21.112088,43.11371],[21.11222,43.113592],[21.112388,43.113233],[21.112512,43.113169],[21.112503,43.112994],[21.112545,43.112854],[21.112553,43.112645],[21.11248,43.11243],[21.112473,43.112384],[21.11278,43.111683],[21.113073,43.111434],[21.113395,43.111187],[21.113975,43.111215],[21.114487,43.111262],[21.114982,43.111273],[21.115266,43.111263],[21.115602,43.111262],[21.115894,43.111305],[21.116491,43.111347],[21.116641,43.111398],[21.1168,43.111431],[21.11731,43.111609],[21.117481,43.111658],[21.117594,43.111714],[21.117741,43.111788],[21.118072,43.111906],[21.118359,43.111965],[21.118601,43.112009],[21.118886,43.112047],[21.119265,43.112077],[21.119398,43.112087],[21.119646,43.112175],[21.119838,43.112189],[21.120048,43.112157],[21.120245,43.112121],[21.120754,43.112045],[21.121237,43.111953],[21.121611,43.111878],[21.121984,43.111828],[21.122365,43.111684],[21.122567,43.111944],[21.122814,43.112158],[21.122995,43.112321],[21.123317,43.112583],[21.123621,43.112882],[21.123705,43.112957],[21.124069,43.113169],[21.124581,43.113084],[21.125632,43.112877],[21.125956,43.112856],[21.126268,43.112821],[21.127057,43.112422],[21.127272,43.112247],[21.12741,43.112121],[21.127698,43.111683],[21.127809,43.11165],[21.128445,43.111548],[21.130021,43.111605],[21.130091,43.111631],[21.13086,43.111805],[21.132005,43.111916],[21.134427,43.112789],[21.134723,43.112906],[21.135254,43.113512],[21.13545,43.113827],[21.137182,43.113499],[21.137203,43.113495],[21.137246,43.113473],[21.13742,43.113203],[21.137697,43.112728],[21.137896,43.112576],[21.138207,43.112365],[21.138508,43.112145],[21.139265,43.111575],[21.139367,43.111477],[21.139878,43.110925],[21.140071,43.110656],[21.14064,43.110063],[21.140974,43.109698],[21.141276,43.109474],[21.141316,43.109459],[21.141339,43.109378],[21.141338,43.108988],[21.141344,43.108764],[21.141346,43.108057],[21.14135,43.106955],[21.141316,43.106805],[21.14125,43.105841],[21.141316,43.105262],[21.14148,43.105129],[21.141721,43.104917],[21.141755,43.10492],[21.141832,43.104836],[21.141952,43.10462],[21.142042,43.10448],[21.142176,43.104359],[21.142223,43.104345],[21.142323,43.104258],[21.142665,43.104057],[21.143275,43.103753],[21.143366,43.103664],[21.143386,43.103541],[21.143444,43.103402],[21.143469,43.103318],[21.143504,43.102688],[21.143562,43.102231],[21.143543,43.102101],[21.143539,43.101898],[21.143585,43.101728],[21.143619,43.101702],[21.143904,43.101585],[21.144222,43.101442],[21.144453,43.101291],[21.144553,43.101221],[21.144794,43.100999],[21.145304,43.100277],[21.145354,43.099566],[21.145846,43.099013],[21.145876,43.098613],[21.145911,43.098162],[21.145912,43.09815],[21.145976,43.097927],[21.146148,43.097434],[21.146354,43.09701],[21.146725,43.096513],[21.147222,43.095972],[21.147576,43.095604],[21.147991,43.094955],[21.148041,43.09434],[21.148164,43.093753],[21.148231,43.09338],[21.148459,43.092737],[21.148578,43.092539],[21.148599,43.092513],[21.14862,43.092487],[21.148733,43.092284],[21.149263,43.091874],[21.149475,43.091672],[21.149614,43.091511],[21.149768,43.091264],[21.149864,43.091022],[21.14984,43.090828],[21.149694,43.090594],[21.149639,43.090517],[21.1494,43.090189],[21.14896,43.089673],[21.148887,43.089547],[21.1488,43.089416],[21.148529,43.08887],[21.148327,43.088533],[21.148299,43.088497],[21.147827,43.088122],[21.147744,43.088035],[21.14754,43.087832],[21.146894,43.087253],[21.146304,43.087078],[21.145737,43.087035],[21.145271,43.086992],[21.145237,43.086992],[21.145202,43.086991],[21.145047,43.086976],[21.143821,43.086937],[21.143829,43.086488],[21.143751,43.086399],[21.143737,43.086384],[21.143604,43.086051],[21.143478,43.085709],[21.142929,43.085388],[21.142245,43.085023],[21.142213,43.085004],[21.141773,43.084735],[21.141751,43.084478],[21.141716,43.084081],[21.141934,43.083351],[21.141103,43.082922],[21.141037,43.082898],[21.140972,43.082875],[21.140234,43.082588],[21.139779,43.082294],[21.139594,43.082169],[21.139661,43.082122],[21.139678,43.0821],[21.140311,43.081284],[21.140574,43.080902],[21.140743,43.080335],[21.140829,43.080079],[21.140856,43.079964],[21.141169,43.079046],[21.141245,43.078884],[21.141452,43.078394],[21.142255,43.07766],[21.142833,43.077149],[21.143003,43.077005],[21.143101,43.076868],[21.143857,43.076034],[21.143934,43.075966],[21.143697,43.075148],[21.143471,43.074435],[21.143406,43.074269],[21.143365,43.074132],[21.143089,43.073894],[21.142729,43.073608],[21.142521,43.073444],[21.142576,43.073469],[21.142739,43.073584],[21.143098,43.0736],[21.143282,43.073612],[21.143534,43.073619],[21.144163,43.073359],[21.144265,43.073311],[21.144327,43.073284],[21.144595,43.073152],[21.144962,43.072983],[21.14555,43.072224],[21.145811,43.071932],[21.145981,43.07174],[21.146348,43.071322],[21.146836,43.071381],[21.147143,43.071645],[21.146998,43.071333],[21.146884,43.070903],[21.146874,43.070842],[21.146855,43.070752],[21.146729,43.07026],[21.146715,43.070213],[21.146635,43.069878],[21.146629,43.069444],[21.146647,43.068954],[21.147578,43.068652],[21.148001,43.068342],[21.148416,43.068032],[21.148824,43.067733],[21.148879,43.067694],[21.14896,43.067636],[21.149077,43.067547],[21.149469,43.06741],[21.149729,43.067329],[21.149867,43.067263],[21.149904,43.067161],[21.149947,43.066912],[21.14987,43.066311],[21.149907,43.065916],[21.150088,43.065671],[21.15015,43.065509],[21.150192,43.065376],[21.150228,43.065318],[21.150505,43.064872],[21.150666,43.064712],[21.15102,43.064327],[21.151055,43.064233],[21.151086,43.063961],[21.151137,43.063776],[21.151129,43.06329],[21.151229,43.06292],[21.151288,43.062679],[21.151313,43.062601],[21.151414,43.062116],[21.151511,43.061842],[21.151727,43.061533],[21.152139,43.061189],[21.152604,43.060656],[21.152882,43.060311],[21.152965,43.060126],[21.153052,43.059645],[21.153056,43.059027],[21.152987,43.058611],[21.152904,43.058122],[21.1529,43.057816],[21.1529,43.057788],[21.152974,43.057205],[21.152955,43.057153],[21.152852,43.056447],[21.152658,43.055775],[21.152619,43.055417],[21.152623,43.05521],[21.152606,43.054906],[21.152583,43.054745],[21.152539,43.054625],[21.152367,43.054375],[21.152435,43.054344],[21.152578,43.054241],[21.152618,43.054147],[21.152688,43.053962],[21.152732,43.053809],[21.15275,43.053685],[21.152725,43.053452],[21.152741,43.053317],[21.152768,43.052989],[21.152814,43.052574],[21.152778,43.052542],[21.152803,43.05249],[21.152722,43.052188],[21.152704,43.052132],[21.152652,43.051792],[21.152748,43.051554],[21.152873,43.05128],[21.152772,43.051064],[21.152294,43.050602],[21.152307,43.05044],[21.152243,43.050039],[21.152114,43.049843],[21.152137,43.049724],[21.152117,43.049464],[21.152327,43.048588],[21.152336,43.048512],[21.152389,43.048106],[21.152378,43.048026],[21.152488,43.047967],[21.152586,43.047656],[21.152725,43.047278],[21.152865,43.046746],[21.153342,43.046131],[21.153614,43.045787],[21.153669,43.045719],[21.153739,43.045574],[21.153895,43.045298],[21.154006,43.045189],[21.154052,43.044997],[21.153741,43.044626],[21.153221,43.043962],[21.153143,43.043879],[21.153052,43.043713],[21.152852,43.043309],[21.152745,43.043042],[21.152748,43.042472],[21.152479,43.040974],[21.152364,43.040401],[21.152316,43.040337],[21.152403,43.040106],[21.152784,43.039756],[21.153231,43.039379],[21.153279,43.039291],[21.153663,43.038387],[21.153676,43.038129],[21.153574,43.037529],[21.153626,43.036653],[21.15424,43.036281],[21.154447,43.03582],[21.154961,43.035063],[21.155076,43.034768],[21.155121,43.034708],[21.155512,43.033954],[21.155578,43.033769],[21.155789,43.033236],[21.155579,43.032686],[21.155458,43.032628],[21.155804,43.031632],[21.155832,43.031516],[21.155765,43.031379],[21.155748,43.031093],[21.155726,43.030814],[21.155732,43.030494],[21.155732,43.030435],[21.155734,43.030281],[21.155828,43.030087],[21.15584,43.029988],[21.155863,43.029871],[21.155744,43.029618],[21.155737,43.029568],[21.155829,43.029483],[21.156132,43.029465],[21.156742,43.029379],[21.157238,43.029202],[21.157427,43.029061],[21.157927,43.028718],[21.158114,43.028598],[21.158371,43.028558],[21.158711,43.028381],[21.159177,43.028241],[21.159586,43.028463],[21.159889,43.028469],[21.160239,43.028462],[21.160305,43.028464],[21.160856,43.028449],[21.161403,43.028474],[21.161892,43.028493],[21.162296,43.028482],[21.162646,43.028493],[21.163077,43.028524],[21.163257,43.028534],[21.163609,43.028558],[21.163834,43.028609],[21.163999,43.028646],[21.164175,43.028689],[21.16435,43.028735],[21.164513,43.028723],[21.164603,43.028707],[21.164803,43.028665],[21.165,43.028603],[21.1652,43.028547],[21.16543,43.028484],[21.165609,43.02844],[21.165658,43.028429],[21.165713,43.028416],[21.165768,43.028402],[21.16582,43.028385],[21.165883,43.028371],[21.165938,43.028357],[21.166084,43.028311],[21.166214,43.028273],[21.166309,43.02824],[21.166389,43.028209],[21.166571,43.028125],[21.166644,43.028062],[21.166689,43.027976],[21.166748,43.027917],[21.166811,43.027866],[21.166943,43.027649],[21.16699,43.02758],[21.16708,43.027444],[21.167155,43.027304],[21.167197,43.027236],[21.167242,43.027158],[21.167296,43.027074],[21.167365,43.026956],[21.16772,43.026258],[21.167554,43.02605],[21.167426,43.025914],[21.16734,43.025773],[21.167243,43.02565],[21.166833,43.025311],[21.166517,43.024959],[21.166323,43.024761],[21.166304,43.02469],[21.166384,43.02461],[21.166599,43.024419],[21.166639,43.024381],[21.166686,43.024289],[21.166753,43.023925],[21.166842,43.023381],[21.166923,43.022709],[21.166933,43.022255],[21.166786,43.021897],[21.166823,43.021695],[21.16678,43.021544],[21.166586,43.020722],[21.166607,43.020563],[21.166708,43.020372],[21.167053,43.020068],[21.167128,43.020012],[21.167137,43.019951],[21.167232,43.019838],[21.167172,43.019715],[21.167018,43.019344],[21.166832,43.019063],[21.166427,43.018632],[21.166545,43.018483],[21.1663,43.018176],[21.165867,43.017811],[21.165722,43.017634],[21.165487,43.01736],[21.165357,43.017176],[21.16529,43.017005],[21.165197,43.016797],[21.16515,43.016723],[21.165038,43.016575],[21.164884,43.016372],[21.164716,43.016185],[21.164479,43.016027],[21.164043,43.015806],[21.163871,43.015747],[21.163612,43.015541],[21.16356,43.015425],[21.163445,43.014984],[21.163376,43.014676],[21.163682,43.014148],[21.163802,43.01392],[21.163766,43.013889],[21.163917,43.013742],[21.164637,43.012559],[21.165022,43.012293],[21.165237,43.012158],[21.165341,43.012079],[21.165283,43.011837],[21.165314,43.01164],[21.165398,43.011401],[21.165421,43.011271],[21.165503,43.011076],[21.165583,43.010892],[21.165628,43.010653],[21.165743,43.010457],[21.165887,43.010299],[21.165955,43.010259],[21.166167,43.00993],[21.166316,43.009757],[21.166473,43.009581],[21.166595,43.009265],[21.166632,43.009244],[21.167409,43.008668],[21.167756,43.008409],[21.167858,43.008413],[21.168283,43.008178],[21.16863,43.007972],[21.168823,43.007829],[21.169114,43.007637],[21.169351,43.007457],[21.169265,43.00675],[21.16922,43.006328],[21.169152,43.005784],[21.16932,43.005301],[21.169356,43.005161],[21.169464,43.004978],[21.169396,43.004901],[21.169215,43.004717],[21.168961,43.004466],[21.169217,43.004178],[21.169499,43.00387],[21.169562,43.003856],[21.169941,43.003758],[21.170503,43.003611],[21.170823,43.003526],[21.171343,43.003401],[21.171973,43.003145],[21.17203,43.003124],[21.172241,43.003009],[21.172233,43.002758],[21.172227,43.002571],[21.172242,43.002471],[21.172257,43.002304],[21.172257,43.002249],[21.172126,43.002072],[21.172088,43.002022],[21.172016,43.001912],[21.171934,43.001776],[21.171683,43.001413],[21.171458,43.001143],[21.171198,43.000821],[21.171145,43.000754],[21.170985,43.000591],[21.170875,43.000453],[21.171321,43.00021],[21.171498,43.000062],[21.171524,43.000038],[21.171778,43.000136],[21.171862,43.000163],[21.172093,43.000169],[21.172492,43.000089],[21.17272,43.000048],[21.172903,42.999969],[21.173193,43.000004],[21.173531,43.000112],[21.174225,43.000278],[21.174311,43.000257],[21.1744,43.000186],[21.174457,43.000215],[21.17464,43.00008],[21.174896,42.999871],[21.175351,42.9995],[21.175422,42.999574],[21.175781,42.999957],[21.175912,43.000072],[21.176196,43.000364],[21.176907,43.00069],[21.176975,43.000727],[21.177509,43.001048],[21.178259,43.001251],[21.178546,43.001236],[21.17873,43.00121],[21.178964,43.001207],[21.179023,43.001314],[21.17949,43.001629],[21.179844,43.001872],[21.180386,43.002156],[21.181864,43.002854],[21.182422,43.003127],[21.182877,43.003349],[21.182995,43.003414],[21.183052,43.003375],[21.183254,43.003487],[21.183374,43.003545],[21.183652,43.003729],[21.184163,43.003948],[21.18416,43.003998],[21.184429,43.004178],[21.184961,43.00441],[21.185076,43.00446],[21.185455,43.004655],[21.185924,43.004788],[21.186198,43.004916],[21.186505,43.005067],[21.186743,43.005197],[21.186827,43.005241],[21.186874,43.005251],[21.186883,43.005245],[21.187332,43.005562],[21.187533,43.005723],[21.187706,43.005824],[21.187849,43.005879],[21.188001,43.005971],[21.18832,43.006204],[21.188443,43.006259],[21.188586,43.006307],[21.189009,43.006384],[21.189517,43.00645],[21.189836,43.006556],[21.190174,43.006668],[21.190296,43.006754],[21.190709,43.006911],[21.191332,43.00718],[21.192201,43.007459],[21.192473,43.007564],[21.192653,43.007674],[21.193033,43.007973],[21.193304,43.008335],[21.193385,43.008354],[21.193393,43.008378],[21.193393,43.008403],[21.193748,43.009445],[21.193698,43.010134],[21.193698,43.010135],[21.193697,43.010135],[21.193431,43.010729],[21.193259,43.011111],[21.193192,43.011297],[21.19315,43.011471],[21.193009,43.01197],[21.192874,43.012311],[21.192722,43.012673],[21.192604,43.012945],[21.192463,43.013252],[21.192464,43.013252],[21.192382,43.013414],[21.192344,43.013653],[21.192359,43.013757],[21.192362,43.013925],[21.192397,43.01402],[21.192307,43.014143],[21.192275,43.014297],[21.192119,43.01447],[21.192053,43.014723],[21.192052,43.014856],[21.192052,43.01497],[21.191984,43.015112],[21.192072,43.015245],[21.192103,43.015367],[21.192484,43.015868],[21.192583,43.015958],[21.192761,43.016051],[21.19328,43.01624],[21.193383,43.016292],[21.193602,43.016471],[21.193824,43.016709],[21.193949,43.01684],[21.194151,43.017134],[21.194225,43.017221],[21.194236,43.01736],[21.194376,43.017564],[21.194456,43.017721],[21.194501,43.017753],[21.194768,43.018241],[21.194904,43.018433],[21.195111,43.018732],[21.195257,43.018897],[21.195555,43.019353],[21.195755,43.019577],[21.195928,43.019799],[21.196033,43.019953],[21.196156,43.020092],[21.196156,43.020209],[21.196324,43.020563],[21.196417,43.020803],[21.196428,43.020881],[21.196459,43.021107],[21.196667,43.021447],[21.196823,43.021595],[21.196998,43.021825],[21.196885,43.02227],[21.196974,43.022703],[21.196988,43.022941],[21.197101,43.023169],[21.197265,43.023361],[21.197317,43.023338],[21.197786,43.023382],[21.198233,43.023203],[21.198622,43.023014],[21.19875,43.022936],[21.198977,43.022888],[21.199523,43.022943],[21.199865,43.022641],[21.200082,43.022805],[21.200713,43.022832],[21.201053,43.022933],[21.201981,43.023202],[21.202252,43.023639],[21.202252,43.023677],[21.202383,43.023727],[21.202729,43.023786],[21.202906,43.023828],[21.203179,43.023869],[21.203364,43.023901],[21.203411,43.023901],[21.20366,43.023993],[21.204153,43.023998],[21.20452,43.024053],[21.204835,43.02422],[21.205007,43.024313],[21.205152,43.024447],[21.205459,43.024635],[21.205716,43.024611],[21.206095,43.024512],[21.206466,43.024306],[21.206828,43.024023],[21.207041,43.023878],[21.207224,43.023824],[21.207533,43.023793],[21.207967,43.023682],[21.208352,43.023495],[21.208543,43.02339],[21.209201,43.023252],[21.210048,43.023086],[21.210071,43.023081],[21.210129,43.023074],[21.210241,43.023066],[21.210776,43.022889],[21.211095,43.022726],[21.211565,43.022544],[21.21235,43.022262],[21.21247,43.021847],[21.212559,43.021759],[21.212636,43.021657],[21.212976,43.021403],[21.213006,43.021363],[21.213121,43.021357],[21.213389,43.021296],[21.214065,43.021182],[21.214499,43.021135],[21.215182,43.021071],[21.215382,43.021132],[21.215559,43.021207],[21.215707,43.021271],[21.215904,43.021309],[21.216115,43.021292],[21.216838,43.021223],[21.217019,43.021194],[21.217385,43.021097],[21.217659,43.021057],[21.217962,43.020978],[21.218223,43.020919],[21.218642,43.020878],[21.218812,43.020838],[21.220364,43.020439],[21.220651,43.020274],[21.220818,43.020216],[21.221103,43.020091],[21.221328,43.019973],[21.221512,43.019769],[21.22168,43.019613],[21.221689,43.019615],[21.222021,43.019675],[21.222381,43.019792],[21.222741,43.01994],[21.222833,43.01996],[21.22269,43.020214],[21.222648,43.020284],[21.222827,43.020322],[21.223572,43.020422],[21.224201,43.020592],[21.224777,43.020614],[21.225004,43.020499],[21.225202,43.020333],[21.225286,43.020123],[21.225286,43.020114],[21.225282,43.019846],[21.225123,43.019381],[21.225063,43.019121],[21.224932,43.018834],[21.224961,43.018435],[21.224972,43.017838],[21.22509,43.017516],[21.225377,43.01712],[21.225665,43.016723],[21.225833,43.016563],[21.226012,43.016358],[21.226165,43.016252],[21.226508,43.016106],[21.226753,43.015984],[21.226923,43.015939],[21.227489,43.01569],[21.227723,43.015527],[21.22831,43.015153],[21.228634,43.014896],[21.229059,43.014741],[21.229296,43.014452],[21.229425,43.014194],[21.229616,43.013977],[21.229804,43.01375],[21.229966,43.01345],[21.230015,43.013238],[21.230009,43.013165],[21.230008,43.013148],[21.2301,43.013035],[21.230142,43.012874],[21.230284,43.01264],[21.230344,43.012528],[21.230426,43.012293],[21.230509,43.012102],[21.230818,43.011467],[21.231061,43.011012],[21.231365,43.010687],[21.231623,43.010331],[21.231836,43.009681],[21.232254,43.00943],[21.232533,43.009352],[21.233022,43.009264],[21.233171,43.009277],[21.233319,43.009354],[21.233346,43.009373],[21.234414,43.009754],[21.235125,43.009998],[21.235496,43.00914],[21.235539,43.009082],[21.23583,43.007779],[21.235902,43.007521],[21.236496,43.006615],[21.237054,43.005776],[21.23782,43.005511],[21.237756,43.00507],[21.237698,43.004797],[21.237808,43.003593],[21.237794,43.003044],[21.237769,43.002511],[21.237739,43.002471],[21.237943,43.002054],[21.237724,43.001342],[21.237497,43.001092],[21.237466,43.000802],[21.237964,43.000423],[21.237849,43.000254],[21.237769,43.000079],[21.23774,42.999834],[21.237831,42.999106],[21.237742,42.998485],[21.237716,42.998183],[21.237715,42.997984],[21.237776,42.997813],[21.238041,42.997343],[21.2387,42.99714],[21.238774,42.996867],[21.238735,42.996767],[21.238764,42.996669],[21.238764,42.99652],[21.238345,42.996178],[21.238144,42.995979],[21.237972,42.995715],[21.23784,42.995545],[21.237655,42.995284],[21.237528,42.995018],[21.238358,42.992417],[21.238648,42.991458],[21.23824,42.990842],[21.237998,42.990504],[21.237667,42.990034],[21.237709,42.989791],[21.2377,42.989756],[21.237741,42.989739],[21.237845,42.989701],[21.238155,42.98951],[21.238304,42.989392],[21.238422,42.989266],[21.238752,42.988845],[21.239016,42.988718],[21.239177,42.988691],[21.239409,42.988615],[21.239611,42.988489],[21.239711,42.988388],[21.239774,42.988293],[21.239845,42.988149],[21.240186,42.987358],[21.240382,42.986976],[21.240655,42.986733],[21.240716,42.986664],[21.240915,42.986138],[21.240959,42.985807],[21.240996,42.985266],[21.241027,42.985202],[21.24118,42.984916],[21.24146,42.984559],[21.241897,42.984014],[21.242401,42.983523],[21.242935,42.982591],[21.243236,42.982066],[21.243453,42.981579],[21.24365,42.981226],[21.243775,42.981072],[21.243846,42.9809],[21.243833,42.980602],[21.243817,42.980441],[21.243796,42.980339],[21.243686,42.980082],[21.243484,42.979942],[21.243307,42.979826],[21.243047,42.979589],[21.24291,42.979462],[21.24272,42.979294],[21.242599,42.979083],[21.242321,42.97868],[21.242291,42.978598],[21.241999,42.978313],[21.241644,42.977837],[21.241399,42.977462],[21.241095,42.976963],[21.240982,42.976696],[21.240768,42.976228],[21.240593,42.975858],[21.240052,42.975162],[21.239722,42.974722],[21.239682,42.974561],[21.239728,42.974395],[21.239731,42.974174],[21.239836,42.973976],[21.240035,42.973711],[21.240219,42.973516],[21.240368,42.973208],[21.240505,42.973008],[21.240541,42.972949],[21.240756,42.972205],[21.240811,42.971316],[21.240659,42.970604],[21.240184,42.970232],[21.24006,42.970107],[21.239868,42.969333],[21.239829,42.968662],[21.23974,42.968253],[21.239666,42.967823],[21.239387,42.967195],[21.239365,42.966985],[21.239364,42.966753],[21.239369,42.966146],[21.239352,42.966096],[21.239121,42.9655],[21.238903,42.964946],[21.238706,42.96463],[21.238638,42.964461],[21.238616,42.964343],[21.238404,42.963769],[21.238292,42.963405],[21.238184,42.96325],[21.23799,42.963073],[21.237178,42.962318],[21.236976,42.962173],[21.236188,42.961726],[21.236121,42.96168],[21.235379,42.961017],[21.23501,42.96057],[21.234844,42.960308],[21.234799,42.960205],[21.23469,42.960063],[21.23462,42.959877],[21.234386,42.959248],[21.234385,42.959098],[21.234418,42.958986],[21.234422,42.95895],[21.234285,42.958576],[21.23416,42.958057],[21.234063,42.957442],[21.234066,42.957247],[21.234082,42.956864],[21.234074,42.95656],[21.234039,42.956254],[21.234046,42.956165],[21.234157,42.955916],[21.234167,42.955847],[21.234213,42.955625],[21.234299,42.955353],[21.234396,42.955117],[21.234558,42.954644],[21.234632,42.954357],[21.234701,42.953903],[21.234753,42.953622],[21.234832,42.953287],[21.234842,42.953005],[21.234887,42.952786],[21.234956,42.952614],[21.235027,42.952485],[21.235036,42.95245],[21.235043,42.952347],[21.235031,42.952268],[21.235087,42.952076],[21.235184,42.951966],[21.235265,42.951597],[21.23535,42.95145],[21.235456,42.951191],[21.235591,42.950859],[21.235619,42.950659],[21.235657,42.950514],[21.235684,42.950393],[21.235858,42.950297],[21.236348,42.9501],[21.236677,42.949976],[21.236816,42.949935],[21.237318,42.949798],[21.237495,42.94974],[21.237697,42.949647],[21.237769,42.949559],[21.237791,42.949496],[21.237777,42.949312],[21.237828,42.949204],[21.237934,42.949034],[21.238131,42.948767],[21.238266,42.948592],[21.238408,42.948381],[21.238566,42.948119],[21.238864,42.947635],[21.239202,42.947159],[21.239398,42.946954],[21.239511,42.946755],[21.239599,42.946507],[21.23947,42.946177],[21.239501,42.945934],[21.239645,42.945715],[21.239701,42.945543],[21.239816,42.945336],[21.239859,42.94519],[21.239813,42.945085],[21.239585,42.94479],[21.239544,42.944683],[21.23953,42.944547],[21.239515,42.944284],[21.239612,42.944069],[21.239681,42.943798],[21.239692,42.943712],[21.239772,42.943673],[21.239878,42.943581],[21.239981,42.943468],[21.240326,42.943008],[21.240532,42.942696],[21.24089,42.942295],[21.241238,42.942051],[21.241317,42.941976],[21.241378,42.941897],[21.241436,42.941699],[21.241648,42.941472],[21.241858,42.941205],[21.242075,42.941048],[21.242239,42.940929],[21.242374,42.940823],[21.242475,42.94076],[21.242828,42.940497],[21.242937,42.940427],[21.243118,42.94029],[21.24328,42.940151],[21.243805,42.939837],[21.243929,42.939616],[21.244466,42.938982],[21.244783,42.938592],[21.244904,42.938392],[21.244969,42.938148],[21.245041,42.937916],[21.245092,42.937754],[21.245095,42.937747],[21.245065,42.937578],[21.245109,42.937151],[21.245089,42.937116],[21.245132,42.9371],[21.245222,42.937018],[21.245249,42.936973],[21.245283,42.936903],[21.245309,42.93685],[21.245361,42.936749],[21.24519,42.936424],[21.245103,42.93609],[21.245073,42.935239],[21.245082,42.934901],[21.244998,42.934705],[21.245081,42.934323],[21.24526,42.933889],[21.245721,42.933521],[21.245915,42.933308],[21.246016,42.933249],[21.246418,42.933066],[21.247687,42.932561],[21.248838,42.932055],[21.249795,42.93169],[21.250482,42.931417],[21.250843,42.931283],[21.251077,42.931204],[21.251214,42.931153],[21.251523,42.930655],[21.251747,42.930223],[21.252042,42.929658],[21.252183,42.929279],[21.25225,42.929119],[21.252293,42.928927],[21.252281,42.928561],[21.252326,42.928139],[21.252379,42.927938],[21.252472,42.927561],[21.252484,42.927277],[21.252514,42.927104],[21.252582,42.926933],[21.253523,42.925784],[21.253757,42.925687],[21.253956,42.925637],[21.254821,42.925609],[21.254909,42.925552],[21.255024,42.925443],[21.255229,42.925127],[21.255566,42.924609],[21.25589,42.924278],[21.256052,42.924085],[21.256408,42.923726],[21.25669,42.92339],[21.256928,42.923145],[21.25764,42.922466],[21.258009,42.92189],[21.25823,42.92149],[21.258661,42.920993],[21.258781,42.920711],[21.258777,42.920626],[21.258769,42.920468],[21.258765,42.920424],[21.258947,42.920195],[21.259133,42.920072],[21.259251,42.920013],[21.25941,42.919886],[21.259615,42.919586],[21.259831,42.919306],[21.259908,42.919244],[21.260139,42.919052],[21.260814,42.918726],[21.261196,42.918584],[21.261543,42.91845],[21.261628,42.918384],[21.261749,42.918281],[21.261908,42.918088],[21.262381,42.917413],[21.262616,42.917045],[21.262864,42.916706],[21.262893,42.916642],[21.26312,42.916277],[21.263511,42.915637],[21.263613,42.915416],[21.264227,42.915229],[21.264178,42.915135],[21.264338,42.91485],[21.264508,42.914505],[21.264849,42.913901],[21.265146,42.913424],[21.265533,42.912671],[21.265564,42.912619],[21.266188,42.912201],[21.267827,42.911328],[21.268811,42.910851],[21.268862,42.910825],[21.270358,42.910059],[21.270086,42.908462],[21.270084,42.908462],[21.269889,42.907244],[21.269817,42.906828],[21.26982,42.906814],[21.269803,42.906782],[21.269796,42.906726],[21.269783,42.906629],[21.26984,42.906542],[21.269954,42.906338],[21.270187,42.906028],[21.270271,42.905832],[21.270329,42.905693],[21.270446,42.905413],[21.271085,42.903318],[21.271135,42.903086],[21.271182,42.902881],[21.271164,42.902854],[21.271171,42.902615],[21.271244,42.902501],[21.271264,42.902468],[21.271401,42.902224],[21.271559,42.901929],[21.271645,42.901672],[21.271601,42.901465],[21.271617,42.901305],[21.271677,42.901172],[21.271691,42.901125],[21.271691,42.901087],[21.271691,42.901052],[21.2717,42.90083],[21.271707,42.900456],[21.271676,42.899902],[21.271711,42.89911],[21.271617,42.898559],[21.271612,42.898515],[21.27159,42.898208],[21.271581,42.897911],[21.271433,42.897538],[21.271149,42.897202],[21.272541,42.89637],[21.274766,42.894896],[21.274853,42.894862],[21.276316,42.894492],[21.277645,42.894546],[21.278577,42.894581],[21.28122,42.894914],[21.281736,42.895042],[21.282304,42.895168],[21.282621,42.895299],[21.282689,42.895376],[21.282781,42.895404],[21.28379,42.896424],[21.285123,42.897777],[21.285825,42.898486],[21.286541,42.899213],[21.28677,42.9001],[21.28698,42.900892],[21.287065,42.900944],[21.288796,42.901528],[21.290555,42.902136],[21.292462,42.903222],[21.294217,42.902808],[21.294756,42.902683],[21.296293,42.902252],[21.297375,42.901972],[21.297489,42.901929],[21.2977,42.901874],[21.2998,42.90119],[21.301907,42.902101],[21.302847,42.9041],[21.302922,42.904218],[21.303305,42.904675],[21.304564,42.906132],[21.306024,42.905109],[21.307075,42.904377],[21.307129,42.904317],[21.307435,42.904096],[21.307509,42.904054],[21.307688,42.903977],[21.307903,42.903955],[21.308137,42.903927],[21.30825,42.903904],[21.308458,42.903856],[21.30854,42.903827],[21.308696,42.903761],[21.308863,42.903701],[21.30906,42.903676],[21.309228,42.903684],[21.309343,42.903707],[21.309437,42.903728],[21.309594,42.903741],[21.309746,42.903733],[21.310042,42.903724],[21.310315,42.903752],[21.310566,42.903789],[21.310832,42.903887],[21.311208,42.903993],[21.311455,42.90402],[21.311663,42.904011],[21.311863,42.903945],[21.312035,42.903858],[21.312207,42.903804],[21.312453,42.903724],[21.312815,42.903525],[21.313037,42.903382],[21.313392,42.903111],[21.31349,42.903066],[21.313834,42.902963],[21.313982,42.902966],[21.314224,42.902751],[21.314332,42.902601],[21.314683,42.902081],[21.315944,42.901917],[21.316067,42.901865],[21.31618,42.901897],[21.316826,42.901852],[21.317098,42.901835],[21.317632,42.901803],[21.317939,42.901793],[21.320681,42.902206],[21.320736,42.90219],[21.320788,42.902176],[21.321229,42.902125],[21.321549,42.902049],[21.32204,42.901921],[21.322669,42.90184],[21.323679,42.901706],[21.325274,42.902122],[21.326983,42.902575],[21.328385,42.902582],[21.329289,42.902589],[21.329897,42.902591],[21.330724,42.902597],[21.330972,42.902595],[21.330958,42.902551],[21.332421,42.901584],[21.33387,42.900606],[21.335256,42.899597],[21.336207,42.898887],[21.336667,42.899026],[21.337712,42.899352],[21.338495,42.899542],[21.338844,42.899743],[21.338967,42.899874],[21.339393,42.900123],[21.339836,42.900438],[21.339891,42.900438],[21.341135,42.899944],[21.341852,42.899667],[21.341967,42.899631],[21.342067,42.899529],[21.34235,42.899231],[21.342563,42.899013],[21.34273,42.898849],[21.342897,42.898635],[21.343093,42.898456],[21.343325,42.89828],[21.343508,42.898091],[21.34368,42.897799],[21.343784,42.897583],[21.343902,42.897294],[21.343966,42.897016],[21.344053,42.896737],[21.344143,42.896542],[21.344359,42.896303],[21.344617,42.896139],[21.344759,42.895973],[21.344876,42.895694],[21.344956,42.895347],[21.344998,42.894995],[21.345056,42.894845],[21.345171,42.894595],[21.345236,42.894282],[21.345323,42.894054],[21.34537,42.893724],[21.345431,42.893566],[21.345419,42.893312],[21.345267,42.893233],[21.345011,42.89316],[21.34484,42.893094],[21.344338,42.893049],[21.344251,42.893027],[21.343968,42.892888],[21.343836,42.892678],[21.343834,42.892352],[21.343921,42.892095],[21.343922,42.892001],[21.343894,42.891693],[21.343888,42.891444],[21.343973,42.891101],[21.344049,42.89094],[21.344251,42.890737],[21.344473,42.890641],[21.34474,42.89061],[21.344959,42.890602],[21.345163,42.890556],[21.345412,42.890253],[21.345502,42.890198],[21.345599,42.890178],[21.345898,42.890157],[21.346141,42.890151],[21.346427,42.890176],[21.346773,42.890114],[21.346932,42.890105],[21.347098,42.89004],[21.34719,42.889947],[21.347336,42.889905],[21.347578,42.889889],[21.347878,42.889844],[21.347926,42.889819],[21.348177,42.889766],[21.348644,42.889656],[21.349086,42.889475],[21.349304,42.889413],[21.349428,42.889326],[21.349494,42.889247],[21.349537,42.889101],[21.349716,42.888704],[21.349844,42.888443],[21.35,42.888319],[21.350182,42.88825],[21.350516,42.888108],[21.350487,42.888073],[21.35047,42.887985],[21.350489,42.887932],[21.350615,42.887875],[21.351076,42.88762],[21.351185,42.887546],[21.351265,42.887474],[21.351265,42.887416],[21.351225,42.887335],[21.351159,42.88728],[21.350898,42.887002],[21.350735,42.886839],[21.350603,42.886538],[21.350595,42.886365],[21.350744,42.886171],[21.350834,42.885986],[21.350857,42.885894],[21.35088,42.885544],[21.350903,42.885252],[21.350744,42.885013],[21.350593,42.884956],[21.350489,42.88479],[21.350405,42.884655],[21.350426,42.88463],[21.350473,42.88461],[21.350742,42.884678],[21.350983,42.884674],[21.351025,42.884628],[21.350878,42.884438],[21.350821,42.884331],[21.350779,42.884224],[21.350678,42.884083],[21.350615,42.883946],[21.350617,42.883757],[21.350586,42.883558],[21.350477,42.883298],[21.350427,42.883184],[21.350363,42.883062],[21.350354,42.882617],[21.350339,42.882545],[21.35035,42.882416],[21.350319,42.881969],[21.350318,42.881744],[21.350276,42.881639],[21.350163,42.881405],[21.350002,42.881142],[21.350002,42.88096],[21.350264,42.880694],[21.350552,42.880424],[21.350829,42.880212],[21.351026,42.880055],[21.351101,42.88001],[21.351301,42.879928],[21.351556,42.879759],[21.351654,42.879729],[21.351971,42.879662],[21.35224,42.87952],[21.352363,42.879455],[21.352476,42.879302],[21.352533,42.87908],[21.352623,42.879029],[21.352523,42.878812],[21.352947,42.878666],[21.353372,42.878515],[21.353706,42.878525],[21.35403,42.878561],[21.354384,42.878698],[21.354664,42.878791],[21.354859,42.878829],[21.35527,42.878717],[21.355607,42.878604],[21.3558,42.878631],[21.356268,42.878705],[21.356315,42.87876],[21.356654,42.878766],[21.356954,42.878594],[21.357092,42.878402],[21.357253,42.878306],[21.357382,42.878262],[21.357771,42.878057],[21.358151,42.877818],[21.358245,42.877681],[21.358453,42.877496],[21.358767,42.877241],[21.359072,42.876876],[21.359078,42.876573],[21.359129,42.876336],[21.35937,42.876029],[21.359499,42.87586],[21.35956,42.875655],[21.359692,42.875518],[21.359877,42.875298],[21.359945,42.875157],[21.36003,42.874922],[21.360068,42.874692],[21.360433,42.874169],[21.360976,42.873642],[21.360965,42.873564],[21.360935,42.87344],[21.360954,42.873203],[21.360975,42.872976],[21.361033,42.872702],[21.361058,42.872318],[21.362152,42.872046],[21.363007,42.871825],[21.363103,42.871834],[21.36346,42.87162],[21.363712,42.871484],[21.364032,42.871324],[21.364066,42.871307],[21.364496,42.871143],[21.364968,42.87099],[21.3652,42.870907],[21.366255,42.871197],[21.366359,42.871232],[21.367841,42.872179],[21.368645,42.87269],[21.369778,42.873417],[21.371118,42.873243],[21.371753,42.873116],[21.371981,42.873018],[21.372313,42.872963],[21.373284,42.873131],[21.375191,42.873235],[21.376292,42.873128],[21.376919,42.873047],[21.377669,42.872869],[21.37864,42.872632],[21.379518,42.872448],[21.380185,42.87232],[21.380188,42.871598],[21.380184,42.871545],[21.380182,42.871195],[21.380171,42.870723],[21.380195,42.870476],[21.381048,42.870275],[21.382256,42.869992],[21.382536,42.869926],[21.382653,42.869779],[21.382667,42.869761],[21.383771,42.86824],[21.384735,42.867436],[21.385121,42.86714],[21.385448,42.866544],[21.386045,42.866725],[21.386645,42.8668],[21.38748,42.86692],[21.38781,42.867085],[21.388137,42.867233],[21.388487,42.867359],[21.388526,42.86738],[21.388537,42.867386],[21.389012,42.867512],[21.389576,42.867669],[21.389708,42.867567],[21.390395,42.867307],[21.391286,42.86718],[21.391715,42.867204],[21.392366,42.867171],[21.392916,42.867119],[21.393409,42.867379],[21.393518,42.867721],[21.393528,42.867821],[21.393581,42.868272],[21.393777,42.869],[21.393834,42.869347],[21.394001,42.869813],[21.394306,42.870072],[21.394295,42.870422],[21.394571,42.870764],[21.394337,42.870899],[21.394407,42.871161],[21.394514,42.871605],[21.396017,42.872079],[21.397835,42.872634],[21.398763,42.872919],[21.399273,42.873477],[21.400074,42.873854],[21.402054,42.874313],[21.402461,42.87467],[21.402774,42.874462],[21.403968,42.874371],[21.404352,42.874437],[21.404903,42.874352],[21.405156,42.874209],[21.405911,42.873446],[21.406321,42.873167],[21.406848,42.873112],[21.407285,42.873159],[21.407972,42.873307],[21.408102,42.87343],[21.408346,42.873587],[21.408393,42.87361],[21.408488,42.873694],[21.408721,42.873899],[21.409447,42.873779],[21.410096,42.873772],[21.410687,42.873679],[21.410772,42.873665],[21.410937,42.873516],[21.411163,42.873464],[21.411437,42.873441],[21.411639,42.873446],[21.411953,42.873591],[21.412378,42.873835],[21.412826,42.874178],[21.413067,42.874538],[21.41346,42.875103],[21.414583,42.874759],[21.415979,42.874367],[21.418002,42.87432],[21.421581,42.873514],[21.422013,42.873764],[21.422527,42.874057],[21.422975,42.87435],[21.424693,42.873861],[21.42588,42.873957],[21.426516,42.873931],[21.427151,42.873945],[21.427672,42.873791],[21.428704,42.873339],[21.429736,42.872888],[21.432342,42.872661],[21.433175,42.872538],[21.434112,42.872428],[21.434327,42.872403],[21.435047,42.872315],[21.435116,42.872275],[21.435114,42.87224],[21.435228,42.871955],[21.434899,42.871087],[21.434853,42.870926],[21.434639,42.870272],[21.434577,42.870086],[21.434426,42.869618],[21.434269,42.86732],[21.434939,42.866332],[21.434982,42.866305],[21.434972,42.866217],[21.435138,42.866023],[21.435259,42.865863],[21.435412,42.865676],[21.435633,42.865396],[21.435938,42.865024],[21.436435,42.864411],[21.436359,42.863337],[21.436359,42.862999],[21.436214,42.862407],[21.436115,42.862188],[21.436169,42.862127],[21.436109,42.862047],[21.436076,42.86196],[21.436085,42.861593],[21.436115,42.861183],[21.436104,42.860958],[21.43607,42.860845],[21.435836,42.860447],[21.435749,42.860132],[21.435708,42.860027],[21.435697,42.859828],[21.43578,42.859372],[21.435835,42.859163],[21.435843,42.858985],[21.435835,42.858867],[21.435745,42.858737],[21.435598,42.85844],[21.435588,42.858297],[21.435684,42.857954],[21.435713,42.857692],[21.435793,42.857481],[21.435869,42.857235],[21.43593,42.856924],[21.43614,42.85653],[21.436234,42.856067],[21.436348,42.855906],[21.436361,42.855642],[21.436312,42.855316],[21.436295,42.85488],[21.436308,42.854623],[21.436294,42.854477],[21.436354,42.854268],[21.436384,42.854239],[21.436422,42.854082],[21.436471,42.853875],[21.436745,42.8528],[21.436815,42.852525],[21.436904,42.852152],[21.436942,42.851656],[21.437129,42.851564],[21.436198,42.851414],[21.435444,42.851216],[21.434301,42.851036],[21.43405,42.850683],[21.433748,42.850475],[21.433375,42.850105],[21.432247,42.850115],[21.43175,42.850209],[21.431133,42.850382],[21.430506,42.850143],[21.429936,42.849975],[21.429582,42.849921],[21.429344,42.849922],[21.429296,42.849946],[21.429253,42.849972],[21.429213,42.849985],[21.428663,42.849892],[21.428008,42.849437],[21.427886,42.849037],[21.427917,42.849026],[21.427683,42.84852],[21.427592,42.848286],[21.427579,42.848253],[21.427423,42.848015],[21.427241,42.84778],[21.427127,42.847663],[21.427044,42.847589],[21.426749,42.847482],[21.426255,42.847368],[21.425987,42.847353],[21.425046,42.847306],[21.424217,42.847303],[21.423745,42.847278],[21.423603,42.847126],[21.423506,42.846829],[21.423369,42.846528],[21.423257,42.846231],[21.423173,42.845937],[21.42308,42.845595],[21.423114,42.84538],[21.423193,42.845232],[21.423299,42.84502],[21.423351,42.844853],[21.423554,42.844241],[21.423611,42.844034],[21.423644,42.843913],[21.423711,42.843657],[21.423701,42.84327],[21.42355,42.842991],[21.423496,42.842749],[21.423493,42.842717],[21.423485,42.842693],[21.42344,42.842452],[21.423593,42.842432],[21.423606,42.842106],[21.423531,42.841882],[21.42344,42.841671],[21.423416,42.841498],[21.423349,42.841016],[21.423379,42.840664],[21.423384,42.840577],[21.423376,42.840517],[21.423306,42.840234],[21.42341,42.840226],[21.423391,42.839935],[21.423354,42.839711],[21.423371,42.839332],[21.423497,42.838863],[21.423544,42.838677],[21.423578,42.838534],[21.423648,42.83837],[21.423717,42.838161],[21.423766,42.837877],[21.423839,42.83753],[21.423833,42.837367],[21.423822,42.837174],[21.423904,42.836987],[21.423953,42.836843],[21.424025,42.836641],[21.424075,42.836522],[21.424156,42.836099],[21.42419,42.835974],[21.424205,42.835838],[21.424171,42.835401],[21.424157,42.835208],[21.424141,42.835003],[21.424162,42.834759],[21.424145,42.834565],[21.424125,42.8342],[21.424138,42.833866],[21.424213,42.833431],[21.424272,42.833138],[21.424272,42.832856],[21.424274,42.832727],[21.42423,42.832583],[21.424151,42.832498],[21.424001,42.832366],[21.423952,42.832262],[21.423903,42.832165],[21.423872,42.831966],[21.423754,42.831775],[21.42353,42.83153],[21.423366,42.831381],[21.423338,42.831239],[21.423099,42.831038],[21.422819,42.830838],[21.422677,42.830739],[21.422097,42.830271],[21.421419,42.829929],[21.421113,42.829867],[21.420744,42.829848],[21.420407,42.829816],[21.420194,42.829755],[21.420066,42.829717],[21.419876,42.829669],[21.419566,42.829558],[21.418381,42.828643],[21.418061,42.828044],[21.417786,42.827423],[21.417754,42.827186],[21.417636,42.826938],[21.417547,42.826809],[21.417393,42.826518],[21.417257,42.826189],[21.417235,42.825893],[21.41716,42.825285],[21.417172,42.825188],[21.417316,42.82487],[21.417353,42.824627],[21.417382,42.824517],[21.417415,42.823944],[21.41756,42.82359],[21.417697,42.823327],[21.417746,42.823244],[21.41794,42.822929],[21.418193,42.822672],[21.418332,42.822475],[21.418479,42.822238],[21.418615,42.822045],[21.418675,42.821877],[21.418746,42.821363],[21.418781,42.821218],[21.418929,42.820925],[21.418926,42.820715],[21.418961,42.82038],[21.418925,42.820341],[21.418902,42.82033],[21.418863,42.820305],[21.418879,42.820218],[21.418563,42.819884],[21.418391,42.819732],[21.418245,42.819615],[21.418111,42.819213],[21.418029,42.819002],[21.417887,42.818807],[21.417806,42.818496],[21.417769,42.818213],[21.417851,42.817884],[21.417875,42.817622],[21.417912,42.817247],[21.418071,42.817134],[21.418105,42.817085],[21.418155,42.81705],[21.418226,42.817017],[21.418352,42.816845],[21.418355,42.816842],[21.418472,42.816754],[21.418954,42.816322],[21.419033,42.816205],[21.419534,42.815465],[21.419868,42.815302],[21.420152,42.815151],[21.42045,42.814815],[21.420885,42.814321],[21.421263,42.813749],[21.421601,42.813208],[21.421715,42.812976],[21.422004,42.812618],[21.421923,42.812484],[21.422149,42.81231],[21.422234,42.812265],[21.422246,42.812259],[21.422408,42.812166],[21.422527,42.812125],[21.422786,42.812044],[21.422892,42.812006],[21.423226,42.811809],[21.423507,42.811639],[21.423745,42.811439],[21.42428,42.810964],[21.424453,42.810817],[21.42447,42.810802],[21.424737,42.810639],[21.424175,42.810567],[21.423941,42.81055],[21.423254,42.810567],[21.42302,42.810549],[21.422789,42.810533],[21.4227,42.810554],[21.422731,42.810508],[21.422798,42.810401],[21.422824,42.810225],[21.422816,42.810043],[21.42277,42.809762],[21.422738,42.809495],[21.422766,42.809185],[21.422751,42.808924],[21.422726,42.808739],[21.422745,42.808488],[21.422754,42.808418],[21.422732,42.808197],[21.422778,42.807927],[21.422792,42.807875],[21.4229,42.807627],[21.422907,42.807553],[21.422918,42.807441],[21.422973,42.807423],[21.422895,42.80725],[21.422857,42.806993],[21.422849,42.806827],[21.422846,42.806752],[21.422851,42.806461],[21.422854,42.806105],[21.422741,42.805805],[21.422493,42.805803],[21.422179,42.805788],[21.421885,42.805781],[21.421317,42.805743],[21.42069,42.80572],[21.420212,42.805656],[21.420162,42.805734],[21.419975,42.805684],[21.419515,42.80564],[21.419248,42.805654],[21.419159,42.805703],[21.418528,42.805751],[21.417658,42.805898],[21.417315,42.80595],[21.417073,42.805988],[21.416666,42.806089],[21.416168,42.806227],[21.415763,42.806196],[21.415522,42.806353],[21.415294,42.806399],[21.414511,42.806583],[21.413814,42.806796],[21.413111,42.806643],[21.412427,42.806429],[21.412107,42.806325],[21.412044,42.8065],[21.411896,42.806419],[21.411582,42.806199],[21.411379,42.806074],[21.410035,42.805245],[21.409859,42.804833],[21.409758,42.804625],[21.409693,42.804433],[21.409742,42.804002],[21.409696,42.803197],[21.409777,42.802706],[21.409675,42.802139],[21.409567,42.801532],[21.409509,42.8013],[21.409348,42.800935],[21.409184,42.800559],[21.409076,42.800298],[21.409036,42.800326],[21.408808,42.80011],[21.408703,42.800026],[21.408508,42.799783],[21.408508,42.799631],[21.408416,42.799395],[21.40836,42.799238],[21.408288,42.799133],[21.408095,42.798786],[21.408022,42.798628],[21.407927,42.79836],[21.407868,42.798156],[21.407809,42.79768],[21.407752,42.797551],[21.407606,42.797422],[21.407362,42.797281],[21.407274,42.797271],[21.406968,42.797154],[21.406689,42.796999],[21.406661,42.796961],[21.406624,42.79689],[21.406486,42.79664],[21.406444,42.796511],[21.406467,42.796268],[21.406479,42.795788],[21.406473,42.795213],[21.406479,42.79511],[21.406478,42.794915],[21.406416,42.794638],[21.406478,42.794285],[21.406626,42.793822],[21.406956,42.793506],[21.407109,42.793423],[21.407118,42.792979],[21.407298,42.792925],[21.407777,42.792909],[21.408484,42.792918],[21.408521,42.792984],[21.408557,42.793185],[21.409241,42.793165],[21.409772,42.793175],[21.410209,42.793123],[21.410982,42.792976],[21.4119,42.792642],[21.412042,42.792644],[21.412099,42.792292],[21.412139,42.791979],[21.412455,42.791707],[21.412622,42.791427],[21.41285,42.790682],[21.413313,42.790317],[21.412341,42.789823],[21.411892,42.789655],[21.411616,42.789448],[21.411492,42.789367],[21.410935,42.789123],[21.41067,42.789041],[21.410332,42.788947],[21.409945,42.788862],[21.409724,42.789071],[21.409469,42.788855],[21.40915,42.788571],[21.408995,42.788368],[21.408658,42.788068],[21.408541,42.787893],[21.40836,42.787718],[21.408577,42.787298],[21.408699,42.787016],[21.408772,42.786887],[21.408911,42.786587],[21.409027,42.786326],[21.409084,42.785911],[21.409179,42.785394],[21.409181,42.785216],[21.409285,42.784635],[21.409329,42.784299],[21.409501,42.784017],[21.409601,42.78384],[21.409697,42.783663],[21.409502,42.783478],[21.40934,42.783411],[21.409193,42.783269],[21.408948,42.783143],[21.408602,42.782962],[21.408477,42.782858],[21.408306,42.782668],[21.408154,42.782491],[21.407866,42.782077],[21.407774,42.781966],[21.4077,42.781954],[21.407711,42.781904],[21.407737,42.781829],[21.407838,42.78168],[21.408028,42.78144],[21.408075,42.781318],[21.408113,42.781219],[21.408151,42.780964],[21.408274,42.780641],[21.408294,42.780552],[21.408253,42.780345],[21.408235,42.780171],[21.408226,42.780093],[21.408361,42.779834],[21.408852,42.77961],[21.409169,42.779471],[21.409609,42.779242],[21.409842,42.778994],[21.410022,42.778776],[21.410318,42.778566],[21.41055,42.778281],[21.41077,42.778291],[21.410702,42.777991],[21.410805,42.777605],[21.411049,42.777201],[21.411118,42.776918],[21.411168,42.776729],[21.411233,42.776462],[21.411245,42.776216],[21.411291,42.776136],[21.411225,42.775995],[21.410919,42.775776],[21.4108,42.775651],[21.410742,42.775331],[21.410374,42.774589],[21.410354,42.774529],[21.410194,42.774211],[21.409521,42.773196],[21.409357,42.772869],[21.409003,42.772553],[21.408926,42.772535],[21.408563,42.772223],[21.408339,42.771983],[21.408316,42.771964],[21.408439,42.771882],[21.408556,42.771509],[21.408658,42.77146],[21.408702,42.771414],[21.408727,42.771369],[21.408688,42.771343],[21.408704,42.771214],[21.408705,42.771209],[21.408695,42.770841],[21.408671,42.770541],[21.40863,42.770183],[21.408604,42.769929],[21.408595,42.769754],[21.408251,42.769073],[21.408119,42.768841],[21.408144,42.76844],[21.408112,42.768317],[21.408102,42.768116],[21.408068,42.767679],[21.407975,42.767516],[21.40792,42.767398],[21.407669,42.767106],[21.407546,42.766832],[21.407371,42.766731],[21.407177,42.766671],[21.407065,42.766694],[21.406702,42.766691],[21.406174,42.766739],[21.405996,42.766779],[21.405577,42.766703],[21.404568,42.766689],[21.40417,42.766779],[21.403652,42.766901],[21.402952,42.767198],[21.40278,42.766975],[21.402572,42.766717],[21.402344,42.766526],[21.402128,42.766327],[21.401613,42.765841],[21.401501,42.76572],[21.401186,42.765371],[21.400967,42.765138],[21.40052,42.764711],[21.400518,42.76471],[21.400507,42.7647],[21.400496,42.764688],[21.40032,42.764677],[21.400068,42.764642],[21.399731,42.764594],[21.39932,42.764494],[21.399274,42.764449],[21.399251,42.764337],[21.399078,42.764195],[21.398901,42.764102],[21.398761,42.764046],[21.398543,42.764018],[21.398394,42.763965],[21.398299,42.763719],[21.398209,42.763561],[21.39815,42.763472],[21.398034,42.763272],[21.398032,42.763273],[21.397969,42.763088],[21.397967,42.763067],[21.3978,42.762915],[21.397701,42.762893],[21.3973,42.762794],[21.397139,42.762747],[21.396758,42.76264],[21.396661,42.76261],[21.396089,42.762373],[21.396025,42.762362],[21.395816,42.762294],[21.395575,42.762203],[21.395287,42.762067],[21.394899,42.761755],[21.394775,42.761544],[21.394613,42.761227],[21.394435,42.76069],[21.39437,42.760566],[21.394233,42.760459],[21.394147,42.760382],[21.393914,42.760118],[21.393868,42.759965],[21.393875,42.759745],[21.393864,42.759649],[21.393858,42.7596],[21.39343,42.759447],[21.39339,42.759433],[21.393174,42.759356],[21.392904,42.759244],[21.392296,42.758994],[21.391316,42.758414],[21.391192,42.758261],[21.391177,42.758226],[21.391127,42.758221],[21.390495,42.758178],[21.389197,42.758239],[21.38917,42.757582],[21.389157,42.756943],[21.389141,42.756695],[21.389095,42.756505],[21.389062,42.756329],[21.388905,42.755766],[21.388876,42.755418],[21.388762,42.755122],[21.38886,42.754734],[21.389049,42.754321],[21.389145,42.754042],[21.38909,42.753793],[21.389018,42.753567],[21.388849,42.753359],[21.38881,42.753246],[21.388789,42.753099],[21.388908,42.752674],[21.388924,42.752619],[21.388958,42.752518],[21.389024,42.752318],[21.38909,42.752122],[21.389212,42.751757],[21.389488,42.750903],[21.389523,42.75011],[21.38953,42.74995],[21.389936,42.749609],[21.390382,42.749196],[21.390843,42.748637],[21.391141,42.748275],[21.391197,42.748217],[21.392159,42.747051],[21.392527,42.746087],[21.392684,42.745659],[21.392833,42.745408],[21.392982,42.745157],[21.393493,42.745163],[21.394005,42.745169],[21.394354,42.745187],[21.394922,42.745106],[21.395489,42.745026],[21.395783,42.744999],[21.396078,42.744972],[21.396479,42.744811],[21.396879,42.744651],[21.397786,42.744286],[21.397834,42.744268],[21.397983,42.744212],[21.398423,42.744064],[21.398863,42.743915],[21.399053,42.743851],[21.399503,42.743693],[21.400142,42.743763],[21.400781,42.743834],[21.401574,42.743903],[21.402027,42.744042],[21.402104,42.744046],[21.402273,42.744146],[21.402556,42.744278],[21.40284,42.744409],[21.403271,42.744373],[21.403587,42.744282],[21.403903,42.744191],[21.40395,42.744162],[21.407335,42.743607],[21.408043,42.743522],[21.408275,42.743695],[21.408361,42.743727],[21.409211,42.743835],[21.409467,42.743865],[21.40983,42.74392],[21.410444,42.744123],[21.410628,42.744218],[21.410644,42.744228],[21.411004,42.744526],[21.411157,42.744603],[21.411257,42.744624],[21.412235,42.7451],[21.41227,42.745108],[21.413254,42.745429],[21.413509,42.745525],[21.413702,42.745584],[21.413782,42.745613],[21.413655,42.745757],[21.413648,42.745801],[21.413909,42.745853],[21.41433,42.745934],[21.41463,42.745992],[21.415064,42.74617],[21.415418,42.74591],[21.416244,42.745127],[21.416427,42.744952],[21.416803,42.744889],[21.417101,42.744601],[21.417494,42.744403],[21.417683,42.744257],[21.417892,42.744182],[21.418939,42.745145],[21.419073,42.745269],[21.419336,42.7452],[21.419398,42.745268],[21.419399,42.745268],[21.419446,42.745437],[21.419522,42.745513],[21.419637,42.745568],[21.419825,42.745608],[21.419994,42.745601],[21.42016,42.745559],[21.42029,42.745546],[21.420354,42.745726],[21.420251,42.745962],[21.420056,42.746181],[21.420107,42.746241],[21.420195,42.74625],[21.420422,42.746297],[21.420585,42.746328],[21.420922,42.746385],[21.421145,42.746455],[21.4212,42.746485],[21.421588,42.746295],[21.422011,42.746322],[21.422188,42.746351],[21.422402,42.746325],[21.42246,42.746316],[21.422953,42.746251],[21.423526,42.7461],[21.424023,42.746024],[21.424321,42.745994],[21.424524,42.745969],[21.424843,42.745935],[21.425006,42.745889],[21.425207,42.745828],[21.425291,42.745806],[21.425526,42.745768],[21.425775,42.745729],[21.426012,42.745688],[21.426266,42.74569],[21.426545,42.745759],[21.426755,42.745886],[21.42697,42.745976],[21.427099,42.746034],[21.427166,42.746065],[21.427456,42.746187],[21.427804,42.746338],[21.428201,42.746528],[21.428369,42.746602],[21.428555,42.746684],[21.428877,42.746803],[21.428959,42.746832],[21.428987,42.746844],[21.429321,42.746964],[21.429658,42.747066],[21.429876,42.747164],[21.430153,42.747281],[21.430433,42.747399],[21.430472,42.747419],[21.430667,42.747503],[21.430989,42.747663],[21.431286,42.747903],[21.431466,42.747964],[21.431475,42.748045],[21.431846,42.748138],[21.431896,42.748184],[21.432034,42.748098],[21.4321,42.748081],[21.432501,42.747984],[21.432826,42.747852],[21.432886,42.747789],[21.433768,42.747809],[21.433816,42.747681],[21.434149,42.747643],[21.434628,42.747575],[21.434889,42.747788],[21.435111,42.748],[21.435205,42.748003],[21.43527,42.74805],[21.435468,42.74809],[21.435572,42.74811],[21.435949,42.748191],[21.436378,42.748228],[21.436482,42.748226],[21.437504,42.748176],[21.439184,42.748463],[21.439334,42.748519],[21.439542,42.748557],[21.440158,42.748839],[21.440531,42.748937],[21.44074,42.748992],[21.441089,42.749005],[21.441965,42.747899],[21.442111,42.747763],[21.442119,42.747718],[21.442129,42.747709],[21.442594,42.747319],[21.444464,42.747935],[21.44488,42.748156],[21.445925,42.748951],[21.446386,42.749184],[21.446809,42.749415],[21.446875,42.749443],[21.447456,42.749844],[21.447663,42.749947],[21.447744,42.74996],[21.447986,42.74997],[21.448391,42.750043],[21.449113,42.750162],[21.449617,42.750084],[21.450121,42.749903],[21.450182,42.749403],[21.450222,42.749077],[21.450725,42.747346],[21.451335,42.746196],[21.451404,42.745903],[21.451681,42.745065],[21.452152,42.744753],[21.452359,42.744607],[21.452442,42.744514],[21.452684,42.744401],[21.452902,42.744288],[21.453238,42.744178],[21.45345,42.744053],[21.454022,42.743826],[21.454073,42.743802],[21.454429,42.743658],[21.454764,42.743458],[21.455064,42.743211],[21.4551,42.743141],[21.45527,42.742944],[21.455473,42.742733],[21.455683,42.742612],[21.455871,42.742527],[21.455963,42.742464],[21.456165,42.742357],[21.456287,42.742327],[21.456656,42.742303],[21.457076,42.742287],[21.457292,42.742295],[21.457378,42.742277],[21.457425,42.742218],[21.457532,42.742138],[21.457885,42.742016],[21.458101,42.741891],[21.45839,42.741728],[21.458674,42.741476],[21.458797,42.741399],[21.4589,42.741325],[21.459087,42.741204],[21.459403,42.741034],[21.459494,42.741008],[21.459537,42.740982],[21.459756,42.740843],[21.459919,42.740656],[21.460032,42.740552],[21.460138,42.74046],[21.460297,42.740313],[21.460599,42.740133],[21.460713,42.740082],[21.460909,42.739978],[21.46106,42.739898],[21.461211,42.739818],[21.461382,42.739726],[21.461553,42.739634],[21.461757,42.739564],[21.462175,42.739484],[21.46238,42.739473],[21.4626,42.739464],[21.462815,42.739426],[21.462991,42.739322],[21.463167,42.739217],[21.463353,42.739059],[21.463856,42.738719],[21.463999,42.738603],[21.464062,42.738546],[21.464226,42.738317],[21.464632,42.737886],[21.464969,42.737528],[21.465126,42.737423],[21.465159,42.737401],[21.465597,42.737254],[21.465778,42.73719],[21.466305,42.736961],[21.467042,42.736574],[21.467471,42.736309],[21.467503,42.736337],[21.467795,42.736575],[21.468452,42.736956],[21.468566,42.736953],[21.468572,42.736978],[21.468668,42.737117],[21.468818,42.737282],[21.469012,42.737547],[21.469087,42.737752],[21.469103,42.7379],[21.469079,42.738074],[21.469065,42.738269],[21.46903,42.738592],[21.469037,42.738707],[21.469009,42.738908],[21.469021,42.739086],[21.469085,42.739174],[21.469339,42.739371],[21.469582,42.739545],[21.469823,42.739679],[21.47004,42.739801],[21.470143,42.739866],[21.470365,42.739998],[21.47041,42.740071],[21.470407,42.740161],[21.470583,42.740418],[21.470582,42.740591],[21.470588,42.740818],[21.470665,42.740935],[21.470798,42.741018],[21.471007,42.741131],[21.471206,42.741286],[21.47127,42.741477],[21.471227,42.741652],[21.471381,42.741899],[21.471514,42.741956],[21.471791,42.742138],[21.471986,42.74228],[21.472259,42.742537],[21.472404,42.742781],[21.472583,42.743392],[21.472726,42.743624],[21.472786,42.743796],[21.472823,42.743909],[21.473003,42.744365],[21.473006,42.744516],[21.47305,42.744598],[21.47311,42.744709],[21.473274,42.744933],[21.473287,42.744999],[21.473476,42.74517],[21.473656,42.745354],[21.473858,42.745493],[21.474159,42.745763],[21.474223,42.74583],[21.474575,42.746227],[21.474785,42.74648],[21.475227,42.746793],[21.475234,42.746798],[21.475675,42.747051],[21.475869,42.747131],[21.476134,42.747339],[21.476735,42.74753],[21.477137,42.747595],[21.47798,42.747644],[21.478425,42.74765],[21.478722,42.747684],[21.478806,42.747698],[21.478985,42.747694],[21.479332,42.747668],[21.479451,42.747587],[21.47996,42.74698],[21.480255,42.746675],[21.480182,42.746671],[21.480214,42.746644],[21.480506,42.746392],[21.48086,42.746086],[21.481277,42.745918],[21.481619,42.745787],[21.482311,42.74548],[21.482476,42.74536],[21.482626,42.74525],[21.482627,42.745249],[21.48267,42.74522],[21.482945,42.74513],[21.483091,42.745039],[21.483383,42.744879],[21.483411,42.744846],[21.484014,42.744146],[21.484231,42.743872],[21.484399,42.743581],[21.484646,42.74314],[21.484675,42.743114],[21.485121,42.742626],[21.485399,42.742389],[21.4854,42.742389],[21.485868,42.742194],[21.486457,42.741852],[21.486623,42.741746],[21.487142,42.741597],[21.487724,42.741432],[21.488081,42.741357],[21.488432,42.741283],[21.489001,42.741149],[21.489307,42.741063],[21.490369,42.740761],[21.490533,42.740701],[21.492543,42.740154],[21.492755,42.740094],[21.493397,42.740199],[21.493722,42.740015],[21.493953,42.739884],[21.494049,42.739848],[21.494249,42.739732],[21.495098,42.738846],[21.495727,42.73863],[21.496227,42.738463],[21.497244,42.738115],[21.497257,42.738075],[21.497845,42.737787],[21.498111,42.737605],[21.498217,42.737392],[21.498252,42.737109],[21.498342,42.736766],[21.498471,42.73624],[21.499224,42.736079],[21.499646,42.735876],[21.499761,42.735822],[21.500009,42.735704],[21.500237,42.735603],[21.50055,42.735491],[21.50074,42.735405],[21.500856,42.735228],[21.500946,42.735134],[21.501121,42.735019],[21.501296,42.734904],[21.501521,42.734695],[21.501571,42.734647],[21.50153,42.734423],[21.501441,42.733938],[21.501395,42.733655],[21.501494,42.733561],[21.502024,42.733362],[21.502524,42.733187],[21.503373,42.73295],[21.503863,42.732804],[21.503886,42.732796],[21.504643,42.732645],[21.505513,42.732489],[21.505674,42.732465],[21.506087,42.732435],[21.506559,42.732452],[21.507152,42.732734],[21.507766,42.732907],[21.508381,42.732613],[21.508895,42.732625],[21.509152,42.732632],[21.509502,42.732644],[21.510195,42.732674],[21.510702,42.732629],[21.511324,42.732481],[21.5118,42.732095],[21.511994,42.731793],[21.512064,42.731691],[21.512404,42.731125],[21.512455,42.731069],[21.512496,42.730999],[21.512701,42.730768],[21.51297,42.730454],[21.512984,42.730252],[21.512983,42.73015],[21.512959,42.729735],[21.512959,42.729722],[21.513488,42.72965],[21.514367,42.729579],[21.515077,42.729536],[21.515338,42.72952],[21.515929,42.72949],[21.515929,42.729491],[21.516693,42.729453],[21.516821,42.729437],[21.516849,42.729434],[21.516881,42.729445],[21.517115,42.729428],[21.517384,42.729407],[21.517476,42.729407],[21.51747,42.729451],[21.517793,42.729326],[21.518163,42.729184],[21.518471,42.729066],[21.518684,42.728887],[21.518785,42.728784],[21.518876,42.728682],[21.51892,42.728526],[21.518985,42.72826],[21.519024,42.728106],[21.519168,42.728045],[21.51988,42.727901],[21.520255,42.727825],[21.520791,42.727716],[21.521016,42.72767],[21.521015,42.72767],[21.521159,42.727641],[21.521166,42.727641],[21.521529,42.727562],[21.521667,42.727542],[21.522148,42.727433],[21.522577,42.727289],[21.5229,42.72716],[21.523225,42.727033],[21.523409,42.726912],[21.523543,42.726774],[21.523683,42.726634],[21.523931,42.726413],[21.524068,42.72631],[21.524516,42.72616],[21.52506,42.725982],[21.525705,42.725768],[21.52613,42.725559],[21.52682,42.725412],[21.527415,42.725236],[21.527754,42.725157],[21.528277,42.725004],[21.528276,42.725137],[21.528328,42.725172],[21.529035,42.725213],[21.529544,42.725242],[21.529988,42.72528],[21.530398,42.725319],[21.530596,42.72534],[21.530947,42.725226],[21.53154,42.725065],[21.531764,42.725003],[21.532595,42.724876],[21.533244,42.724785],[21.533872,42.724685],[21.534547,42.724575],[21.534918,42.724504],[21.535135,42.724468],[21.535424,42.724421],[21.535833,42.724313],[21.536433,42.724154],[21.536943,42.724016],[21.537677,42.723821],[21.538214,42.723677],[21.53896,42.723476],[21.539168,42.723427],[21.539564,42.72332],[21.539894,42.723234],[21.539958,42.723208],[21.540529,42.723062],[21.540609,42.723283],[21.540948,42.724246],[21.541165,42.724913],[21.541421,42.725693],[21.54146,42.726345],[21.541466,42.726448],[21.541479,42.726737],[21.541446,42.726955],[21.54141,42.727215],[21.541386,42.727725],[21.541359,42.728252],[21.542228,42.729072],[21.542227,42.729079],[21.543585,42.729462],[21.543814,42.729527],[21.544154,42.729435],[21.544179,42.729413],[21.544342,42.729369],[21.545637,42.729916],[21.545744,42.729928],[21.546105,42.730012],[21.546108,42.730011],[21.546601,42.730129],[21.547616,42.730231],[21.548484,42.730516],[21.548828,42.730632],[21.548945,42.730631],[21.549212,42.730627],[21.549959,42.730615],[21.551273,42.730577],[21.551307,42.730508],[21.551973,42.730809],[21.552897,42.731285],[21.553066,42.731564],[21.553727,42.732686],[21.553683,42.732873],[21.553603,42.733234],[21.553969,42.733721],[21.554155,42.733911],[21.554376,42.734111],[21.55443,42.734196],[21.554525,42.734343],[21.554772,42.734498],[21.554974,42.734686],[21.555174,42.734875],[21.555432,42.735099],[21.555785,42.735432],[21.555838,42.735479],[21.55605,42.735709],[21.556208,42.735792],[21.556272,42.735826],[21.557153,42.736289],[21.55716,42.736295],[21.55768,42.736623],[21.558328,42.737046],[21.558811,42.737351],[21.559025,42.737518],[21.559242,42.73764],[21.559484,42.737717],[21.559541,42.737655],[21.559666,42.737498],[21.560417,42.736555],[21.560737,42.735892],[21.560971,42.735413],[21.561184,42.734961],[21.561331,42.734661],[21.561356,42.734609],[21.561436,42.734447],[21.56145,42.734396],[21.56142,42.73436],[21.56166,42.733754],[21.561738,42.733558],[21.561822,42.733349],[21.561869,42.733229],[21.562381,42.732893],[21.56281,42.732615],[21.563112,42.732419],[21.564037,42.731807],[21.564259,42.731691],[21.564499,42.731548],[21.564636,42.731504],[21.564676,42.731544],[21.565306,42.731773],[21.566394,42.73217],[21.567554,42.731338],[21.567667,42.731254],[21.567717,42.731218],[21.568828,42.730454],[21.569542,42.729667],[21.569742,42.729421],[21.569762,42.729208],[21.569792,42.729164],[21.569815,42.729128],[21.569995,42.728861],[21.570489,42.72851],[21.57145,42.727831],[21.571608,42.727841],[21.573166,42.728005],[21.574673,42.728163],[21.574749,42.728175],[21.57512,42.728201],[21.575382,42.728249],[21.575462,42.728273],[21.577197,42.728567],[21.578033,42.728709],[21.578444,42.728371],[21.579445,42.727535],[21.579752,42.727282],[21.579875,42.727183],[21.57993,42.727132],[21.579874,42.727028],[21.580366,42.726411],[21.580423,42.726345],[21.580476,42.726281],[21.581267,42.725283],[21.581996,42.726262],[21.582672,42.727193],[21.58278,42.727344],[21.582847,42.727427],[21.582886,42.727478],[21.582921,42.727526],[21.582872,42.727643],[21.583983,42.727727],[21.584059,42.727736],[21.585023,42.727806],[21.585101,42.727811],[21.586792,42.727939],[21.588843,42.727417],[21.590259,42.727063],[21.591279,42.726802],[21.591204,42.726698],[21.592318,42.726183],[21.592458,42.725553],[21.59246,42.725327],[21.592465,42.724523],[21.592473,42.724412],[21.592491,42.723795],[21.592757,42.72331],[21.593043,42.722975],[21.593313,42.722597],[21.593352,42.722508],[21.593432,42.722325],[21.593481,42.72217],[21.593491,42.722118],[21.593532,42.721822],[21.593545,42.721762],[21.593549,42.721743],[21.593628,42.72116],[21.593605,42.721036],[21.593539,42.720677],[21.593453,42.720242],[21.593452,42.719165],[21.593408,42.718455],[21.593384,42.718007],[21.593128,42.717291],[21.59282,42.716401],[21.592682,42.716001],[21.592641,42.71588],[21.592618,42.715813],[21.592337,42.715043],[21.59197,42.714454],[21.591602,42.713864],[21.591375,42.713375],[21.591295,42.713234],[21.591133,42.712893],[21.590889,42.712185],[21.59071,42.711742],[21.590435,42.711424],[21.590284,42.711244],[21.589834,42.710736],[21.58915,42.709959],[21.588811,42.709571],[21.588783,42.70951],[21.588695,42.709421],[21.587755,42.708361],[21.587649,42.708267],[21.587234,42.707894],[21.586974,42.707586],[21.586581,42.707125],[21.586544,42.706796],[21.586538,42.706748],[21.58652,42.706586],[21.586503,42.706433],[21.586441,42.706278],[21.586411,42.706197],[21.586338,42.706013],[21.586365,42.705466],[21.586421,42.704937],[21.586437,42.704792],[21.586502,42.704174],[21.586917,42.703853],[21.587258,42.703597],[21.58813,42.703883],[21.588553,42.703928],[21.58905,42.703987],[21.589128,42.703994],[21.589633,42.704053],[21.590158,42.704144],[21.590639,42.704221],[21.59146,42.704354],[21.591991,42.704369],[21.592773,42.704392],[21.593549,42.704412],[21.593615,42.704422],[21.593872,42.704421],[21.594745,42.704338],[21.594823,42.704323],[21.594983,42.704296],[21.595274,42.704254],[21.595689,42.704108],[21.595698,42.704105],[21.595696,42.704104],[21.596432,42.703853],[21.597129,42.703665],[21.597939,42.703391],[21.598153,42.703319],[21.598848,42.703086],[21.598943,42.703053],[21.599099,42.702998],[21.600068,42.70249],[21.600264,42.702331],[21.600694,42.701985],[21.601358,42.701452],[21.601406,42.701325],[21.601635,42.700708],[21.601727,42.700585],[21.602171,42.699992],[21.602364,42.699723],[21.602768,42.69916],[21.603303,42.698925],[21.603354,42.698904],[21.603849,42.698705],[21.604344,42.698506],[21.604414,42.698484],[21.604451,42.698473],[21.604558,42.69849],[21.605743,42.697914],[21.605883,42.697909],[21.606592,42.697886],[21.606645,42.697882],[21.607309,42.697832],[21.60777,42.697665],[21.608065,42.69749],[21.60845,42.697362],[21.608484,42.697351],[21.609017,42.697149],[21.60939,42.697007],[21.609496,42.696974],[21.609861,42.696852],[21.61015,42.696799],[21.610477,42.696759],[21.611171,42.696686],[21.611616,42.696667],[21.611995,42.696678],[21.612052,42.696707],[21.612044,42.696729],[21.612423,42.696887],[21.612794,42.69716],[21.613109,42.697377],[21.613551,42.697475],[21.613827,42.697477],[21.614104,42.697442],[21.614402,42.697422],[21.614568,42.697398],[21.614668,42.69739],[21.6149,42.697372],[21.615142,42.697275],[21.615518,42.696997],[21.615828,42.696783],[21.615945,42.696686],[21.615956,42.69664],[21.616205,42.696576],[21.616442,42.696491],[21.616986,42.696236],[21.617242,42.696079],[21.617732,42.695774],[21.617834,42.695699],[21.618152,42.695486],[21.618647,42.695187],[21.618694,42.695214],[21.618681,42.69532],[21.618727,42.695401],[21.618899,42.695858],[21.619062,42.696147],[21.619234,42.696287],[21.619937,42.696532],[21.620704,42.696808],[21.621104,42.696908],[21.621499,42.696898],[21.621912,42.696862],[21.622504,42.696891],[21.622796,42.696915],[21.623727,42.696994],[21.624449,42.697053],[21.6248,42.697059],[21.625283,42.697023],[21.625652,42.69703],[21.625837,42.697056],[21.626027,42.697107],[21.626253,42.69716],[21.626403,42.697198],[21.626697,42.697292],[21.62701,42.697453],[21.627159,42.697658],[21.627286,42.697869],[21.627428,42.698155],[21.62762,42.698585],[21.627835,42.698908],[21.628043,42.699217],[21.628122,42.699339],[21.628377,42.699609],[21.628441,42.699792],[21.628539,42.699828],[21.62867,42.699855],[21.629022,42.699923],[21.629443,42.699947],[21.630015,42.699963],[21.630126,42.699968],[21.63057,42.700168],[21.630936,42.700303],[21.6313,42.700439],[21.631431,42.700478],[21.63148,42.700457],[21.631865,42.700116],[21.632541,42.69958],[21.633413,42.699057],[21.633708,42.698742],[21.633792,42.698166],[21.633813,42.698089],[21.633959,42.697544],[21.634022,42.69724],[21.634177,42.69706],[21.634371,42.697039],[21.634642,42.697071],[21.634838,42.697099],[21.635492,42.697259],[21.636208,42.697499],[21.636643,42.697552],[21.637191,42.697676],[21.637472,42.697753],[21.638112,42.69822],[21.638328,42.698096],[21.638577,42.697584],[21.638827,42.697117],[21.638897,42.696538],[21.639189,42.696025],[21.639334,42.695688],[21.639414,42.695541],[21.639401,42.695156],[21.63938,42.69491],[21.639295,42.694487],[21.639277,42.694439],[21.639311,42.694161],[21.639296,42.693831],[21.639159,42.693337],[21.639096,42.692942],[21.639156,42.692445],[21.63925,42.692377],[21.639443,42.692319],[21.639591,42.692241],[21.639723,42.69209],[21.639778,42.691949],[21.639837,42.691656],[21.639923,42.691395],[21.640125,42.691306],[21.640567,42.69124],[21.641266,42.691027],[21.641421,42.690962],[21.641847,42.690756],[21.64204,42.690202],[21.642177,42.689659],[21.642289,42.689276],[21.64252,42.688722],[21.642617,42.688373],[21.642708,42.688268],[21.642747,42.68792],[21.642813,42.68744],[21.643088,42.687018],[21.643332,42.686705],[21.643817,42.686372],[21.644012,42.68623],[21.64408,42.686068],[21.64412,42.685611],[21.644117,42.684987],[21.644139,42.684647],[21.644137,42.684478],[21.644182,42.68423],[21.644124,42.684064],[21.644089,42.683958],[21.644075,42.683673],[21.64409,42.683531],[21.644114,42.683353],[21.644213,42.683126],[21.644572,42.682675],[21.644482,42.682443],[21.644412,42.682122],[21.644297,42.681595],[21.644265,42.681448],[21.644156,42.680952],[21.64413,42.680636],[21.644085,42.680425],[21.644153,42.680315],[21.644216,42.680102],[21.644536,42.67969],[21.644808,42.679363],[21.645014,42.679174],[21.645093,42.679093],[21.645218,42.678964],[21.645447,42.678729],[21.645661,42.678509],[21.645979,42.678183],[21.64605,42.67811],[21.646314,42.677855],[21.646628,42.677534],[21.646981,42.677241],[21.647293,42.676998],[21.647541,42.676852],[21.647778,42.676761],[21.647926,42.676725],[21.648046,42.676737],[21.648228,42.676733],[21.648529,42.67672],[21.649023,42.676739],[21.649104,42.676498],[21.649189,42.676275],[21.64935,42.675839],[21.649468,42.675524],[21.649625,42.675083],[21.649867,42.674662],[21.650204,42.674222],[21.650707,42.673749],[21.651086,42.673429],[21.651351,42.67328],[21.651654,42.673086],[21.651981,42.672856],[21.652111,42.672748],[21.652251,42.672632],[21.65242,42.672513],[21.652652,42.672366],[21.653039,42.672032],[21.653185,42.671948],[21.653286,42.671854],[21.653462,42.671594],[21.653528,42.671346],[21.653602,42.671112],[21.653634,42.670921],[21.65383,42.670525],[21.654003,42.670232],[21.654081,42.670136],[21.654349,42.669914],[21.654421,42.669836],[21.654828,42.669684],[21.65523,42.669657],[21.655451,42.669652],[21.655457,42.669658],[21.655952,42.669446],[21.656212,42.669241],[21.656464,42.669025],[21.656603,42.668875],[21.656757,42.668734],[21.656986,42.668601],[21.657138,42.66841],[21.65723,42.668332],[21.657373,42.668237],[21.657599,42.668079],[21.65769,42.667938],[21.65794,42.667795],[21.658089,42.667754],[21.658166,42.667729],[21.658315,42.667642],[21.658313,42.667639],[21.658486,42.667572],[21.658776,42.667399],[21.658823,42.667361],[21.658929,42.667262],[21.659267,42.666991],[21.659567,42.666672],[21.659675,42.666398],[21.659826,42.666145],[21.660081,42.665827],[21.660332,42.665517],[21.660379,42.665482],[21.660421,42.66551],[21.660615,42.665531],[21.660899,42.665896],[21.661161,42.666268],[21.661212,42.66634],[21.661407,42.666582],[21.66155,42.666782],[21.661773,42.667217],[21.661937,42.667816],[21.661979,42.66797],[21.662124,42.668501],[21.66231,42.669029],[21.662468,42.669455],[21.662839,42.669587],[21.663272,42.669605],[21.663777,42.6696],[21.664438,42.669567],[21.664681,42.669481],[21.665425,42.669963],[21.665821,42.67022],[21.666517,42.670391],[21.666644,42.670419],[21.667535,42.670643],[21.667671,42.67071],[21.668347,42.671042],[21.668649,42.671171],[21.669191,42.67144],[21.669342,42.67151],[21.6694,42.671538],[21.669403,42.671714],[21.669412,42.672249],[21.669423,42.672341],[21.669484,42.672874],[21.669523,42.673022],[21.669602,42.67325],[21.669788,42.673785],[21.669891,42.67402],[21.669928,42.674194],[21.669949,42.674278],[21.670073,42.674773],[21.670109,42.675091],[21.670144,42.675348],[21.670175,42.675751],[21.670559,42.675902],[21.67138,42.676223],[21.671919,42.676431],[21.672154,42.676522],[21.672888,42.676805],[21.673065,42.676873],[21.673084,42.677315],[21.673113,42.677459],[21.673071,42.677619],[21.672942,42.67812],[21.672702,42.678555],[21.672523,42.678893],[21.67217,42.679233],[21.672119,42.679412],[21.671956,42.679972],[21.671869,42.680247],[21.67183,42.680505],[21.671754,42.68101],[21.671727,42.681307],[21.671696,42.681652],[21.671664,42.682006],[21.671624,42.68245],[21.671559,42.683167],[21.671781,42.68343],[21.671891,42.683584],[21.672284,42.684132],[21.672494,42.68439],[21.672899,42.684888],[21.673263,42.685311],[21.673802,42.686032],[21.673951,42.686403],[21.674027,42.68658],[21.674065,42.686673],[21.674284,42.687215],[21.67459,42.687225],[21.675303,42.687246],[21.676019,42.687256],[21.676864,42.687332],[21.677211,42.687478],[21.677655,42.687683],[21.678174,42.688049],[21.678544,42.688286],[21.679128,42.688717],[21.679297,42.688726],[21.680012,42.688765],[21.680061,42.688769],[21.680336,42.688785],[21.681194,42.688838],[21.68176,42.688885],[21.682159,42.68895],[21.682753,42.689045],[21.68319,42.689116],[21.684092,42.689261],[21.684875,42.689654],[21.685137,42.689784],[21.685844,42.690136],[21.686347,42.69033],[21.687105,42.690606],[21.687921,42.690904],[21.68839,42.691054],[21.689394,42.691374],[21.689452,42.691362],[21.68953,42.69136],[21.689998,42.691388],[21.690334,42.691408],[21.691098,42.691454],[21.692023,42.691377],[21.692416,42.691325],[21.693002,42.691248],[21.693829,42.691139],[21.693952,42.691147],[21.694258,42.691162],[21.694647,42.691164],[21.695192,42.691123],[21.695286,42.691095],[21.69552,42.690987],[21.696132,42.69095],[21.696933,42.690834],[21.69729,42.690857],[21.697454,42.690879],[21.697602,42.69094],[21.697951,42.69093],[21.698318,42.690976],[21.698485,42.691006],[21.698707,42.691052],[21.699589,42.691231],[21.699818,42.691289],[21.699866,42.691228],[21.700042,42.691278],[21.700358,42.691321],[21.70112,42.691424],[21.701256,42.691456],[21.701356,42.691516],[21.701391,42.691592],[21.70178,42.691717],[21.702561,42.691968],[21.702801,42.692213],[21.703311,42.692735],[21.703858,42.692402],[21.70406,42.692275],[21.704139,42.692161],[21.704251,42.692006],[21.704655,42.691443],[21.70487,42.691096],[21.70519,42.69069],[21.705659,42.690326],[21.706531,42.689896],[21.707028,42.68989],[21.707509,42.689914],[21.707962,42.689889],[21.70855,42.689968],[21.708766,42.690004],[21.709088,42.690086],[21.709922,42.690249],[21.710294,42.690365],[21.710911,42.690527],[21.7114,42.690629],[21.711562,42.690634],[21.711537,42.690687],[21.711896,42.69074],[21.712744,42.690867],[21.712967,42.690865],[21.713214,42.690839],[21.713957,42.69076],[21.714251,42.690671],[21.714631,42.690397],[21.715148,42.690149],[21.715337,42.689993],[21.71534,42.68993],[21.715406,42.689932],[21.715561,42.690048],[21.715712,42.690124],[21.715989,42.690233],[21.7162,42.690286],[21.716446,42.690391],[21.716692,42.690486],[21.71705,42.690594],[21.717375,42.690724],[21.717724,42.690834],[21.717802,42.690849],[21.718069,42.690932],[21.718359,42.691053],[21.718546,42.691155],[21.718623,42.691186],[21.718767,42.691308],[21.718978,42.691416],[21.719112,42.691475],[21.71929,42.691571],[21.719459,42.691694],[21.719523,42.691756],[21.719613,42.691829],[21.719683,42.692005],[21.719925,42.692243],[21.720004,42.692319],[21.720105,42.692395],[21.720153,42.692428],[21.720196,42.692442],[21.720356,42.692485],[21.720521,42.692506],[21.720903,42.692591],[21.72097,42.692602],[21.721148,42.692604],[21.721258,42.692577],[21.721382,42.692569],[21.721452,42.692565],[21.721675,42.692522],[21.72175,42.692493],[21.721826,42.692447],[21.722046,42.692415],[21.722246,42.69231],[21.722472,42.692248],[21.722473,42.692248],[21.722588,42.692216],[21.722823,42.692148],[21.723018,42.692113],[21.723281,42.692057],[21.723399,42.691998],[21.72363,42.692355],[21.723906,42.692782],[21.724298,42.693386],[21.724568,42.693975],[21.724739,42.694352],[21.724972,42.694867],[21.725205,42.695382],[21.725759,42.695298],[21.726524,42.695182],[21.726986,42.695159],[21.727695,42.695124],[21.727933,42.695139],[21.72867,42.695186],[21.729132,42.695287],[21.729816,42.695437],[21.730614,42.695322],[21.730966,42.695272],[21.731739,42.695161],[21.732164,42.694851],[21.73254,42.694576],[21.733255,42.694053],[21.733263,42.694005],[21.73333,42.694003],[21.734003,42.694148],[21.734611,42.694279],[21.735347,42.694437],[21.73607,42.694592],[21.736868,42.694761],[21.738058,42.695015],[21.73854,42.695123],[21.738984,42.695593],[21.73922,42.69573],[21.739507,42.695891],[21.739728,42.695923],[21.739874,42.695973],[21.740089,42.696052],[21.741019,42.696505],[21.741437,42.696716],[21.742015,42.697161],[21.743048,42.697978],[21.743312,42.698183],[21.743863,42.698524],[21.744881,42.699156],[21.746027,42.699862],[21.747077,42.700358],[21.74755,42.700581],[21.748537,42.700969],[21.748607,42.70098],[21.749795,42.70118],[21.750797,42.701358],[21.751093,42.701384],[21.751269,42.701399],[21.751473,42.701373],[21.751969,42.701356],[21.752392,42.701292],[21.752629,42.701231],[21.752846,42.70115],[21.752988,42.701112],[21.753129,42.701075],[21.75333,42.70096],[21.753409,42.700946],[21.753374,42.700858],[21.753375,42.700452],[21.753371,42.699743],[21.753356,42.698654],[21.753336,42.695847],[21.753451,42.695459],[21.753739,42.695089],[21.754739,42.694439],[21.755872,42.693827],[21.755879,42.693823],[21.75596,42.693775],[21.756277,42.693564],[21.756526,42.693199],[21.756207,42.692729],[21.756091,42.69242],[21.755942,42.692226],[21.755905,42.692159],[21.756296,42.690891],[21.756474,42.690428],[21.756768,42.689811],[21.756786,42.689619],[21.75679,42.68962],[21.756892,42.689269],[21.756898,42.689178],[21.757008,42.688934],[21.757124,42.688587],[21.757504,42.687995],[21.757603,42.687893],[21.757879,42.687563],[21.757927,42.687588],[21.758255,42.687341],[21.758494,42.687106],[21.758694,42.686769],[21.758758,42.686587],[21.758773,42.686228],[21.758798,42.685905],[21.75971,42.684618],[21.759706,42.683799],[21.760866,42.682829],[21.762072,42.682265],[21.763381,42.682129],[21.76366,42.682099],[21.764088,42.682057],[21.764321,42.681803],[21.765051,42.681003],[21.765498,42.680795],[21.765805,42.680569],[21.766429,42.680434],[21.76673,42.680377],[21.766947,42.680221],[21.767045,42.680152],[21.767091,42.679993],[21.76786,42.679749],[21.76827,42.679666],[21.768562,42.679606],[21.768657,42.679512],[21.76878,42.679349],[21.768998,42.679064],[21.769076,42.678957],[21.771728,42.67691],[21.771596,42.676209],[21.771535,42.676147],[21.771815,42.675639],[21.771851,42.675386],[21.771771,42.674992],[21.771752,42.674743],[21.771737,42.674597],[21.77169,42.674506],[21.771588,42.674404],[21.771572,42.674212],[21.771674,42.673551],[21.771671,42.67296],[21.771716,42.672654],[21.771743,42.672559],[21.771749,42.672129],[21.771807,42.672061],[21.77201,42.671909],[21.772105,42.67182],[21.772203,42.67171],[21.772298,42.671594],[21.772517,42.671239],[21.772353,42.67098],[21.772306,42.670871],[21.772423,42.670405],[21.772099,42.669609],[21.772109,42.66956],[21.77211,42.669526],[21.772091,42.669367],[21.77195,42.66903],[21.771814,42.668588],[21.771811,42.668517],[21.771537,42.667828],[21.771335,42.667308],[21.771809,42.667091],[21.772067,42.667053],[21.772574,42.666842],[21.772739,42.666717],[21.772794,42.666648],[21.772935,42.666481],[21.773242,42.666157],[21.77363,42.665835],[21.774071,42.665614],[21.774255,42.66555],[21.77464,42.66545],[21.774978,42.665311],[21.775326,42.665136],[21.775593,42.665044],[21.77592,42.664957],[21.776267,42.664916],[21.776383,42.664925],[21.776678,42.664892],[21.778066,42.664517],[21.778744,42.663967],[21.778743,42.663966],[21.779533,42.663334],[21.779978,42.662973],[21.78092,42.662197],[21.781054,42.661911],[21.781556,42.660859],[21.781973,42.659985],[21.782004,42.659931],[21.78424,42.658202],[21.786365,42.656569],[21.787458,42.655736],[21.78776,42.655148],[21.787768,42.655153],[21.788855,42.653133],[21.788898,42.653038],[21.789344,42.652199],[21.789834,42.651297],[21.789867,42.651227],[21.788724,42.650344],[21.78474,42.647273],[21.783982,42.646693],[21.783457,42.646698],[21.783078,42.646699],[21.78146,42.646706],[21.77933,42.646718],[21.779294,42.646663],[21.779571,42.644213],[21.779721,42.643388],[21.778699,42.642442],[21.777779,42.641588],[21.777759,42.641445],[21.777773,42.641344],[21.777777,42.641001],[21.777694,42.640569],[21.777673,42.640535],[21.776675,42.639822],[21.776444,42.639325],[21.776262,42.638934],[21.775963,42.638523],[21.775624,42.638058],[21.775514,42.637933],[21.775352,42.637745],[21.773375,42.636892],[21.772986,42.636639],[21.772859,42.636535],[21.772379,42.636142],[21.771861,42.635645],[21.771616,42.635407],[21.771289,42.634955],[21.770984,42.634442],[21.770985,42.634373],[21.770797,42.634313],[21.770464,42.634207],[21.769729,42.633982],[21.769169,42.633827],[21.768787,42.633736],[21.768626,42.633694],[21.76855,42.63359],[21.768518,42.633448],[21.768263,42.63352],[21.768006,42.633816],[21.767796,42.63395],[21.767166,42.634363],[21.765791,42.635265],[21.765776,42.635292],[21.76401,42.635864],[21.763826,42.635944],[21.763496,42.635992],[21.763103,42.636121],[21.762813,42.636266],[21.762587,42.636306],[21.762191,42.636466],[21.762074,42.636536],[21.761825,42.636735],[21.761501,42.636858],[21.761439,42.637094],[21.761345,42.637448],[21.761264,42.637533],[21.761197,42.637591],[21.760906,42.637698],[21.760868,42.637718],[21.760759,42.637748],[21.760736,42.637703],[21.760379,42.637779],[21.760076,42.637843],[21.759937,42.637883],[21.759466,42.637832],[21.759844,42.637714],[21.759771,42.637678],[21.759595,42.637388],[21.75931,42.636991],[21.759077,42.63671],[21.758728,42.63646],[21.75856,42.636377],[21.758278,42.635993],[21.75796,42.635388],[21.75777,42.635035],[21.758435,42.634959],[21.758577,42.634718],[21.75831,42.634272],[21.758167,42.634036],[21.758049,42.633741],[21.758025,42.63356],[21.758042,42.633406],[21.758123,42.633115],[21.757267,42.632548],[21.756928,42.632332],[21.756907,42.63214],[21.756549,42.631977],[21.756329,42.631876],[21.755284,42.631282],[21.75524,42.631352],[21.755012,42.631504],[21.754504,42.631787],[21.754188,42.631954],[21.754147,42.631842],[21.754159,42.631799],[21.753991,42.631558],[21.753674,42.630767],[21.753574,42.630518],[21.753731,42.630479],[21.753654,42.630266],[21.753523,42.630308],[21.753384,42.63012],[21.753718,42.629996],[21.753395,42.62944],[21.75354,42.629273],[21.753711,42.629005],[21.753037,42.628432],[21.752951,42.62853],[21.752509,42.628876],[21.75232,42.628802],[21.752458,42.628638],[21.752247,42.628586],[21.752131,42.62852],[21.752372,42.628415],[21.752548,42.6285],[21.752719,42.628418],[21.752707,42.628109],[21.752688,42.627933],[21.752766,42.627849],[21.753127,42.627401],[21.753133,42.626921],[21.753066,42.626601],[21.752993,42.625905],[21.753027,42.625561],[21.753121,42.625142],[21.753172,42.624866],[21.753165,42.624753],[21.753175,42.624448],[21.753227,42.624212],[21.75349,42.623877],[21.753967,42.623285],[21.754124,42.62302],[21.75421,42.622939],[21.754509,42.622694],[21.754743,42.622526],[21.755263,42.622406],[21.755583,42.622289],[21.755899,42.622186],[21.756215,42.622101],[21.756779,42.621864],[21.75708,42.62173],[21.75728,42.621483],[21.757271,42.621307],[21.757257,42.621042],[21.757441,42.620688],[21.757458,42.620574],[21.757494,42.620148],[21.757566,42.619751],[21.757634,42.619502],[21.757616,42.61921],[21.757519,42.618871],[21.757517,42.618643],[21.757298,42.618162],[21.756894,42.618001],[21.756512,42.617926],[21.756084,42.617749],[21.755469,42.617499],[21.755316,42.617432],[21.755259,42.617362],[21.755127,42.617286],[21.75498,42.617147],[21.754605,42.61674],[21.754223,42.616207],[21.754085,42.615891],[21.753841,42.615559],[21.753562,42.615477],[21.753215,42.615151],[21.752942,42.614888],[21.752778,42.614763],[21.752485,42.614451],[21.752334,42.614296],[21.751952,42.613717],[21.751819,42.613202],[21.751844,42.612824],[21.751654,42.61264],[21.751657,42.612476],[21.751607,42.612288],[21.751467,42.611861],[21.751525,42.611701],[21.751621,42.611094],[21.751852,42.610626],[21.751938,42.610481],[21.752003,42.610253],[21.752185,42.60997],[21.752203,42.609814],[21.752155,42.609619],[21.751911,42.609434],[21.751714,42.608924],[21.751707,42.608829],[21.751567,42.608846],[21.751479,42.608804],[21.751359,42.608785],[21.751321,42.608722],[21.751241,42.608683],[21.751188,42.608634],[21.75116,42.608602],[21.751141,42.608555],[21.75112,42.608307],[21.751085,42.608235],[21.751076,42.608179],[21.751072,42.608102],[21.751069,42.608045],[21.751056,42.607968],[21.75101,42.607899],[21.751,42.60781],[21.750967,42.607754],[21.750934,42.607696],[21.750916,42.607632],[21.750901,42.607563],[21.750877,42.607508],[21.750842,42.607454],[21.75091,42.607388],[21.750774,42.607303],[21.750712,42.607262],[21.750448,42.607152],[21.750061,42.607135],[21.749868,42.607095],[21.74924,42.607069],[21.748708,42.607094],[21.748234,42.607179],[21.747817,42.607253],[21.74738,42.60738],[21.747085,42.607489],[21.746652,42.607698],[21.746542,42.607775],[21.746538,42.607831],[21.746176,42.607859],[21.745861,42.607998],[21.745677,42.608079],[21.745485,42.608105],[21.745186,42.608109],[21.744714,42.60826],[21.744141,42.608632],[21.743952,42.608761],[21.743706,42.608884],[21.743614,42.608855],[21.743538,42.608859],[21.74349,42.608858],[21.743478,42.608865],[21.743044,42.608933],[21.742818,42.608888],[21.742727,42.608776],[21.742523,42.608561],[21.742434,42.608489],[21.742289,42.608275],[21.742114,42.607902],[21.74205,42.607839],[21.742046,42.607797],[21.741958,42.607699],[21.741928,42.607542],[21.74198,42.607401],[21.742036,42.607289],[21.741954,42.606908],[21.741863,42.606632],[21.741744,42.606389],[21.741674,42.606315],[21.741683,42.606222],[21.741577,42.606009],[21.741472,42.605802],[21.741457,42.605722],[21.741281,42.605331],[21.741215,42.605051],[21.741177,42.604717],[21.741029,42.604511],[21.740842,42.604279],[21.740806,42.604168],[21.740605,42.603761],[21.740519,42.603743],[21.740393,42.603702],[21.739814,42.603872],[21.73905,42.604171],[21.738701,42.604283],[21.738495,42.604425],[21.738394,42.604483],[21.738218,42.604593],[21.737963,42.604691],[21.737824,42.604702],[21.737736,42.604737],[21.737342,42.604687],[21.737159,42.604646],[21.736761,42.60451],[21.736688,42.604485],[21.736376,42.604373],[21.736326,42.604353],[21.73633,42.604312],[21.736292,42.604279],[21.735845,42.604106],[21.735789,42.604093],[21.735604,42.603905],[21.735367,42.603449],[21.73513,42.602972],[21.734984,42.602717],[21.734851,42.60263],[21.734756,42.60247],[21.734647,42.602212],[21.73423,42.601741],[21.734126,42.601583],[21.734096,42.601529],[21.733864,42.601168],[21.733834,42.600525],[21.733798,42.600476],[21.733805,42.600404],[21.733831,42.600204],[21.73389,42.599832],[21.733963,42.599379],[21.734023,42.599001],[21.734161,42.598106],[21.734917,42.597126],[21.735378,42.596552],[21.736613,42.595654],[21.737462,42.595023],[21.738683,42.594498],[21.739451,42.593159],[21.739702,42.592822],[21.739989,42.592583],[21.74007,42.592326],[21.740127,42.591927],[21.740167,42.59163],[21.740076,42.591299],[21.740112,42.59115],[21.740446,42.590713],[21.740695,42.590548],[21.740787,42.590264],[21.740957,42.589935],[21.741006,42.589822],[21.741145,42.589695],[21.741179,42.589495],[21.741673,42.5891],[21.742066,42.58867],[21.742451,42.588169],[21.742729,42.587614],[21.742935,42.587154],[21.743086,42.586823],[21.743658,42.586709],[21.74445,42.586744],[21.74437,42.586117],[21.744325,42.585874],[21.743885,42.585338],[21.743979,42.584605],[21.744293,42.583891],[21.744832,42.582903],[21.744953,42.582682],[21.745597,42.582176],[21.746924,42.581381],[21.747512,42.581032],[21.747666,42.580722],[21.747729,42.580166],[21.747791,42.579713],[21.747519,42.578555],[21.747407,42.578064],[21.747218,42.577732],[21.747217,42.57773],[21.747341,42.577007],[21.746803,42.576501],[21.746788,42.575995],[21.747138,42.575584],[21.747444,42.575302],[21.74744,42.575264],[21.74741,42.574985],[21.747426,42.574827],[21.747423,42.574553],[21.747538,42.574317],[21.747522,42.574103],[21.747672,42.573859],[21.747714,42.573644],[21.747782,42.573504],[21.747731,42.573301],[21.747636,42.573157],[21.747584,42.573065],[21.747572,42.572869],[21.747652,42.572782],[21.747773,42.572758],[21.747949,42.572726],[21.748054,42.572399],[21.747997,42.572298],[21.747943,42.572168],[21.74786,42.572022],[21.747806,42.571868],[21.747806,42.57182],[21.747817,42.571705],[21.747865,42.571596],[21.74786,42.571481],[21.747888,42.571388],[21.74812,42.571196],[21.748107,42.570923],[21.748071,42.570736],[21.748062,42.570692],[21.748058,42.570651],[21.748078,42.570523],[21.74807,42.570279],[21.748004,42.570166],[21.747892,42.570066],[21.74775,42.569863],[21.747549,42.569672],[21.747272,42.569299],[21.747116,42.569058],[21.747042,42.568878],[21.746873,42.568562],[21.746796,42.568411],[21.746641,42.5682],[21.74639,42.567911],[21.746318,42.567814],[21.746112,42.567457],[21.745819,42.566935],[21.745783,42.566868],[21.745717,42.566801],[21.745409,42.566416],[21.745288,42.566266],[21.745055,42.565806],[21.74498,42.565548],[21.744777,42.565092],[21.744856,42.564875],[21.744906,42.564729],[21.744912,42.56471],[21.744996,42.564646],[21.744985,42.564574],[21.745021,42.564567],[21.745114,42.564475],[21.745685,42.564324],[21.746404,42.564021],[21.746675,42.563939],[21.746911,42.563802],[21.747194,42.56356],[21.747788,42.563464],[21.747676,42.563281],[21.74771,42.563223],[21.747471,42.562924],[21.747408,42.562742],[21.747384,42.562593],[21.747307,42.56243],[21.747257,42.562301],[21.74731,42.562152],[21.747751,42.562021],[21.74809,42.561885],[21.748185,42.56184],[21.748602,42.561641],[21.748817,42.561811],[21.748925,42.56162],[21.748898,42.561502],[21.748614,42.561163],[21.748117,42.560926],[21.748016,42.560857],[21.747901,42.560822],[21.747846,42.560763],[21.747721,42.560641],[21.747628,42.560492],[21.747645,42.560023],[21.747622,42.559668],[21.7477,42.559487],[21.747754,42.559059],[21.747751,42.559055],[21.747631,42.558894],[21.747547,42.558793],[21.747445,42.558677],[21.74726,42.558482],[21.74692,42.558248],[21.746831,42.558193],[21.7467,42.558074],[21.746579,42.557984],[21.746423,42.557871],[21.746213,42.557717],[21.745999,42.557631],[21.745671,42.557508],[21.745626,42.557484],[21.745609,42.557475],[21.745454,42.557414],[21.744918,42.556985],[21.744838,42.556781],[21.744669,42.556465],[21.744546,42.556351],[21.744291,42.556208],[21.743974,42.555986],[21.743417,42.555699],[21.743294,42.555613],[21.743155,42.555534],[21.742735,42.555107],[21.742556,42.554853],[21.742375,42.554638],[21.742186,42.554404],[21.741885,42.554139],[21.741712,42.55406],[21.741691,42.553976],[21.741748,42.553675],[21.741568,42.553289],[21.74136,42.553101],[21.740749,42.55281],[21.739799,42.55219],[21.739349,42.552108],[21.738141,42.551782],[21.737131,42.551509],[21.735184,42.550983],[21.734387,42.550483],[21.731925,42.548938],[21.731736,42.548891],[21.730472,42.548377],[21.728438,42.547103],[21.727668,42.547194],[21.725549,42.547444],[21.725433,42.547482],[21.722745,42.547806],[21.722583,42.547869],[21.722283,42.547861],[21.721999,42.548009],[21.721555,42.548301],[21.72107,42.548603],[21.720838,42.548725],[21.72075,42.548774],[21.720459,42.549001],[21.720396,42.549059],[21.720245,42.549122],[21.719915,42.549218],[21.719711,42.549279],[21.719415,42.549316],[21.7189,42.549348],[21.718636,42.549404],[21.718287,42.54943],[21.718184,42.549407],[21.71779,42.549544],[21.717738,42.549581],[21.717583,42.549586],[21.717309,42.549541],[21.717263,42.549634],[21.717321,42.549779],[21.717097,42.549952],[21.71696,42.549931],[21.716671,42.549929],[21.716429,42.54987],[21.716103,42.549884],[21.715896,42.549948],[21.715623,42.549903],[21.715324,42.549903],[21.715114,42.549984],[21.714912,42.549983],[21.714733,42.549906],[21.714416,42.550056],[21.714106,42.550142],[21.713846,42.549922],[21.713699,42.549922],[21.713511,42.549763],[21.713321,42.54969],[21.713089,42.54967],[21.712971,42.549677],[21.712819,42.549678],[21.712528,42.549697],[21.712264,42.549767],[21.712092,42.549735],[21.711826,42.549599],[21.711765,42.549578],[21.711659,42.549541],[21.711151,42.549389],[21.710806,42.549452],[21.710685,42.549439],[21.710589,42.549383],[21.710254,42.549226],[21.710021,42.549237],[21.709877,42.549325],[21.709617,42.549304],[21.709392,42.549377],[21.709118,42.54953],[21.708838,42.549644],[21.708443,42.549744],[21.707825,42.549884],[21.707675,42.54992],[21.707289,42.549891],[21.707166,42.549894],[21.706951,42.549871],[21.706462,42.54961],[21.70632,42.549573],[21.706223,42.549526],[21.706285,42.549318],[21.706111,42.549213],[21.706067,42.548963],[21.70611,42.548845],[21.706149,42.548702],[21.706165,42.548458],[21.706092,42.54835],[21.705921,42.548265],[21.706032,42.547893],[21.706032,42.547752],[21.705856,42.547628],[21.70577,42.547719],[21.705063,42.547528],[21.70477,42.547441],[21.704318,42.547285],[21.703612,42.546996],[21.703259,42.546682],[21.702971,42.546466],[21.702568,42.546115],[21.702367,42.546037],[21.70193,42.545787],[21.701551,42.545572],[21.701434,42.545508],[21.701629,42.545393],[21.701914,42.545323],[21.702037,42.545293],[21.702415,42.545136],[21.702558,42.545079],[21.702787,42.544921],[21.703142,42.544654],[21.703127,42.54448],[21.703181,42.544119],[21.703018,42.544074],[21.70262,42.543827],[21.702441,42.543735],[21.70227,42.543618],[21.702042,42.543393],[21.701878,42.54321],[21.701786,42.542957],[21.70185,42.542827],[21.70195,42.54264],[21.702042,42.542414],[21.702243,42.542175],[21.702602,42.541975],[21.702428,42.541844],[21.702288,42.541737],[21.701891,42.541399],[21.701456,42.541082],[21.701299,42.540845],[21.700478,42.540693],[21.700142,42.540784],[21.699967,42.540875],[21.699612,42.540889],[21.699198,42.541087],[21.699093,42.541085],[21.698742,42.540876],[21.698046,42.541057],[21.69754,42.541079],[21.697451,42.54055],[21.697427,42.54032],[21.697402,42.539982],[21.697394,42.539885],[21.697379,42.539681],[21.697301,42.539699],[21.696722,42.539912],[21.696362,42.539727],[21.696242,42.539636],[21.69605,42.53951],[21.695894,42.539394],[21.695483,42.539474],[21.695351,42.539541],[21.695102,42.539693],[21.695006,42.539778],[21.694791,42.540073],[21.694038,42.539713],[21.693852,42.539584],[21.693713,42.539489],[21.693676,42.539541],[21.69352,42.539478],[21.693361,42.53939],[21.693517,42.538959],[21.693479,42.538695],[21.693544,42.538628],[21.693667,42.538501],[21.693758,42.538417],[21.694244,42.538104],[21.694334,42.537899],[21.694529,42.537689],[21.695089,42.53724],[21.695253,42.537054],[21.6955,42.536941],[21.695673,42.53685],[21.695922,42.536703],[21.696053,42.53656],[21.696294,42.536269],[21.696439,42.536124],[21.696645,42.536079],[21.696782,42.53595],[21.69687,42.535824],[21.69697,42.535737],[21.697098,42.535767],[21.697285,42.535551],[21.697581,42.535291],[21.697914,42.534957],[21.697719,42.534816],[21.697745,42.534691],[21.697628,42.534471],[21.697545,42.534534],[21.69744,42.534579],[21.69708,42.534452],[21.696913,42.534143],[21.696969,42.533805],[21.697042,42.533542],[21.697046,42.533382],[21.697048,42.533116],[21.697061,42.53299],[21.697034,42.532825],[21.696989,42.532661],[21.697022,42.532448],[21.697026,42.532279],[21.697005,42.532098],[21.696766,42.531727],[21.69675,42.531571],[21.696726,42.531334],[21.696628,42.531309],[21.696683,42.531173],[21.696673,42.531055],[21.696692,42.530946],[21.696724,42.5309],[21.696829,42.530766],[21.696987,42.530648],[21.697127,42.530521],[21.69718,42.530459],[21.697228,42.530346],[21.697473,42.530066],[21.697706,42.5298],[21.697795,42.529768],[21.697744,42.529687],[21.697897,42.529591],[21.698039,42.5293],[21.698212,42.529042],[21.698268,42.528827],[21.698402,42.528663],[21.698497,42.528575],[21.69858,42.528524],[21.698744,42.528415],[21.698892,42.528269],[21.698948,42.528192],[21.699011,42.528194],[21.699154,42.528293],[21.699364,42.528184],[21.699597,42.528042],[21.699871,42.527821],[21.699962,42.527613],[21.700237,42.527752],[21.700626,42.528005],[21.700884,42.527775],[21.701437,42.527282],[21.701484,42.527208],[21.701777,42.526746],[21.701754,42.526697],[21.701735,42.526684],[21.702318,42.52621],[21.702712,42.525889],[21.703155,42.525528],[21.703476,42.525267],[21.704053,42.524798],[21.704128,42.524726],[21.703986,42.52462],[21.703693,42.524459],[21.703498,42.524378],[21.703495,42.524377],[21.703553,42.524294],[21.703662,42.524197],[21.703748,42.524214],[21.703841,42.524163],[21.703935,42.524201],[21.704211,42.524153],[21.704342,42.524162],[21.704686,42.524037],[21.704999,42.523985],[21.705583,42.523886],[21.705592,42.523755],[21.705436,42.523695],[21.705548,42.523507],[21.705863,42.523539],[21.706031,42.523686],[21.706274,42.52348],[21.706158,42.523332],[21.70635,42.523205],[21.706569,42.52324],[21.706672,42.523153],[21.707002,42.522879],[21.707251,42.522563],[21.707388,42.52247],[21.707512,42.522086],[21.707566,42.52175],[21.70749,42.52154],[21.707512,42.521337],[21.70787,42.520868],[21.708034,42.520737],[21.708088,42.520555],[21.708097,42.520522],[21.708463,42.520276],[21.70854,42.520064],[21.708738,42.519805],[21.708975,42.519572],[21.709195,42.519399],[21.70935,42.519332],[21.709383,42.519271],[21.709407,42.519227],[21.7097,42.519099],[21.709854,42.518704],[21.709946,42.51857],[21.709964,42.518516],[21.710014,42.518283],[21.710131,42.518249],[21.710194,42.518146],[21.709705,42.518068],[21.709578,42.51794],[21.709504,42.517754],[21.709523,42.517542],[21.709608,42.517353],[21.709926,42.517061],[21.71001,42.517014],[21.710441,42.516789],[21.710572,42.516725],[21.71062,42.51664],[21.710619,42.516573],[21.71055,42.516535],[21.710348,42.516563],[21.71033,42.516529],[21.710254,42.51639],[21.710034,42.516311],[21.709869,42.51629],[21.709252,42.516373],[21.70891,42.516446],[21.708464,42.516188],[21.708567,42.515804],[21.708589,42.515743],[21.70861,42.515718],[21.708847,42.515547],[21.708951,42.515392],[21.709111,42.515352],[21.709235,42.515202],[21.709253,42.515145],[21.70921,42.515106],[21.709104,42.515102],[21.708972,42.515109],[21.708848,42.515152],[21.708785,42.515156],[21.70878,42.515119],[21.708325,42.515025],[21.708153,42.51487],[21.70817,42.514635],[21.708185,42.514475],[21.70819,42.51421],[21.708086,42.514052],[21.70802,42.513877],[21.707933,42.513616],[21.707781,42.513432],[21.707585,42.51321],[21.707553,42.513148],[21.70747,42.513202],[21.707341,42.513241],[21.707158,42.513277],[21.706957,42.513401],[21.706572,42.513681],[21.706285,42.513888],[21.705936,42.514097],[21.705762,42.514202],[21.705723,42.514225],[21.705512,42.514303],[21.705235,42.514402],[21.705138,42.514456],[21.704868,42.514479],[21.704523,42.514441],[21.704079,42.514338],[21.703696,42.514307],[21.70355,42.514263],[21.703337,42.514239],[21.703162,42.514198],[21.702969,42.514184],[21.70252,42.514239],[21.702352,42.514293],[21.702227,42.514303],[21.70219,42.514251],[21.702076,42.514223],[21.701914,42.514152],[21.701624,42.514179],[21.701525,42.514263],[21.701416,42.514407],[21.701327,42.514496],[21.70112,42.514482],[21.70058,42.514594],[21.700398,42.514668],[21.699718,42.514942],[21.69959,42.515005],[21.6994,42.515063],[21.69917,42.515113],[21.699013,42.515168],[21.698833,42.515286],[21.698726,42.515413],[21.698502,42.515553],[21.69803,42.515692],[21.697732,42.515833],[21.697579,42.515813],[21.69733,42.5159],[21.696631,42.516146],[21.696321,42.516106],[21.695743,42.515982],[21.695456,42.515895],[21.694816,42.515702],[21.694254,42.515561],[21.69379,42.515402],[21.69359,42.515322],[21.693583,42.515189],[21.69356,42.514725],[21.693271,42.514749],[21.692849,42.514943],[21.692626,42.5151],[21.692214,42.515485],[21.692019,42.515648],[21.691865,42.515521],[21.69195,42.51546],[21.692065,42.515335],[21.692175,42.514865],[21.692219,42.51452],[21.692185,42.514411],[21.692044,42.513966],[21.691925,42.513744],[21.691735,42.513523],[21.691546,42.513227],[21.691554,42.513223],[21.69156,42.513217],[21.69157,42.513079],[21.691598,42.512793],[21.691571,42.51266],[21.691452,42.512457],[21.691431,42.512343],[21.691412,42.512163],[21.691417,42.512002],[21.69137,42.511899],[21.691331,42.511774],[21.69123,42.511528],[21.691201,42.511444],[21.691146,42.51137],[21.691157,42.511321],[21.691139,42.511217],[21.691164,42.51109],[21.691238,42.510987],[21.691283,42.510883],[21.69122,42.510806],[21.691109,42.510766],[21.691045,42.510482],[21.691097,42.510464],[21.691131,42.510444],[21.69126,42.510352],[21.691835,42.509942],[21.69215,42.509757],[21.691999,42.509647],[21.69185,42.509579],[21.691619,42.509489],[21.691439,42.509417],[21.691049,42.509247],[21.691024,42.509164],[21.691122,42.508961],[21.691243,42.508761],[21.691562,42.508467],[21.691102,42.50842],[21.691198,42.508236],[21.691316,42.50801],[21.691527,42.507604],[21.692068,42.507652],[21.692159,42.507487],[21.692247,42.507296],[21.69244,42.507012],[21.6925,42.506873],[21.692788,42.506592],[21.693152,42.506237],[21.693274,42.506129],[21.693557,42.505828],[21.693476,42.50564],[21.693797,42.505386],[21.693607,42.505333],[21.693317,42.505331],[21.693132,42.505311],[21.692891,42.505324],[21.69271,42.505327],[21.692522,42.505255],[21.692439,42.505227],[21.692275,42.50519],[21.692009,42.505096],[21.691887,42.504973],[21.691801,42.504772],[21.691719,42.504515],[21.691666,42.504186],[21.69173,42.503908],[21.691765,42.503722],[21.691745,42.503494],[21.69172,42.503399],[21.691644,42.503321],[21.691528,42.503265],[21.691383,42.503128],[21.691257,42.502972],[21.691142,42.502788],[21.691054,42.502695],[21.690881,42.502583],[21.690726,42.502495],[21.690623,42.502407],[21.690543,42.502318],[21.690443,42.502257],[21.690216,42.502221],[21.690109,42.502164],[21.689932,42.501938],[21.689605,42.501916],[21.689277,42.501895],[21.688692,42.501856],[21.688281,42.501829],[21.687773,42.501797],[21.686946,42.501743],[21.686429,42.501336],[21.686433,42.50117],[21.686175,42.501089],[21.685844,42.500779],[21.685825,42.500689],[21.685415,42.50042],[21.68538,42.500396],[21.685343,42.500424],[21.685179,42.500536],[21.684959,42.500432],[21.684797,42.500355],[21.684577,42.500288],[21.684116,42.500058],[21.683654,42.499993],[21.683471,42.499833],[21.682889,42.49978],[21.682781,42.499722],[21.682504,42.499722],[21.682346,42.499702],[21.682242,42.499619],[21.682063,42.49957],[21.681818,42.49955],[21.68165,42.499564],[21.681507,42.499523],[21.681021,42.49961],[21.680801,42.499643],[21.680713,42.499666],[21.680618,42.499667],[21.680572,42.499579],[21.680496,42.499508],[21.680505,42.499444],[21.680477,42.499394],[21.680321,42.49938],[21.680097,42.499326],[21.679916,42.499271],[21.679808,42.49922],[21.679774,42.499099],[21.679756,42.498992],[21.679794,42.498843],[21.679635,42.498754],[21.679525,42.498716],[21.679376,42.498689],[21.679214,42.498669],[21.67907,42.498545],[21.679017,42.49844],[21.678981,42.498379],[21.678599,42.498115],[21.678405,42.498027],[21.677956,42.497899],[21.677631,42.497707],[21.677243,42.497615],[21.677147,42.497618],[21.677105,42.497684],[21.676811,42.497703],[21.676567,42.497534],[21.676405,42.497503],[21.676076,42.497493],[21.675877,42.497575],[21.675526,42.497628],[21.675379,42.497623],[21.675312,42.497535],[21.675311,42.497356],[21.67526,42.497284],[21.674903,42.497112],[21.674666,42.496997],[21.674408,42.496789],[21.674284,42.496716],[21.674147,42.49648],[21.674126,42.496363],[21.674164,42.496294],[21.674164,42.496291],[21.674233,42.496231],[21.674081,42.496129],[21.67384,42.49601],[21.673614,42.495823],[21.673568,42.495769],[21.673547,42.495695],[21.6735,42.495638],[21.673396,42.495578],[21.673272,42.495556],[21.673126,42.495584],[21.672888,42.495374],[21.67279,42.495194],[21.672708,42.49512],[21.672177,42.494929],[21.671783,42.49486],[21.671728,42.494786],[21.671279,42.49436],[21.671133,42.494066],[21.670873,42.49396],[21.670573,42.49373],[21.670484,42.493693],[21.670225,42.493686],[21.670063,42.493699],[21.669921,42.49364],[21.66947,42.493539],[21.669172,42.493372],[21.669045,42.49334],[21.668947,42.493342],[21.668713,42.493308],[21.66844,42.493243],[21.668039,42.493173],[21.667758,42.493075],[21.667508,42.492954],[21.66732,42.492881],[21.667356,42.492784],[21.667511,42.492363],[21.667695,42.492207],[21.66841,42.49184],[21.668517,42.491761],[21.668615,42.491671],[21.668718,42.491562],[21.66884,42.491447],[21.668908,42.491238],[21.668945,42.491009],[21.668971,42.49083],[21.668935,42.490362],[21.668958,42.490154],[21.668967,42.489929],[21.66899,42.489711],[21.669083,42.489487],[21.669213,42.489241],[21.669283,42.489111],[21.669436,42.488825],[21.669483,42.488739],[21.669709,42.488319],[21.669855,42.48806],[21.670177,42.48768],[21.670611,42.487465],[21.671245,42.487055],[21.671387,42.486957],[21.671533,42.486902],[21.671698,42.486863],[21.671886,42.486806],[21.672066,42.486803],[21.672128,42.486578],[21.672239,42.486295],[21.672232,42.48611],[21.672179,42.486006],[21.672089,42.485915],[21.671977,42.485855],[21.671949,42.485822],[21.671941,42.485784],[21.67194,42.485783],[21.671929,42.485729],[21.671854,42.485627],[21.671777,42.485575],[21.671717,42.485558],[21.671683,42.485537],[21.671649,42.485473],[21.671594,42.485403],[21.671568,42.485312],[21.671521,42.485261],[21.671508,42.485188],[21.67151,42.485103],[21.671527,42.484966],[21.671524,42.48487],[21.671499,42.484811],[21.67152,42.48472],[21.671432,42.484683],[21.671404,42.484627],[21.671419,42.48459],[21.671384,42.484536],[21.671321,42.484524],[21.671272,42.484432],[21.671223,42.484339],[21.670993,42.484234],[21.670738,42.484184],[21.670422,42.484189],[21.670371,42.4842],[21.670336,42.484203],[21.67027,42.484194],[21.670094,42.484105],[21.669835,42.484147],[21.669556,42.484155],[21.669373,42.484219],[21.668942,42.484268],[21.668801,42.484215],[21.668685,42.484262],[21.668498,42.484312],[21.66837,42.484314],[21.668296,42.484232],[21.668209,42.484239],[21.668087,42.484271],[21.667892,42.484285],[21.667633,42.484271],[21.667424,42.484231],[21.667316,42.484236],[21.667217,42.484218],[21.667119,42.484187],[21.667004,42.484182],[21.666893,42.484199],[21.666839,42.484172],[21.666709,42.484195],[21.666483,42.484142],[21.666399,42.484173],[21.666294,42.484165],[21.666161,42.484241],[21.666065,42.484255],[21.666029,42.484295],[21.666041,42.48433],[21.666097,42.484389],[21.666098,42.484469],[21.666027,42.48452],[21.665814,42.484544],[21.665778,42.484488],[21.665641,42.484425],[21.66557,42.484453],[21.665482,42.484475],[21.665393,42.484418],[21.665362,42.484331],[21.665173,42.484263],[21.664792,42.484233],[21.664527,42.484325],[21.66432,42.484301],[21.663633,42.484222],[21.663475,42.484349],[21.6634,42.484387],[21.663215,42.484315],[21.663033,42.484378],[21.66275,42.484554],[21.662602,42.484583],[21.662438,42.484655],[21.662245,42.484664],[21.662022,42.484768],[21.661881,42.484868],[21.661666,42.485084],[21.661474,42.485221],[21.661161,42.485219],[21.661091,42.485018],[21.6609,42.484465],[21.660823,42.484243],[21.66035,42.484223],[21.660196,42.484241],[21.659996,42.484232],[21.659801,42.484193],[21.65962,42.484169],[21.659323,42.484173],[21.658886,42.484144],[21.65869,42.484121],[21.658483,42.484055],[21.658338,42.483973],[21.658209,42.483869],[21.658053,42.48379],[21.657833,42.48371],[21.657858,42.483652],[21.658016,42.483372],[21.658374,42.482739],[21.658501,42.482313],[21.658646,42.482103],[21.658778,42.481833],[21.658991,42.48154],[21.659391,42.48099],[21.659534,42.480791],[21.659784,42.480531],[21.660167,42.480379],[21.66025,42.480331],[21.660279,42.480284],[21.660126,42.480196],[21.659972,42.480087],[21.659796,42.479993],[21.659556,42.479871],[21.659361,42.479835],[21.659262,42.479739],[21.659227,42.479552],[21.659111,42.479219],[21.659072,42.478962],[21.659017,42.478783],[21.658653,42.478629],[21.658328,42.47861],[21.657496,42.478248],[21.657487,42.478244],[21.656908,42.478022],[21.656945,42.477982],[21.657113,42.47767],[21.657223,42.477394],[21.657387,42.476981],[21.657484,42.476737],[21.657597,42.476609],[21.657793,42.476371],[21.657966,42.476087],[21.657677,42.475962],[21.657189,42.475663],[21.656726,42.475496],[21.656271,42.475176],[21.656126,42.475154],[21.655853,42.47512],[21.655534,42.47512],[21.655316,42.475036],[21.655198,42.474901],[21.655035,42.474759],[21.654902,42.474618],[21.654716,42.474421],[21.654444,42.474202],[21.654213,42.474054],[21.654133,42.473966],[21.653922,42.47381],[21.653447,42.473599],[21.653151,42.473433],[21.652974,42.47337],[21.652884,42.473365],[21.652465,42.47349],[21.652309,42.473465],[21.652157,42.473294],[21.652,42.473117],[21.6519,42.473074],[21.651694,42.473053],[21.651361,42.472989],[21.651264,42.472975],[21.651099,42.47298],[21.650457,42.473002],[21.650302,42.473017],[21.650191,42.473007],[21.64998,42.472995],[21.649749,42.472951],[21.649527,42.472856],[21.649314,42.472718],[21.648819,42.472252],[21.648518,42.47201],[21.648127,42.471638],[21.647923,42.471519],[21.647777,42.471401],[21.647557,42.471023],[21.647527,42.471002],[21.646854,42.470688],[21.646544,42.470594],[21.64614,42.470515],[21.645918,42.470398],[21.64582,42.470299],[21.64579,42.469921],[21.645768,42.46987],[21.645595,42.469454],[21.64543,42.469269],[21.64538,42.469222],[21.645277,42.469219],[21.64474,42.469319],[21.644268,42.469356],[21.643914,42.469338],[21.643669,42.469236],[21.643501,42.469103],[21.64335,42.468814],[21.643297,42.468711],[21.643264,42.46868],[21.643252,42.468669],[21.64322,42.468664],[21.642894,42.468746],[21.642425,42.468777],[21.6423,42.468749],[21.64211,42.468669],[21.641639,42.468343],[21.641344,42.468247],[21.641309,42.468227],[21.6409,42.467819],[21.640469,42.467539],[21.640235,42.467412],[21.640178,42.467349],[21.640045,42.467202],[21.640025,42.467087],[21.640027,42.467003],[21.640029,42.466869],[21.639824,42.466542],[21.639699,42.466365],[21.639536,42.466202],[21.639347,42.466066],[21.639083,42.465937],[21.638871,42.46582],[21.638739,42.465734],[21.638134,42.465332],[21.637673,42.465025],[21.637553,42.464918],[21.637143,42.464536],[21.636996,42.464398],[21.636764,42.464254],[21.636517,42.464114],[21.635925,42.463779],[21.635533,42.463534],[21.635002,42.463204],[21.634421,42.462873],[21.634096,42.462769],[21.63385,42.462708],[21.633535,42.462559],[21.633411,42.462455],[21.633287,42.462317],[21.633213,42.462147],[21.63316,42.461862],[21.633064,42.461666],[21.632933,42.461531],[21.632801,42.46147],[21.632559,42.461437],[21.632313,42.461427],[21.632118,42.461391],[21.631983,42.461313],[21.63188,42.461199],[21.631822,42.461075],[21.631632,42.460528],[21.631585,42.460406],[21.631491,42.460225],[21.631392,42.460066],[21.631175,42.459903],[21.631002,42.459824],[21.630802,42.459753],[21.630679,42.459696],[21.630525,42.45976],[21.62997,42.459699],[21.629573,42.459724],[21.629527,42.459534],[21.629467,42.45909],[21.629442,42.458609],[21.628858,42.45852],[21.628858,42.458194],[21.62868,42.458051],[21.628435,42.457875],[21.62826,42.457727],[21.628269,42.457701],[21.628896,42.457387],[21.629084,42.457118],[21.628777,42.457112],[21.628623,42.457086],[21.62848,42.457033],[21.628487,42.456976],[21.628395,42.456791],[21.62837,42.456537],[21.628408,42.456319],[21.628452,42.456133],[21.628493,42.455931],[21.628536,42.455731],[21.628591,42.455483],[21.62864,42.455472],[21.628623,42.455097],[21.627991,42.455162],[21.628018,42.455303],[21.627765,42.455298],[21.627583,42.455298],[21.627204,42.455277],[21.626794,42.455271],[21.625803,42.455201],[21.625466,42.455205],[21.625148,42.455206],[21.624732,42.455153],[21.624636,42.455171],[21.624424,42.454929],[21.624254,42.454699],[21.624164,42.454588],[21.624141,42.454577],[21.62411,42.454543],[21.623813,42.454262],[21.623685,42.454122],[21.62358,42.45402],[21.623433,42.45389],[21.623223,42.453745],[21.623028,42.453651],[21.622784,42.453448],[21.622725,42.453415],[21.622626,42.45333],[21.622497,42.453236],[21.622415,42.453133],[21.622388,42.45297],[21.622418,42.452701],[21.622418,42.452698],[21.622412,42.452421],[21.622463,42.4524],[21.622517,42.45193],[21.622503,42.451869],[21.622635,42.451716],[21.622823,42.451519],[21.622889,42.45145],[21.623,42.451293],[21.623069,42.451071],[21.623146,42.450868],[21.623243,42.450512],[21.623347,42.450305],[21.623432,42.450159],[21.623506,42.449949],[21.623566,42.449744],[21.623554,42.44961],[21.623546,42.449331],[21.623611,42.449207],[21.623645,42.449152],[21.624017,42.448539],[21.624353,42.447998],[21.624519,42.447456],[21.624581,42.447361],[21.624838,42.446924],[21.624858,42.446861],[21.624932,42.446556],[21.625171,42.446199],[21.625644,42.445997],[21.625802,42.445944],[21.626065,42.445793],[21.626355,42.445581],[21.626656,42.445354],[21.626882,42.445203],[21.627015,42.445062],[21.627677,42.444299],[21.628031,42.443997],[21.628314,42.443754],[21.628412,42.443674],[21.628496,42.443613],[21.629072,42.443039],[21.629292,42.442891],[21.629501,42.44259],[21.629836,42.44248],[21.630378,42.442334],[21.630572,42.441717],[21.630825,42.441341],[21.631032,42.441147],[21.631199,42.441017],[21.631396,42.440636],[21.631745,42.440223],[21.631877,42.440103],[21.631922,42.43994],[21.631985,42.439825],[21.632065,42.439578],[21.632204,42.439381],[21.632581,42.438952],[21.632768,42.438944],[21.632676,42.438555],[21.632573,42.43802],[21.632539,42.437932],[21.632165,42.437646],[21.632164,42.437645],[21.631997,42.437542],[21.631859,42.437462],[21.631747,42.437322],[21.631676,42.437234],[21.631543,42.437025],[21.631475,42.436925],[21.631446,42.436778],[21.631431,42.436697],[21.631409,42.436593],[21.631423,42.43648],[21.631424,42.436473],[21.63145,42.436351],[21.631397,42.436324],[21.631389,42.43632],[21.631476,42.436172],[21.631497,42.43606],[21.631503,42.435937],[21.63148,42.435704],[21.631566,42.435477],[21.631606,42.435371],[21.631694,42.43526],[21.631908,42.434935],[21.632119,42.434682],[21.632265,42.434569],[21.632559,42.434373],[21.63274,42.43424],[21.632856,42.434133],[21.632931,42.434041],[21.632969,42.433981],[21.633047,42.433846],[21.633102,42.433767],[21.633159,42.433713],[21.633371,42.433466],[21.633606,42.433241],[21.633991,42.4329],[21.634205,42.432722],[21.634412,42.432606],[21.634572,42.43255],[21.634876,42.43252],[21.635038,42.432461],[21.635114,42.432394],[21.635181,42.432309],[21.635251,42.432053],[21.635392,42.431713],[21.635463,42.43146],[21.635562,42.431321],[21.635689,42.431179],[21.63577,42.43111],[21.635804,42.431063],[21.635946,42.430845],[21.636159,42.430626],[21.636397,42.430406],[21.63653,42.430256],[21.636714,42.430128],[21.636979,42.429965],[21.637173,42.429843],[21.637294,42.429779],[21.637343,42.429723],[21.637511,42.429497],[21.637644,42.429409],[21.637713,42.429333],[21.637776,42.429239],[21.637815,42.429142],[21.637786,42.429085],[21.637779,42.429019],[21.6378,42.428925],[21.637807,42.428759],[21.637887,42.428577],[21.637915,42.428525],[21.63792,42.428293],[21.637901,42.428165],[21.63789,42.427802],[21.637908,42.427683],[21.637904,42.427595],[21.637869,42.4274],[21.63783,42.427276],[21.637762,42.426935],[21.63781,42.426493],[21.637884,42.426104],[21.63796,42.425824],[21.638084,42.425585],[21.638276,42.425348],[21.638421,42.425218],[21.638541,42.425011],[21.638667,42.424664],[21.638639,42.424429],[21.638629,42.424396],[21.638611,42.424302],[21.638549,42.424025],[21.638547,42.424016],[21.638529,42.423878],[21.638528,42.423875],[21.638426,42.423527],[21.638316,42.423343],[21.638218,42.423143],[21.638026,42.423003],[21.637832,42.42299],[21.63769,42.422999],[21.637541,42.423007],[21.637386,42.423003],[21.637266,42.422981],[21.637003,42.422946],[21.636642,42.422832],[21.63655,42.422795],[21.636437,42.422712],[21.636404,42.422629],[21.636404,42.422625],[21.636424,42.422372],[21.636471,42.422256],[21.636532,42.421971],[21.636677,42.421671],[21.636826,42.42144],[21.636834,42.421415],[21.636953,42.421039],[21.637099,42.420716],[21.637192,42.420596],[21.637368,42.420494],[21.637509,42.420457],[21.637719,42.420464],[21.63795,42.420508],[21.63809,42.420504],[21.638266,42.420462],[21.638456,42.420361],[21.638537,42.420246],[21.638583,42.420025],[21.638584,42.419851],[21.638658,42.419692],[21.638942,42.419558],[21.63901,42.419469],[21.639063,42.419324],[21.639151,42.419276],[21.639241,42.419173],[21.639371,42.419127],[21.639432,42.419105],[21.639438,42.419103],[21.639535,42.419131],[21.639618,42.419152],[21.639701,42.419195],[21.639777,42.419203],[21.639826,42.419272],[21.639952,42.419312],[21.64018,42.419302],[21.640652,42.419201],[21.640824,42.419197],[21.640982,42.419152],[21.641268,42.41904],[21.64143,42.418965],[21.641487,42.418914],[21.641503,42.4188],[21.641554,42.418677],[21.641663,42.418554],[21.641758,42.418462],[21.641863,42.418408],[21.642055,42.418317],[21.642223,42.418244],[21.642518,42.418219],[21.642746,42.418079],[21.643116,42.417877],[21.643266,42.417755],[21.643442,42.417584],[21.643622,42.417476],[21.643848,42.417324],[21.643992,42.417208],[21.644224,42.41703],[21.644351,42.41682],[21.644466,42.416656],[21.644504,42.416584],[21.644529,42.416483],[21.644555,42.416362],[21.644609,42.416227],[21.644688,42.416111],[21.644766,42.415993],[21.64485,42.415884],[21.645017,42.415723],[21.645109,42.415652],[21.645194,42.415585],[21.645256,42.415537],[21.645257,42.415536],[21.645263,42.415532],[21.645317,42.415499],[21.64538,42.415446],[21.645384,42.415442],[21.645385,42.415441],[21.645386,42.41544],[21.645453,42.415382],[21.645559,42.415266],[21.645645,42.415088],[21.645933,42.414838],[21.646024,42.414715],[21.64626,42.413888],[21.646327,42.413859],[21.646359,42.413799],[21.646467,42.4136],[21.646491,42.413504],[21.646499,42.4133],[21.646474,42.413183],[21.646382,42.412975],[21.646354,42.412941],[21.646371,42.412802],[21.646415,42.412606],[21.646389,42.412511],[21.64621,42.412105],[21.646191,42.411971],[21.646205,42.411836],[21.646175,42.411611],[21.646159,42.411329],[21.646076,42.411077],[21.645944,42.410968],[21.64592,42.410859],[21.645907,42.410784],[21.64581,42.410566],[21.645774,42.410498],[21.645635,42.410285],[21.645517,42.410175],[21.645144,42.40987],[21.644968,42.409495],[21.644982,42.409419],[21.645016,42.409317],[21.645043,42.409148],[21.644996,42.40902],[21.645012,42.408972],[21.645037,42.408865],[21.645061,42.408669],[21.644996,42.408498],[21.644914,42.408358],[21.644767,42.408259],[21.64459,42.40823],[21.644508,42.408251],[21.644218,42.408413],[21.643904,42.408512],[21.643794,42.408535],[21.643716,42.408468],[21.64369,42.408399],[21.643715,42.408264],[21.643443,42.407897],[21.64339,42.407844],[21.643111,42.407581],[21.643084,42.407485],[21.643023,42.407297],[21.642846,42.407056],[21.642609,42.406866],[21.642422,42.406794],[21.642265,42.406771],[21.641856,42.406674],[21.641727,42.406508],[21.641649,42.406427],[21.641371,42.406195],[21.641219,42.406021],[21.641056,42.405792],[21.640905,42.405746],[21.64059,42.405695],[21.640477,42.405604],[21.640306,42.4054],[21.639954,42.405088],[21.63965,42.404884],[21.639414,42.404781],[21.639048,42.404651],[21.638565,42.404422],[21.638418,42.404315],[21.638263,42.404162],[21.638215,42.404081],[21.638117,42.403876],[21.638051,42.403781],[21.638009,42.403627],[21.637933,42.403526],[21.637809,42.403413],[21.637614,42.403321],[21.637503,42.403287],[21.637354,42.403255],[21.63712,42.403245],[21.636882,42.403282],[21.636599,42.403365],[21.636318,42.403415],[21.636012,42.403507],[21.635678,42.403589],[21.635526,42.40319],[21.635543,42.403028],[21.635689,42.402675],[21.635746,42.402555],[21.635875,42.402459],[21.635995,42.402249],[21.635997,42.402118],[21.635905,42.401888],[21.635847,42.401609],[21.635866,42.401451],[21.635769,42.401252],[21.635684,42.40091],[21.635712,42.400794],[21.635794,42.400615],[21.635921,42.40048],[21.636054,42.400364],[21.636239,42.400099],[21.636729,42.399539],[21.637048,42.399227],[21.637148,42.39911],[21.637205,42.398953],[21.637224,42.398828],[21.637166,42.398714],[21.637095,42.398659],[21.63698,42.3986],[21.63676,42.398546],[21.63634,42.39845],[21.63622,42.398412],[21.636176,42.398353],[21.635984,42.398189],[21.635802,42.397896],[21.635548,42.397691],[21.635372,42.397502],[21.635283,42.397432],[21.635243,42.397412],[21.635143,42.397358],[21.634992,42.397298],[21.634752,42.397214],[21.634542,42.397213],[21.634212,42.397233],[21.634064,42.397176],[21.633948,42.397109],[21.633785,42.39699],[21.633595,42.396785],[21.633541,42.396719],[21.633438,42.396598],[21.633434,42.396535],[21.633363,42.396344],[21.633287,42.396186],[21.633226,42.396083],[21.633018,42.39587],[21.632809,42.395731],[21.632686,42.395656],[21.632471,42.395491],[21.632153,42.395238],[21.631874,42.395067],[21.631662,42.394993],[21.631531,42.394941],[21.631223,42.394869],[21.630833,42.394757],[21.63061,42.394672],[21.630367,42.39457],[21.630226,42.39449],[21.630201,42.394468],[21.630304,42.394163],[21.63034,42.393812],[21.63025,42.393559],[21.630166,42.393508],[21.630087,42.393407],[21.629934,42.393275],[21.629774,42.393196],[21.629493,42.393078],[21.62913,42.392975],[21.628913,42.392893],[21.628361,42.39277],[21.628088,42.392632],[21.627858,42.392498],[21.627632,42.392306],[21.627589,42.392287],[21.627501,42.392239],[21.627547,42.392154],[21.627566,42.392077],[21.627633,42.391909],[21.627703,42.39164],[21.627697,42.391253],[21.627604,42.3909],[21.627562,42.390729],[21.627359,42.390756],[21.6273,42.390686],[21.627157,42.390566],[21.62704,42.39039],[21.626886,42.390142],[21.626818,42.390102],[21.626816,42.390046],[21.626767,42.389982],[21.626685,42.389883],[21.62669,42.389829],[21.626639,42.389539],[21.626612,42.389416],[21.626564,42.389291],[21.626533,42.389301],[21.626368,42.389175],[21.626346,42.389145],[21.626359,42.389112],[21.626032,42.38879],[21.625662,42.388271],[21.62557,42.388096],[21.62532,42.387845],[21.625174,42.387708],[21.624915,42.387603],[21.624854,42.38744],[21.624811,42.387158],[21.624843,42.386926],[21.624813,42.386712],[21.624764,42.38657],[21.624631,42.38638],[21.624353,42.386112],[21.624071,42.385815],[21.623944,42.385692],[21.623897,42.385693],[21.623776,42.385525],[21.623687,42.385375],[21.623614,42.385185],[21.623383,42.384857],[21.623278,42.384696],[21.623208,42.384575],[21.623075,42.384384],[21.622989,42.384275],[21.622986,42.384254],[21.622964,42.384183],[21.622847,42.383941],[21.622804,42.383873],[21.62268,42.383718],[21.622421,42.383472],[21.62214,42.383225],[21.622035,42.383086],[21.62191,42.382839],[21.621778,42.382429],[21.621686,42.382201],[21.621659,42.382113],[21.621649,42.381834],[21.621592,42.381257],[21.621574,42.381078],[21.621482,42.380815],[21.621323,42.380406],[21.621169,42.380066],[21.621136,42.380032],[21.621101,42.379843],[21.621091,42.379814],[21.621007,42.379404],[21.620981,42.379274],[21.620917,42.379096],[21.620792,42.37881],[21.620689,42.378562],[21.620702,42.378298],[21.620669,42.378135],[21.620668,42.378044],[21.620663,42.377997],[21.620391,42.378005],[21.620182,42.37793],[21.620021,42.377883],[21.61986,42.37776],[21.619782,42.377723],[21.619467,42.377489],[21.619244,42.377327],[21.6191,42.377221],[21.61892,42.37714],[21.61866,42.377],[21.618514,42.376943],[21.618042,42.3768],[21.617712,42.376659],[21.617281,42.376441],[21.61709,42.376413],[21.616978,42.376349],[21.616697,42.376224],[21.616505,42.376146],[21.616297,42.376022],[21.616114,42.375987],[21.615899,42.375905],[21.61578,42.37589],[21.615637,42.375897],[21.615434,42.375954],[21.615323,42.375968],[21.615203,42.375947],[21.615079,42.375902],[21.614974,42.375821],[21.614806,42.375751],[21.61469,42.375681],[21.614402,42.375701],[21.614104,42.375702],[21.613875,42.375808],[21.613686,42.375862],[21.613586,42.375896],[21.613502,42.375887],[21.613262,42.375886],[21.61272,42.375918],[21.612576,42.375935],[21.612355,42.375867],[21.612003,42.375831],[21.611688,42.375775],[21.611414,42.375757],[21.611176,42.375682],[21.610976,42.375511],[21.610795,42.375576],[21.610574,42.375667],[21.610384,42.375695],[21.610208,42.375674],[21.609974,42.375577],[21.609597,42.37553],[21.609254,42.375529],[21.608766,42.375543],[21.608443,42.375569],[21.608311,42.37558],[21.608061,42.375618],[21.607638,42.375612],[21.607319,42.375569],[21.607251,42.375562],[21.60708,42.375498],[21.606763,42.375537],[21.606711,42.375444],[21.606547,42.375345],[21.606435,42.375292],[21.60625,42.375298],[21.605916,42.375303],[21.605818,42.375328],[21.605616,42.375373],[21.605508,42.375569],[21.605436,42.375606],[21.605306,42.37565],[21.605222,42.375755],[21.605275,42.375823],[21.605249,42.375926],[21.605138,42.376016],[21.605027,42.376106],[21.604784,42.376142],[21.604646,42.376203],[21.604635,42.3763],[21.604581,42.376353],[21.604324,42.376324],[21.604131,42.376316],[21.604021,42.3765],[21.603715,42.376736],[21.603561,42.376793],[21.6031,42.377123],[21.602977,42.377222],[21.602949,42.377376],[21.602909,42.377548],[21.602842,42.377636],[21.60266,42.377691],[21.602502,42.377769],[21.602338,42.37803],[21.602285,42.378154],[21.602182,42.378186],[21.602127,42.378233],[21.601867,42.378359],[21.601612,42.378672],[21.601411,42.378879],[21.601269,42.379015],[21.601316,42.379069],[21.601309,42.379084],[21.601117,42.379316],[21.600866,42.379644],[21.600849,42.379666],[21.600811,42.379788],[21.600822,42.379999],[21.600703,42.380173],[21.600518,42.380316],[21.600291,42.380521],[21.600062,42.380647],[21.599847,42.380829],[21.599455,42.381009],[21.599148,42.381205],[21.599153,42.381299],[21.599068,42.381337],[21.598951,42.381383],[21.598924,42.38144],[21.59888,42.38147],[21.598609,42.381585],[21.598512,42.381674],[21.598372,42.381737],[21.598258,42.381691],[21.597991,42.381849],[21.597846,42.381983],[21.597806,42.381997],[21.597724,42.381993],[21.597656,42.382046],[21.597578,42.382227],[21.597467,42.382242],[21.597362,42.382335],[21.597178,42.382453],[21.597045,42.382545],[21.597062,42.382695],[21.597016,42.382725],[21.596861,42.382718],[21.596713,42.382841],[21.596602,42.382898],[21.596428,42.382951],[21.59617,42.383054],[21.595896,42.383209],[21.595863,42.383286],[21.59568,42.383359],[21.595572,42.383541],[21.595429,42.383624],[21.595075,42.383675],[21.5949,42.383833],[21.594501,42.383865],[21.594403,42.38389],[21.594215,42.38383],[21.59396,42.383691],[21.593905,42.383587],[21.593929,42.383536],[21.59404,42.383443],[21.594117,42.383342],[21.594085,42.383232],[21.594037,42.3831],[21.59403,42.383035],[21.593953,42.383023],[21.593782,42.38294],[21.593765,42.382935],[21.593383,42.382895],[21.592468,42.382761],[21.592083,42.382638],[21.59175,42.382404],[21.591205,42.382199],[21.590362,42.381869],[21.589609,42.381653],[21.589108,42.381241],[21.588816,42.381033],[21.58833,42.380696],[21.587755,42.380465],[21.587505,42.380263],[21.587449,42.380313],[21.587448,42.380312],[21.587265,42.380256],[21.586754,42.380283],[21.586249,42.380895],[21.586292,42.381013],[21.586248,42.381152],[21.586027,42.381235],[21.585792,42.38135],[21.585576,42.381421],[21.585326,42.38147],[21.585037,42.381469],[21.584519,42.381589],[21.584142,42.381723],[21.584041,42.381532],[21.584009,42.381399],[21.58396,42.381161],[21.5839,42.381051],[21.583788,42.380979],[21.58373,42.380889],[21.583681,42.380824],[21.583523,42.380727],[21.583282,42.380575],[21.583011,42.380368],[21.582666,42.380123],[21.582453,42.379969],[21.582013,42.37965],[21.581798,42.379547],[21.581553,42.379424],[21.580844,42.378928],[21.580782,42.3789],[21.580695,42.37889],[21.580478,42.378757],[21.580303,42.378653],[21.580219,42.378578],[21.580109,42.378501],[21.579995,42.378446],[21.579886,42.378451],[21.579655,42.378885],[21.579568,42.379056],[21.579325,42.378958],[21.579047,42.378875],[21.578745,42.378783],[21.578253,42.378648],[21.578179,42.378595],[21.577935,42.37857],[21.577768,42.378456],[21.577625,42.378354],[21.577522,42.378282],[21.577339,42.378209],[21.577211,42.378117],[21.577154,42.378059],[21.577039,42.377831],[21.576939,42.377628],[21.576703,42.377502],[21.576619,42.377407],[21.576545,42.377243],[21.576496,42.377065],[21.576143,42.376905],[21.575808,42.376707],[21.575579,42.376465],[21.57551,42.376419],[21.575045,42.376133],[21.574531,42.375779],[21.574303,42.375584],[21.574168,42.375314],[21.574014,42.375036],[21.573962,42.374942],[21.573989,42.374811],[21.574253,42.374675],[21.574215,42.374604],[21.574053,42.374263],[21.574109,42.373959],[21.574138,42.373844],[21.574492,42.373349],[21.574986,42.373186],[21.575306,42.373263],[21.575495,42.373305],[21.575649,42.37339],[21.575839,42.373355],[21.575939,42.373015],[21.57608,42.372799],[21.576297,42.372487],[21.57661,42.372178],[21.577093,42.371662],[21.577355,42.371256],[21.577515,42.370988],[21.577463,42.370821],[21.57746,42.370712],[21.577488,42.370613],[21.577575,42.370467],[21.577712,42.370379],[21.578062,42.370262],[21.578305,42.370155],[21.57854,42.370097],[21.578745,42.369927],[21.578771,42.36984],[21.578852,42.369551],[21.578774,42.369196],[21.578722,42.368961],[21.578666,42.368706],[21.578666,42.368705],[21.578623,42.368568],[21.578656,42.368284],[21.578824,42.368143],[21.579149,42.367925],[21.579432,42.367906],[21.579481,42.367874],[21.579431,42.367833],[21.579146,42.367559],[21.578945,42.367359],[21.578779,42.367197],[21.57849,42.366969],[21.5782,42.366739],[21.578001,42.366895],[21.577838,42.36676],[21.577558,42.36654],[21.577239,42.366276],[21.577091,42.366156],[21.57697,42.366085],[21.57664,42.365913],[21.576343,42.365755],[21.575997,42.365574],[21.575801,42.365547],[21.575189,42.365453],[21.574907,42.36541],[21.574581,42.365441],[21.574368,42.365384],[21.574366,42.365384],[21.574363,42.365383],[21.574173,42.36533],[21.574009,42.365134],[21.573907,42.365018],[21.573894,42.365023],[21.573497,42.365191],[21.573201,42.365327],[21.57309,42.365244],[21.572882,42.36524],[21.572845,42.365142],[21.572831,42.364953],[21.57274,42.364781],[21.572664,42.364572],[21.572663,42.364571],[21.572605,42.364455],[21.57256,42.364314],[21.572559,42.364311],[21.572585,42.364221],[21.572702,42.364063],[21.572788,42.36372],[21.572602,42.36367],[21.572218,42.363519],[21.572032,42.363366],[21.571953,42.36329],[21.571885,42.363249],[21.571979,42.363151],[21.57185,42.363029],[21.571695,42.362917],[21.571599,42.362869],[21.57151,42.362816],[21.571381,42.362699],[21.571227,42.362834],[21.571074,42.36296],[21.570892,42.363043],[21.570617,42.363203],[21.570199,42.363408],[21.569846,42.363567],[21.569718,42.36375],[21.569602,42.363851],[21.569469,42.364045],[21.569467,42.364048],[21.569381,42.364246],[21.569271,42.364437],[21.569163,42.364566],[21.569,42.364673],[21.568849,42.364797],[21.568792,42.365028],[21.568768,42.365142],[21.568778,42.365251],[21.568738,42.365313],[21.568655,42.365448],[21.568493,42.365542],[21.568406,42.365668],[21.568307,42.365718],[21.568272,42.365741],[21.568043,42.365882],[21.567811,42.365939],[21.567722,42.365923],[21.567508,42.365953],[21.567385,42.36602],[21.567037,42.3663],[21.566719,42.366497],[21.566561,42.366555],[21.566205,42.366605],[21.565574,42.36652],[21.565278,42.366518],[21.565104,42.366545],[21.564954,42.366599],[21.564817,42.366687],[21.564633,42.366783],[21.564496,42.366852],[21.564271,42.366947],[21.564136,42.366984],[21.563907,42.367003],[21.56337,42.367031],[21.563079,42.367204],[21.562929,42.367313],[21.562792,42.367509],[21.562537,42.367574],[21.561949,42.367597],[21.561773,42.367633],[21.561666,42.367674],[21.561551,42.367722],[21.561455,42.367776],[21.561331,42.367849],[21.561284,42.367817],[21.561253,42.36779],[21.56122,42.367749],[21.561197,42.367731],[21.56117,42.367707],[21.561322,42.367537],[21.561405,42.367253],[21.561417,42.367104],[21.561253,42.36677],[21.561029,42.366656],[21.561005,42.366638],[21.560744,42.366702],[21.560674,42.36675],[21.560335,42.366853],[21.560045,42.366969],[21.559782,42.367068],[21.559541,42.367132],[21.559253,42.367277],[21.558703,42.367406],[21.558155,42.367454],[21.557867,42.367367],[21.557635,42.367307],[21.557367,42.367156],[21.557041,42.367164],[21.556817,42.367114],[21.556443,42.366954],[21.555979,42.366785],[21.555202,42.366567],[21.55429,42.366331],[21.553684,42.36599],[21.553246,42.365749],[21.553045,42.365641],[21.553013,42.36525],[21.552905,42.365015],[21.552896,42.364897],[21.552949,42.364715],[21.552834,42.36452],[21.552787,42.364331],[21.552728,42.364009],[21.552684,42.363764],[21.552578,42.363529],[21.552595,42.363243],[21.552672,42.363001],[21.552703,42.362752],[21.552764,42.36263],[21.552847,42.362526],[21.552763,42.362358],[21.552711,42.362369],[21.552256,42.362391],[21.552033,42.362471],[21.551751,42.362724],[21.551482,42.36285],[21.551125,42.362864],[21.551061,42.362983],[21.550855,42.363101],[21.550592,42.363169],[21.550504,42.363367],[21.550498,42.363372],[21.550434,42.363426],[21.550372,42.36341],[21.550271,42.363354],[21.550205,42.363306],[21.550056,42.363402],[21.549899,42.363595],[21.549608,42.363634],[21.549312,42.363793],[21.549195,42.363878],[21.549163,42.363975],[21.548974,42.363997],[21.548821,42.363999],[21.548689,42.364052],[21.54854,42.364075],[21.548381,42.364218],[21.548225,42.364408],[21.547928,42.364576],[21.547755,42.364681],[21.547542,42.364796],[21.547447,42.364927],[21.547317,42.364999],[21.547132,42.365207],[21.546977,42.365401],[21.546941,42.365607],[21.547022,42.366344],[21.547057,42.366677],[21.547252,42.366682],[21.547205,42.366986],[21.547066,42.367477],[21.547043,42.367588],[21.547001,42.36768],[21.546955,42.367801],[21.546892,42.367892],[21.546667,42.368114],[21.546516,42.368273],[21.546416,42.368383],[21.546154,42.368343],[21.545745,42.368236],[21.545046,42.368064],[21.544652,42.367967],[21.544508,42.368202],[21.544268,42.368584],[21.543649,42.369164],[21.543451,42.369348],[21.543253,42.369377],[21.543314,42.369526],[21.543329,42.369736],[21.542744,42.369864],[21.542462,42.370211],[21.542392,42.370307],[21.542216,42.370738],[21.54199,42.371366],[21.541774,42.371977],[21.541637,42.372238],[21.541453,42.372417],[21.541052,42.372918],[21.540875,42.373066],[21.540632,42.37323],[21.540452,42.373342],[21.540429,42.373349],[21.540329,42.373135],[21.539975,42.372602],[21.539537,42.370974],[21.5395,42.370884],[21.53947,42.370856],[21.539338,42.370894],[21.539151,42.370991],[21.539094,42.371009],[21.539026,42.371039],[21.538892,42.371121],[21.53875,42.371145],[21.538594,42.371155],[21.538455,42.371148],[21.538333,42.371112],[21.53823,42.371052],[21.538113,42.370973],[21.537982,42.370885],[21.537893,42.370789],[21.537784,42.370704],[21.537642,42.370567],[21.537552,42.370522],[21.537235,42.370406],[21.536915,42.370167],[21.536184,42.369644],[21.536117,42.369509],[21.536047,42.369325],[21.53598,42.369199],[21.536146,42.368527],[21.536116,42.367388],[21.535729,42.367326],[21.535415,42.367225],[21.535154,42.367218],[21.534784,42.367245],[21.534635,42.367176],[21.534446,42.367191],[21.534092,42.367265],[21.533721,42.367099],[21.533555,42.367104],[21.533394,42.36699],[21.533102,42.36669],[21.531941,42.366461],[21.531885,42.366449],[21.532073,42.366207],[21.532117,42.366168],[21.532057,42.365985],[21.532128,42.365909],[21.53222,42.365773],[21.532257,42.3656],[21.532278,42.365556],[21.532332,42.365495],[21.532528,42.365392],[21.532637,42.365297],[21.532753,42.365203],[21.532811,42.365094],[21.532889,42.364956],[21.532873,42.364885],[21.532942,42.364782],[21.533214,42.364604],[21.533352,42.36448],[21.533427,42.364298],[21.533578,42.364223],[21.533701,42.364072],[21.533788,42.364049],[21.533856,42.364008],[21.533944,42.363732],[21.533976,42.363667],[21.534036,42.363601],[21.53406,42.363539],[21.534104,42.363383],[21.534132,42.363196],[21.534153,42.362929],[21.534187,42.362768],[21.534234,42.362634],[21.534281,42.362554],[21.534351,42.362507],[21.534448,42.362356],[21.534536,42.362223],[21.534541,42.362198],[21.534572,42.362024],[21.534572,42.361877],[21.534562,42.361795],[21.534643,42.361587],[21.534773,42.361174],[21.534822,42.361013],[21.534814,42.360819],[21.534783,42.360622],[21.534929,42.360557],[21.535024,42.360196],[21.535058,42.360107],[21.535241,42.360073],[21.535336,42.35991],[21.535415,42.359744],[21.535418,42.359711],[21.535339,42.359582],[21.535264,42.359481],[21.535175,42.359262],[21.535102,42.359141],[21.53498,42.359057],[21.534945,42.358937],[21.534949,42.358839],[21.534958,42.358344],[21.534953,42.358242],[21.534904,42.358244],[21.534888,42.358226],[21.534634,42.357977],[21.53441,42.357789],[21.534257,42.35765],[21.534073,42.35742],[21.533693,42.357051],[21.533433,42.356855],[21.53309,42.356617],[21.53293,42.356674],[21.532356,42.356927],[21.532337,42.356897],[21.532169,42.356704],[21.531981,42.356508],[21.532098,42.356208],[21.532422,42.356184],[21.53253,42.355826],[21.532514,42.355389],[21.532598,42.355257],[21.532725,42.355049],[21.533039,42.354683],[21.533184,42.3545],[21.533466,42.353905],[21.533521,42.35374],[21.533272,42.353047],[21.533276,42.353001],[21.532499,42.352852],[21.532313,42.352796],[21.531941,42.352864],[21.531796,42.352833],[21.531541,42.352909],[21.531358,42.352865],[21.530933,42.35293],[21.530986,42.352767],[21.530885,42.352441],[21.530821,42.352288],[21.530664,42.351841],[21.530464,42.351421],[21.530353,42.351073],[21.530041,42.350873],[21.529685,42.350526],[21.529585,42.34999],[21.529539,42.349695],[21.529491,42.349423],[21.529412,42.349101],[21.529414,42.348905],[21.529573,42.348531],[21.52965,42.348483],[21.529724,42.348345],[21.529824,42.348268],[21.529952,42.348214],[21.530071,42.348149],[21.530139,42.347994],[21.53013,42.347831],[21.530187,42.34755],[21.529733,42.347502],[21.529503,42.347419],[21.529245,42.347391],[21.52896,42.347398],[21.528945,42.347356],[21.528856,42.347055],[21.528324,42.346174],[21.528181,42.345867],[21.527653,42.345379],[21.527433,42.345153],[21.527288,42.344989],[21.526409,42.344563],[21.52624,42.344054],[21.526273,42.343955],[21.526295,42.343862],[21.526196,42.343701],[21.526235,42.343443],[21.525673,42.342828],[21.525434,42.342223],[21.525261,42.341961],[21.525266,42.341912],[21.525299,42.341662],[21.525396,42.341431],[21.525715,42.341154],[21.526,42.340843],[21.526388,42.340332],[21.526483,42.340139],[21.526597,42.340018],[21.526533,42.33941],[21.526609,42.339239],[21.526448,42.338858],[21.526177,42.338658],[21.525511,42.338463],[21.525393,42.338193],[21.525554,42.338058],[21.525603,42.337575],[21.525744,42.33733],[21.525832,42.337172],[21.525987,42.336897],[21.525943,42.33668],[21.526093,42.336339],[21.526142,42.33632],[21.526664,42.335646],[21.526801,42.334771],[21.5268,42.334747],[21.526681,42.334008],[21.526407,42.333741],[21.526642,42.333288],[21.526957,42.332785],[21.526886,42.33217],[21.526708,42.331782],[21.526685,42.331575],[21.526459,42.331654],[21.526156,42.331704],[21.526262,42.331416],[21.52626,42.331179],[21.526298,42.330967],[21.526317,42.330886],[21.526308,42.330704],[21.52628,42.330593],[21.526386,42.330444],[21.526622,42.330107],[21.526651,42.33007],[21.526586,42.330027],[21.526457,42.329947],[21.526368,42.329849],[21.526346,42.329671],[21.526317,42.329464],[21.52622,42.329217],[21.526087,42.329031],[21.525941,42.328922],[21.525771,42.32887],[21.525446,42.328589],[21.525319,42.328522],[21.524858,42.328377],[21.5248,42.328311],[21.524663,42.328065],[21.524466,42.327712],[21.524412,42.327648],[21.524389,42.327583],[21.524299,42.327427],[21.524255,42.32732],[21.524126,42.326975],[21.524191,42.326865],[21.524365,42.326592],[21.524615,42.326209],[21.524757,42.325989],[21.524835,42.325539],[21.524849,42.325456],[21.524979,42.325456],[21.525228,42.325412],[21.525464,42.32544],[21.525611,42.325508],[21.525942,42.325485],[21.526335,42.325406],[21.526474,42.325294],[21.526738,42.325225],[21.527053,42.32525],[21.527328,42.325267],[21.527577,42.325134],[21.527766,42.324929],[21.527976,42.324736],[21.52799,42.324699],[21.528012,42.324662],[21.528066,42.324612],[21.52813,42.324564],[21.528164,42.324546],[21.528205,42.324532],[21.528308,42.324517],[21.528342,42.32451],[21.528445,42.324487],[21.528537,42.324475],[21.528598,42.324452],[21.528646,42.324423],[21.528692,42.3244],[21.528756,42.32438],[21.52888,42.324363],[21.529088,42.324319],[21.52912,42.324252],[21.529192,42.324125],[21.529192,42.324124],[21.529194,42.32412],[21.529196,42.324115],[21.529209,42.324105],[21.529264,42.324038],[21.529339,42.323971],[21.529358,42.323948],[21.529365,42.323924],[21.529366,42.323883],[21.529372,42.32385],[21.529385,42.323823],[21.529404,42.323796],[21.529437,42.323772],[21.529465,42.323756],[21.529508,42.323742],[21.52956,42.323728],[21.529634,42.323714],[21.529654,42.3237],[21.529662,42.323681],[21.529674,42.323651],[21.529693,42.323615],[21.529726,42.32355],[21.529758,42.323522],[21.529798,42.323499],[21.529845,42.323485],[21.530057,42.32344],[21.530078,42.323422],[21.530105,42.323387],[21.530144,42.323353],[21.530196,42.323324],[21.530261,42.323301],[21.530345,42.32327],[21.530441,42.323226],[21.530491,42.323196],[21.530492,42.323195],[21.530513,42.323174],[21.530513,42.323173],[21.530515,42.323166],[21.530518,42.323158],[21.530518,42.323157],[21.53052,42.323108],[21.530504,42.323023],[21.530445,42.322774],[21.530438,42.322723],[21.530439,42.322692],[21.530461,42.32265],[21.530498,42.322614],[21.530552,42.322586],[21.530607,42.322565],[21.530695,42.322541],[21.530818,42.322508],[21.530901,42.322469],[21.530937,42.322426],[21.530976,42.322367],[21.531012,42.322335],[21.531051,42.322314],[21.531084,42.322303],[21.531393,42.322144],[21.531469,42.322135],[21.531538,42.322143],[21.531631,42.32215],[21.531735,42.322136],[21.531813,42.322124],[21.531906,42.322119],[21.532017,42.322136],[21.532144,42.322178],[21.532149,42.322179],[21.532227,42.322211],[21.53233,42.322246],[21.532407,42.322286],[21.532505,42.322345],[21.532564,42.322367],[21.532639,42.322388],[21.532695,42.322398],[21.532751,42.322402],[21.532814,42.322399],[21.53289,42.32239],[21.532965,42.322378],[21.533025,42.322378],[21.533059,42.322385],[21.533183,42.322443],[21.533268,42.322469],[21.533309,42.322474],[21.533336,42.322474],[21.533417,42.322453],[21.533464,42.322447],[21.533516,42.322446],[21.533575,42.322453],[21.533646,42.32245],[21.53371,42.322442],[21.533772,42.322424],[21.534041,42.322369],[21.534532,42.32216],[21.535077,42.321869],[21.5351,42.321856],[21.535183,42.321811],[21.53575,42.321605],[21.536176,42.321357],[21.536484,42.321176],[21.53689,42.320939],[21.536997,42.320818],[21.536965,42.320811],[21.536444,42.320753],[21.535983,42.320579],[21.535525,42.320403],[21.535352,42.320378],[21.534788,42.320295],[21.534162,42.320237],[21.533762,42.320126],[21.533332,42.320056],[21.533289,42.320032],[21.532892,42.319809],[21.532929,42.319752],[21.533163,42.319423],[21.533247,42.319304],[21.533355,42.319243],[21.533522,42.319141],[21.533821,42.319003],[21.534205,42.318756],[21.534503,42.318654],[21.534791,42.318613],[21.535069,42.318515],[21.535192,42.318534],[21.535705,42.318608],[21.536366,42.3187],[21.53652,42.318326],[21.53659,42.318146],[21.536646,42.318034],[21.536883,42.318143],[21.537211,42.318286],[21.537429,42.318447],[21.537609,42.318588],[21.53813,42.318917],[21.538212,42.318953],[21.538499,42.318963],[21.538409,42.31844],[21.538452,42.318067],[21.53847,42.31789],[21.538438,42.317753],[21.538304,42.317253],[21.538123,42.316928],[21.538088,42.316886],[21.537942,42.316749],[21.53791,42.316653],[21.537736,42.316436],[21.537478,42.316215],[21.537338,42.316099],[21.537447,42.31582],[21.537652,42.315451],[21.537542,42.315034],[21.537574,42.314853],[21.537525,42.314809],[21.537538,42.314767],[21.53763,42.314515],[21.537769,42.314312],[21.537798,42.314278],[21.538393,42.313733],[21.539219,42.313143],[21.539254,42.313114],[21.53932,42.31307],[21.539398,42.312548],[21.539489,42.311956],[21.539674,42.31167],[21.539737,42.31123],[21.5389,42.310679],[21.539413,42.310303],[21.540048,42.309942],[21.54088,42.309734],[21.541408,42.309622],[21.541584,42.309272],[21.541638,42.309159],[21.54185,42.308917],[21.542289,42.308871],[21.542666,42.309179],[21.543404,42.309383],[21.543612,42.309587],[21.543835,42.309787],[21.544116,42.309965],[21.544328,42.310123],[21.544721,42.310366],[21.545113,42.310687],[21.545356,42.310396],[21.545572,42.310211],[21.545832,42.310184],[21.546369,42.310152],[21.546575,42.310161],[21.547176,42.310473],[21.547591,42.310742],[21.547882,42.310831],[21.548131,42.310875],[21.548503,42.310941],[21.54846,42.311142],[21.548425,42.311283],[21.548438,42.31146],[21.548448,42.311574],[21.548519,42.311655],[21.548894,42.312113],[21.549184,42.312428],[21.549413,42.312852],[21.54995,42.313111],[21.550285,42.31335],[21.550642,42.313567],[21.550831,42.313617],[21.551054,42.313598],[21.551278,42.313387],[21.551278,42.313386],[21.55128,42.313383],[21.55138,42.313268],[21.551473,42.313158],[21.551783,42.313085],[21.552079,42.313055],[21.552153,42.312952],[21.552358,42.312635],[21.552772,42.312112],[21.552923,42.31228],[21.552942,42.312505],[21.552917,42.31272],[21.553004,42.312838],[21.553528,42.312966],[21.55382,42.313054],[21.554092,42.313135],[21.554133,42.313242],[21.554192,42.313426],[21.554253,42.313665],[21.554306,42.313709],[21.554655,42.313844],[21.554724,42.313895],[21.555016,42.31397],[21.555384,42.314059],[21.555668,42.31412],[21.555744,42.314087],[21.556181,42.314028],[21.556458,42.313999],[21.556906,42.313972],[21.557264,42.31395],[21.557961,42.313832],[21.558447,42.313744],[21.558536,42.313851],[21.558561,42.313898],[21.55868,42.314155],[21.558761,42.314361],[21.558834,42.314537],[21.558931,42.314815],[21.558951,42.314936],[21.55899,42.315052],[21.559013,42.315105],[21.559031,42.315132],[21.559054,42.315183],[21.559068,42.315242],[21.559088,42.315289],[21.55915,42.315375],[21.55921,42.315342],[21.559399,42.315253],[21.559562,42.315143],[21.559672,42.315056],[21.559739,42.314983],[21.559814,42.314886],[21.559897,42.314797],[21.559949,42.314751],[21.559987,42.314724],[21.56008,42.314671],[21.560188,42.314624],[21.560305,42.314575],[21.560419,42.314537],[21.560507,42.314513],[21.560624,42.314457],[21.560706,42.314397],[21.56075,42.31435],[21.560797,42.31428],[21.561026,42.313819],[21.561103,42.313655],[21.561231,42.313478],[21.561306,42.313329],[21.561405,42.31322],[21.561521,42.313105],[21.561529,42.312989],[21.5614,42.312889],[21.561193,42.312613],[21.561227,42.312582],[21.561392,42.312582],[21.561625,42.312485],[21.561807,42.312416],[21.561989,42.312315],[21.562216,42.312232],[21.562457,42.31211],[21.562685,42.311991],[21.562899,42.31194],[21.563162,42.311831],[21.563353,42.311723],[21.563487,42.311677],[21.563431,42.311533],[21.563425,42.311288],[21.563424,42.311285],[21.563419,42.311064],[21.563487,42.311015],[21.563579,42.310975],[21.563702,42.310924],[21.563772,42.310892],[21.563841,42.310842],[21.563892,42.310785],[21.563937,42.310727],[21.563966,42.310698],[21.563994,42.310675],[21.564029,42.310656],[21.564112,42.310622],[21.564141,42.310604],[21.564175,42.31057],[21.56423,42.310493],[21.564281,42.310431],[21.564311,42.310411],[21.564416,42.310374],[21.564558,42.3103],[21.564707,42.310232],[21.564924,42.310123],[21.564931,42.310118],[21.565019,42.310066],[21.565152,42.309973],[21.565207,42.309933],[21.56531,42.309874],[21.565391,42.309848],[21.565533,42.309819],[21.565674,42.309804],[21.565783,42.309801],[21.565796,42.309794],[21.56575,42.309754],[21.565712,42.309723],[21.565635,42.309685],[21.565479,42.309611],[21.565397,42.309548],[21.565335,42.309483],[21.565248,42.309406],[21.565144,42.309314],[21.565067,42.309213],[21.564941,42.309029],[21.564863,42.308896],[21.564834,42.308827],[21.564797,42.30876],[21.564749,42.308697],[21.564684,42.308618],[21.564664,42.308579],[21.564616,42.308444],[21.564575,42.308335],[21.564536,42.308227],[21.564502,42.308085],[21.564492,42.307978],[21.564489,42.30788],[21.564465,42.307798],[21.564428,42.307697],[21.564513,42.30771],[21.564756,42.307766],[21.565472,42.30795],[21.565499,42.307959],[21.565424,42.307733],[21.56539,42.307549],[21.565358,42.307384],[21.565318,42.307198],[21.565276,42.307021],[21.565218,42.306714],[21.565207,42.306532],[21.565265,42.306384],[21.565303,42.306215],[21.565365,42.306076],[21.565354,42.305965],[21.565389,42.30583],[21.565372,42.305634],[21.565453,42.305477],[21.565343,42.305359],[21.565197,42.305294],[21.565153,42.305224],[21.565197,42.305027],[21.565126,42.304837],[21.565117,42.30469],[21.565152,42.304538],[21.565139,42.304338],[21.565238,42.303866],[21.565013,42.303916],[21.564294,42.303355],[21.564162,42.30325],[21.563754,42.302839],[21.563493,42.302572],[21.563426,42.302383],[21.563157,42.301577],[21.563254,42.301496],[21.563306,42.301392],[21.563413,42.301287],[21.563581,42.301239],[21.563761,42.301196],[21.564035,42.301104],[21.564292,42.300977],[21.564549,42.300906],[21.564821,42.300819],[21.565488,42.300589],[21.56568,42.300474],[21.56576,42.300346],[21.565751,42.300286],[21.565706,42.300136],[21.565683,42.299849],[21.565551,42.299672],[21.565476,42.29961],[21.56518,42.299571],[21.5647,42.299465],[21.564481,42.299428],[21.564237,42.299468],[21.564095,42.29946],[21.563833,42.299293],[21.563555,42.299298],[21.563179,42.299357],[21.562898,42.29935],[21.562647,42.299278],[21.562287,42.299188],[21.561831,42.298842],[21.562392,42.298309],[21.563061,42.297681],[21.563144,42.29762],[21.563361,42.297469],[21.563707,42.297267],[21.564892,42.296887],[21.565193,42.296691],[21.565675,42.296549],[21.565982,42.296436],[21.566345,42.296015],[21.566772,42.295503],[21.566932,42.29532],[21.56768,42.294946],[21.568357,42.294604],[21.56856,42.294437],[21.569281,42.293842],[21.569958,42.293283],[21.570184,42.293044],[21.570368,42.292847],[21.570436,42.292705],[21.570685,42.292181],[21.571043,42.292012],[21.571893,42.291611],[21.57228,42.291206],[21.572392,42.29102],[21.572913,42.290712],[21.573118,42.290532],[21.573427,42.290252],[21.573946,42.289788],[21.574246,42.289679],[21.574755,42.289369],[21.575563,42.288803],[21.576438,42.288195],[21.577128,42.287682],[21.577557,42.28733],[21.577677,42.287216],[21.578276,42.286861],[21.579576,42.286161],[21.579677,42.286108],[21.579923,42.286014],[21.580554,42.285713],[21.581601,42.284863],[21.58242,42.284077],[21.583289,42.283628],[21.584372,42.283053],[21.584455,42.28303],[21.584417,42.28297],[21.584376,42.282866],[21.584329,42.282694],[21.584305,42.282506],[21.584291,42.282299],[21.584202,42.28222],[21.584074,42.282139],[21.58401,42.282012],[21.583999,42.281891],[21.58401,42.281751],[21.584012,42.281628],[21.583995,42.28149],[21.58399,42.281336],[21.584036,42.281192],[21.58406,42.281042],[21.583993,42.280914],[21.583468,42.280689],[21.583402,42.280619],[21.583248,42.280554],[21.582542,42.2803],[21.582417,42.280199],[21.582345,42.280108],[21.582323,42.27995],[21.582252,42.279823],[21.582184,42.279741],[21.58215,42.279652],[21.58268,42.278852],[21.582737,42.27879],[21.58278,42.278744],[21.582878,42.278641],[21.583118,42.278399],[21.58331,42.278237],[21.583358,42.278202],[21.58345,42.278035],[21.583561,42.2778],[21.58361,42.277558],[21.583699,42.277371],[21.583801,42.277278],[21.583811,42.277173],[21.583728,42.277085],[21.583628,42.276865],[21.583534,42.276651],[21.583503,42.276459],[21.583464,42.276228],[21.583465,42.276195],[21.583486,42.276148],[21.583505,42.276086],[21.583504,42.27597],[21.583473,42.275767],[21.583377,42.275661],[21.583356,42.27557],[21.583461,42.275451],[21.58378,42.275314],[21.583989,42.275099],[21.58428,42.274871],[21.584554,42.274595],[21.584697,42.274441],[21.584879,42.274291],[21.585134,42.274069],[21.585233,42.273925],[21.5853,42.273793],[21.585298,42.273684],[21.585243,42.273481],[21.585208,42.27328],[21.585165,42.273065],[21.585093,42.27287],[21.585111,42.272684],[21.585159,42.272488],[21.585204,42.272354],[21.585295,42.272197],[21.585414,42.272088],[21.585557,42.271976],[21.585786,42.271888],[21.585927,42.271805],[21.586218,42.271633],[21.586495,42.271524],[21.586571,42.271456],[21.58662,42.271351],[21.586638,42.271274],[21.586799,42.271216],[21.586864,42.271143],[21.587003,42.2711],[21.587163,42.27109],[21.587283,42.271059],[21.587408,42.270983],[21.58747,42.270874],[21.587472,42.270762],[21.587591,42.270644],[21.587759,42.270589],[21.587958,42.270503],[21.588169,42.270446],[21.588324,42.270368],[21.58858,42.270243],[21.58862,42.270208],[21.588782,42.270075],[21.589116,42.26978],[21.58927,42.269635],[21.589305,42.269502],[21.589266,42.269138],[21.589214,42.268819],[21.58933,42.268431],[21.589561,42.26794],[21.589836,42.267507],[21.589987,42.26727],[21.590008,42.267162],[21.589994,42.266823],[21.59002,42.266595],[21.590088,42.266331],[21.59001,42.265986],[21.589793,42.265599],[21.589675,42.265419],[21.589484,42.264908],[21.589397,42.264726],[21.589214,42.264657],[21.588819,42.264672],[21.588526,42.264487],[21.58819,42.264376],[21.587819,42.264187],[21.587604,42.264029],[21.58743,42.263807],[21.587369,42.263739],[21.587323,42.2637],[21.587202,42.263479],[21.58702,42.263197],[21.586932,42.262898],[21.586954,42.262841],[21.586947,42.262819],[21.586824,42.262747],[21.586722,42.262642],[21.586443,42.262519],[21.586391,42.262417],[21.586377,42.262331],[21.586197,42.262167],[21.586282,42.262018],[21.586236,42.261796],[21.586144,42.261744],[21.586023,42.261655],[21.585875,42.261591],[21.585818,42.261484],[21.585724,42.261433],[21.585623,42.261401],[21.585494,42.261215],[21.585472,42.261132],[21.585266,42.260978],[21.585039,42.260649],[21.584952,42.260625],[21.584755,42.260537],[21.584574,42.260521],[21.584508,42.260368],[21.584439,42.260271],[21.584305,42.260183],[21.584053,42.260119],[21.583935,42.260018],[21.583784,42.259952],[21.583524,42.259864],[21.583477,42.259819],[21.58359,42.259343],[21.583413,42.259266],[21.583292,42.259169],[21.58324,42.259247],[21.58316,42.25929],[21.582863,42.259366],[21.582621,42.259398],[21.582323,42.259474],[21.582077,42.259608],[21.58172,42.259719],[21.581717,42.259779],[21.581801,42.259867],[21.581829,42.260062],[21.581729,42.260113],[21.581577,42.260114],[21.58143,42.260029],[21.581299,42.259882],[21.581097,42.259782],[21.58086,42.259734],[21.580516,42.25953],[21.580327,42.259444],[21.578238,42.256791],[21.57665,42.256004],[21.576558,42.255983],[21.576301,42.255928],[21.57614,42.255778],[21.575984,42.255575],[21.575878,42.25541],[21.575793,42.254994],[21.575652,42.254783],[21.575477,42.254317],[21.575268,42.254078],[21.570775,42.251829],[21.569492,42.251073],[21.569269,42.250908],[21.569047,42.250743],[21.56844,42.250853],[21.568322,42.250876],[21.567963,42.250919],[21.567616,42.250912],[21.567272,42.250909],[21.567135,42.250901],[21.564314,42.250794],[21.563656,42.250767],[21.563046,42.250737],[21.56193,42.251296],[21.559286,42.252642],[21.558548,42.253017],[21.558421,42.252741],[21.558653,42.252301],[21.558846,42.252059],[21.558981,42.251849],[21.558912,42.251644],[21.558704,42.251439],[21.558455,42.251298],[21.558054,42.251122],[21.557742,42.250949],[21.557686,42.250771],[21.556834,42.25067],[21.556158,42.250534],[21.55571,42.250449],[21.555256,42.250426],[21.554805,42.25043],[21.553713,42.250423],[21.553417,42.250837],[21.553173,42.251223],[21.553138,42.251277],[21.552783,42.251838],[21.552559,42.252128],[21.552465,42.252246],[21.552358,42.252323],[21.552313,42.25235],[21.55189,42.25216],[21.551814,42.252189],[21.551486,42.252455],[21.551462,42.252476],[21.551233,42.252401],[21.551121,42.252366],[21.550714,42.252227],[21.550514,42.252165],[21.550449,42.252152],[21.550436,42.252344],[21.550418,42.252495],[21.550309,42.252661],[21.550244,42.252733],[21.550129,42.252945],[21.549994,42.253084],[21.549753,42.253314],[21.549642,42.253495],[21.549567,42.253585],[21.549442,42.253613],[21.54926,42.253551],[21.549155,42.253503],[21.548977,42.253416],[21.548801,42.25333],[21.548569,42.25348],[21.54757,42.253154],[21.54737,42.253207],[21.546795,42.253373],[21.54618,42.253535],[21.545308,42.253322],[21.545181,42.253294],[21.545033,42.253467],[21.544907,42.253629],[21.54482,42.253579],[21.544551,42.253432],[21.544404,42.253467],[21.54426,42.25345],[21.544003,42.253363],[21.543776,42.253251],[21.543876,42.25299],[21.543985,42.252762],[21.544137,42.252475],[21.54429,42.252215],[21.544364,42.251834],[21.544405,42.25177],[21.544335,42.251755],[21.544291,42.251157],[21.544303,42.251125],[21.544184,42.251078],[21.543987,42.25118],[21.543777,42.251248],[21.54348,42.251302],[21.542906,42.251459],[21.542712,42.251468],[21.542521,42.251445],[21.542385,42.2515],[21.542369,42.2517],[21.542463,42.251858],[21.542577,42.251938],[21.542708,42.251959],[21.542803,42.251989],[21.542891,42.252092],[21.542894,42.252212],[21.54288,42.252353],[21.542809,42.252435],[21.542765,42.25245],[21.542702,42.252432],[21.542645,42.252334],[21.542546,42.252231],[21.542233,42.252106],[21.541941,42.251932],[21.541449,42.251673],[21.541302,42.251589],[21.54113,42.251339],[21.540806,42.251098],[21.540578,42.250985],[21.540432,42.250912],[21.540351,42.250883],[21.539431,42.250714],[21.539075,42.250628],[21.538802,42.250484],[21.538643,42.250309],[21.538533,42.250014],[21.538452,42.249917],[21.538381,42.249831],[21.538201,42.249627],[21.538062,42.249488],[21.537941,42.249364],[21.537873,42.249303],[21.537719,42.249089],[21.537567,42.248882],[21.53727,42.248479],[21.537241,42.248405],[21.537192,42.248268],[21.537136,42.248132],[21.536984,42.247738],[21.536853,42.247379],[21.536773,42.247187],[21.536752,42.24713],[21.536663,42.246895],[21.536418,42.246711],[21.536089,42.246419],[21.535956,42.246337],[21.535658,42.246304],[21.535368,42.246189],[21.535183,42.24604],[21.535128,42.245981],[21.535058,42.245902],[21.534897,42.245816],[21.534735,42.24573],[21.534564,42.245628],[21.53437,42.245492],[21.534442,42.245346],[21.534518,42.245256],[21.534664,42.245075],[21.534778,42.244858],[21.534833,42.244766],[21.534729,42.244617],[21.534578,42.244493],[21.534507,42.244434],[21.534304,42.244287],[21.533914,42.244037],[21.533728,42.243889],[21.533577,42.243767],[21.533357,42.243621],[21.533146,42.243447],[21.533032,42.243363],[21.532909,42.243279],[21.532774,42.243137],[21.532728,42.243028],[21.532638,42.242887],[21.53253,42.242792],[21.532405,42.242676],[21.532322,42.242529],[21.532481,42.242333],[21.532702,42.242249],[21.533023,42.242032],[21.533276,42.241796],[21.533555,42.241626],[21.533552,42.241593],[21.532536,42.240936],[21.532035,42.240617],[21.531784,42.240641],[21.530803,42.240728],[21.529709,42.240829],[21.529572,42.240843],[21.529547,42.240846],[21.529105,42.241006],[21.528727,42.241142],[21.527669,42.240912],[21.527342,42.241106],[21.527183,42.241093],[21.526746,42.24107],[21.526557,42.241068],[21.525207,42.241146],[21.524155,42.241237],[21.523903,42.241194],[21.523505,42.241182],[21.522181,42.241351],[21.521278,42.241469],[21.521148,42.241746],[21.520933,42.242197],[21.521087,42.242709],[21.520916,42.242949],[21.521014,42.24314],[21.521226,42.243467],[21.521246,42.24381],[21.521339,42.244153],[21.521362,42.24424],[21.521408,42.244611],[21.521371,42.244896],[21.521148,42.24477],[21.521047,42.244785],[21.520679,42.244842],[21.520575,42.244851],[21.520501,42.2452],[21.52043,42.245553],[21.520486,42.245788],[21.520546,42.246135],[21.520641,42.246496],[21.520718,42.246694],[21.520552,42.247287],[21.520234,42.247775],[21.519635,42.24834],[21.519533,42.248636],[21.519476,42.2488],[21.519426,42.249034],[21.519397,42.249155],[21.519328,42.249445],[21.519275,42.249715],[21.51942,42.249914],[21.519628,42.250209],[21.519833,42.250505],[21.520182,42.250989],[21.520367,42.251274],[21.520379,42.251328],[21.520403,42.251466],[21.520382,42.251647],[21.520378,42.251771],[21.520301,42.252164],[21.5203,42.252461],[21.520266,42.252622],[21.520055,42.25312],[21.519996,42.253288],[21.519907,42.253513],[21.519799,42.253713],[21.519767,42.253783],[21.519578,42.254136],[21.519472,42.254415],[21.519381,42.254584],[21.519264,42.254784],[21.519136,42.254981],[21.519019,42.255173],[21.518998,42.255252],[21.518955,42.255488],[21.51895,42.255614],[21.518908,42.255756],[21.518841,42.255934],[21.51882,42.256039],[21.518798,42.256145],[21.518737,42.256434],[21.518622,42.256645],[21.518611,42.256775],[21.518604,42.256945],[21.518587,42.257048],[21.518569,42.257151],[21.518509,42.257313],[21.518405,42.257482],[21.518263,42.257663],[21.518143,42.257824],[21.517976,42.257927],[21.517903,42.257977],[21.517843,42.258083],[21.51781,42.258234],[21.517845,42.258365],[21.51787,42.258487],[21.517872,42.258668],[21.517862,42.258957],[21.517817,42.259147],[21.51772,42.259375],[21.517691,42.25949],[21.517694,42.25958],[21.517828,42.259718],[21.518084,42.259898],[21.518264,42.260065],[21.51839,42.260214],[21.518443,42.260356],[21.518519,42.260517],[21.518599,42.260623],[21.518801,42.260646],[21.519145,42.260631],[21.519373,42.260606],[21.519885,42.260561],[21.519943,42.260551],[21.520171,42.260566],[21.520146,42.260647],[21.520043,42.2607],[21.519916,42.260803],[21.519592,42.261029],[21.519548,42.261119],[21.51952,42.26129],[21.519534,42.261601],[21.519505,42.261722],[21.519432,42.261825],[21.519308,42.261917],[21.519273,42.262147],[21.519105,42.262276],[21.518193,42.262692],[21.517754,42.26296],[21.517399,42.263163],[21.516977,42.263129],[21.516713,42.26298],[21.516477,42.262993],[21.51589,42.263262],[21.515402,42.263355],[21.514402,42.263768],[21.514336,42.263795],[21.513834,42.264907],[21.512851,42.265246],[21.511705,42.265635],[21.511438,42.265731],[21.511121,42.26602],[21.510979,42.266456],[21.510868,42.267028],[21.510801,42.267372],[21.510862,42.267573],[21.510867,42.267913],[21.510913,42.268088],[21.51095,42.268257],[21.511144,42.268446],[21.511572,42.268635],[21.511945,42.268895],[21.512146,42.269054],[21.512186,42.269249],[21.512095,42.269497],[21.511776,42.269916],[21.511517,42.270255],[21.511424,42.270325],[21.511138,42.270538],[21.51044,42.270533],[21.510146,42.270582],[21.509393,42.270668],[21.508888,42.270826],[21.508471,42.270919],[21.508228,42.271015],[21.507985,42.271112],[21.50751,42.271454],[21.507367,42.271732],[21.507216,42.271882],[21.506912,42.271738],[21.505909,42.271136],[21.505273,42.271021],[21.505136,42.270981],[21.504996,42.270908],[21.503898,42.269804],[21.503664,42.269911],[21.501417,42.271129],[21.500968,42.271333],[21.500821,42.271283],[21.500553,42.271333],[21.500463,42.271399],[21.50043,42.271536],[21.500105,42.272498],[21.500059,42.272587],[21.499911,42.2727],[21.499737,42.272766],[21.499337,42.272788],[21.499119,42.27283],[21.498858,42.272838],[21.4985,42.272813],[21.498283,42.272791],[21.498145,42.27285],[21.497594,42.273196],[21.497553,42.273231],[21.497329,42.273395],[21.497172,42.273597],[21.497041,42.273908],[21.497071,42.274078],[21.496996,42.274169],[21.496692,42.27427],[21.496564,42.27431],[21.49623,42.2746],[21.496115,42.274601],[21.495803,42.274648],[21.495715,42.274635],[21.495627,42.274622],[21.495476,42.274569],[21.495305,42.274427],[21.49522,42.274374],[21.495151,42.274287],[21.495107,42.274044],[21.495088,42.273975],[21.494982,42.27398],[21.494935,42.274004],[21.49456,42.274199],[21.494445,42.274276],[21.494302,42.27429],[21.493919,42.274168],[21.493516,42.274118],[21.493409,42.274052],[21.493004,42.273725],[21.492845,42.273661],[21.492502,42.273563],[21.492008,42.273284],[21.491857,42.273283],[21.491718,42.273298],[21.491424,42.273386],[21.490799,42.27345],[21.490229,42.273511],[21.490115,42.273499],[21.489915,42.273504],[21.489733,42.27353],[21.489626,42.27356],[21.489472,42.273647],[21.489075,42.273702],[21.489008,42.273738],[21.488933,42.273812],[21.488875,42.274089],[21.486659,42.273906],[21.485971,42.274331],[21.48368,42.275391],[21.483059,42.275666],[21.480714,42.276608],[21.479547,42.277084],[21.477077,42.278464],[21.475596,42.279228],[21.474196,42.2795],[21.472661,42.279613],[21.471879,42.279791],[21.470801,42.280036],[21.469625,42.280061],[21.469333,42.280052],[21.468695,42.280031],[21.468457,42.280055],[21.468427,42.28003],[21.466443,42.279622],[21.466094,42.278644],[21.46453,42.277985],[21.464433,42.277946],[21.46408,42.277777],[21.463964,42.277768],[21.461262,42.277182],[21.460086,42.276945],[21.459111,42.276737],[21.458893,42.276708],[21.458384,42.276664],[21.458187,42.276647],[21.457583,42.276595],[21.456656,42.276502],[21.455762,42.276671],[21.455055,42.27663],[21.453439,42.276535],[21.453278,42.276526],[21.452662,42.276492],[21.451923,42.276736],[21.451591,42.276737],[21.451259,42.276739],[21.450245,42.276732],[21.449914,42.277278],[21.449796,42.277474],[21.449563,42.277868],[21.44914,42.278413],[21.448767,42.279004],[21.448276,42.27905],[21.447276,42.278737],[21.447214,42.278718],[21.446796,42.278587],[21.444858,42.277898],[21.444479,42.277419],[21.444117,42.276775],[21.444074,42.27671],[21.443795,42.276378],[21.443993,42.276164],[21.444105,42.27608],[21.444251,42.275444],[21.444175,42.275349],[21.443467,42.275084],[21.441214,42.274252],[21.440463,42.274476],[21.439988,42.274265],[21.44006,42.272962],[21.440771,42.272365],[21.441241,42.27198],[21.439969,42.269363],[21.440263,42.268867],[21.441023,42.267574],[21.440629,42.264397],[21.440501,42.263304],[21.440689,42.263277],[21.440512,42.262728],[21.440422,42.26234],[21.439005,42.261606],[21.437683,42.260905],[21.437013,42.260553],[21.433361,42.259541],[21.433154,42.259484],[21.432506,42.259304],[21.432684,42.258903],[21.432903,42.258423],[21.433061,42.257495],[21.433069,42.257426],[21.433198,42.256831],[21.433431,42.255495],[21.43344,42.254903],[21.43386,42.253753],[21.433876,42.253709],[21.434327,42.253027],[21.434568,42.252542],[21.434654,42.252009],[21.434764,42.25164],[21.434872,42.251322],[21.434786,42.250963],[21.43483,42.250537],[21.434829,42.250476],[21.43478,42.250122],[21.434771,42.249891],[21.434814,42.249805],[21.434906,42.249624],[21.435201,42.249217],[21.435381,42.248926],[21.435722,42.248484],[21.435919,42.248201],[21.436117,42.247838],[21.436417,42.247574],[21.436452,42.24748],[21.436589,42.247033],[21.436706,42.24694],[21.437057,42.246786],[21.437556,42.246409],[21.437905,42.246206],[21.43831,42.246032],[21.438644,42.245841],[21.438978,42.245631],[21.439333,42.245437],[21.439529,42.245241],[21.439656,42.244967],[21.439851,42.244781],[21.43999,42.244722],[21.440177,42.244488],[21.440419,42.244313],[21.440592,42.243943],[21.44079,42.243751],[21.440812,42.243584],[21.441072,42.243376],[21.44125,42.243132],[21.441538,42.242777],[21.441606,42.242477],[21.441858,42.242017],[21.441994,42.241913],[21.442157,42.241842],[21.442417,42.241803],[21.443038,42.241622],[21.443346,42.241455],[21.443544,42.241288],[21.443563,42.24119],[21.443515,42.241042],[21.443157,42.240824],[21.442803,42.240586],[21.442706,42.240225],[21.442508,42.239827],[21.442332,42.239678],[21.442208,42.239594],[21.442138,42.239507],[21.442142,42.239393],[21.442239,42.239262],[21.442387,42.239159],[21.442529,42.238919],[21.442754,42.238719],[21.443261,42.23841],[21.443306,42.238372],[21.443243,42.238373],[21.443177,42.238366],[21.443301,42.237992],[21.44348,42.237639],[21.443563,42.237335],[21.443571,42.237056],[21.443545,42.236931],[21.443519,42.236806],[21.443361,42.236552],[21.443365,42.236537],[21.443534,42.236268],[21.443605,42.236153],[21.443971,42.235549],[21.44411,42.235316],[21.444167,42.235214],[21.444319,42.23493],[21.443702,42.234891],[21.443122,42.234866],[21.442517,42.235052],[21.440644,42.23433],[21.440314,42.234176],[21.440053,42.233871],[21.439858,42.23377],[21.439731,42.233786],[21.439306,42.233999],[21.43919,42.233984],[21.438884,42.233484],[21.43766,42.233759],[21.437533,42.233716],[21.436983,42.232926],[21.436756,42.232599],[21.436571,42.232541],[21.436361,42.23262],[21.435685,42.233124],[21.435542,42.233133],[21.435384,42.233063],[21.435373,42.232957],[21.435517,42.232502],[21.435437,42.232409],[21.434832,42.232194],[21.434312,42.232009],[21.434068,42.231775],[21.434041,42.231757],[21.433942,42.231691],[21.433664,42.231883],[21.433455,42.232039],[21.4333,42.232152],[21.433045,42.232322],[21.433041,42.232325],[21.43304,42.232325],[21.43268,42.232289],[21.432447,42.232389],[21.432134,42.232671],[21.431722,42.233134],[21.431318,42.233554],[21.430844,42.233986],[21.431002,42.234159],[21.430858,42.234324],[21.430817,42.234358],[21.430714,42.234422],[21.430694,42.234775],[21.430538,42.234719],[21.430432,42.234813],[21.430322,42.234987],[21.430233,42.235147],[21.430154,42.235252],[21.430056,42.235368],[21.429866,42.235343],[21.429802,42.23551],[21.429803,42.235581],[21.429935,42.235654],[21.430079,42.23594],[21.430087,42.236098],[21.430113,42.236304],[21.429773,42.236668],[21.429503,42.236716],[21.429325,42.236745],[21.42918,42.236768],[21.429071,42.236803],[21.428894,42.236785],[21.428533,42.23674],[21.428135,42.236615],[21.428039,42.236607],[21.427987,42.23655],[21.427982,42.236408],[21.427683,42.236351],[21.427597,42.236333],[21.427511,42.236315],[21.427218,42.236242],[21.427034,42.236182],[21.426977,42.236198],[21.426922,42.236218],[21.426851,42.236331],[21.426674,42.236575],[21.4264,42.237009],[21.426208,42.237357],[21.426176,42.237492],[21.426178,42.237532],[21.426165,42.237693],[21.426166,42.237774],[21.426113,42.237958],[21.42608,42.238067],[21.425557,42.238144],[21.425515,42.238234],[21.425461,42.238349],[21.42546,42.238351],[21.425425,42.238433],[21.425251,42.238608],[21.425123,42.238735],[21.425115,42.238755],[21.425092,42.238805],[21.42509,42.238809],[21.425054,42.238868],[21.42503,42.238905],[21.42484,42.239079],[21.424843,42.239257],[21.42481,42.239385],[21.424743,42.239449],[21.4244,42.239769],[21.424367,42.239796],[21.424082,42.23996],[21.423752,42.240103],[21.423661,42.240131],[21.423516,42.240186],[21.423325,42.240255],[21.42305,42.240363],[21.422973,42.240392],[21.422803,42.240513],[21.422451,42.240767],[21.42242,42.240874],[21.422218,42.240898],[21.42181,42.240958],[21.42178,42.240962],[21.421755,42.240991],[21.421748,42.241072],[21.421566,42.241051],[21.421282,42.241044],[21.421004,42.24104],[21.42071,42.241021],[21.420316,42.241034],[21.42028,42.241454],[21.420503,42.241455],[21.420699,42.241454],[21.420895,42.241453],[21.421136,42.241451],[21.421347,42.241436],[21.421538,42.241418],[21.421747,42.241394],[21.421777,42.241387],[21.421778,42.241391],[21.42187,42.241783],[21.421879,42.24186],[21.421887,42.241952],[21.421895,42.242048],[21.421896,42.242052],[21.421907,42.242148],[21.421932,42.242235],[21.421978,42.242387],[21.421976,42.242387],[21.421975,42.242387],[21.421772,42.242427],[21.421495,42.242464],[21.421164,42.242466],[21.420911,42.242443],[21.420906,42.242442],[21.420901,42.242442],[21.420883,42.242441],[21.420555,42.242416],[21.420406,42.242396],[21.420258,42.242377],[21.419832,42.24226],[21.419544,42.242559],[21.419418,42.243014],[21.419338,42.243268],[21.41933,42.243412],[21.419328,42.243465],[21.419323,42.243561],[21.419433,42.243569],[21.419475,42.243573],[21.419723,42.243592],[21.419995,42.243623],[21.420147,42.243639],[21.420145,42.243643],[21.419966,42.244049],[21.419857,42.244145],[21.419763,42.24423],[21.419592,42.244359],[21.419378,42.244513],[21.419196,42.24463],[21.419004,42.244763],[21.418822,42.244874],[21.418551,42.245038],[21.41825,42.244899],[21.418016,42.244826],[21.417795,42.245037],[21.417378,42.245345],[21.417257,42.245456],[21.417226,42.245777],[21.416778,42.245921],[21.416356,42.245532],[21.416243,42.245456],[21.415908,42.245188],[21.415866,42.245123],[21.415905,42.24469],[21.415976,42.244256],[21.416077,42.244122],[21.415423,42.243938],[21.414954,42.243883],[21.414689,42.243858],[21.414358,42.243852],[21.413822,42.243922],[21.412542,42.244274],[21.412268,42.244389],[21.411594,42.244501],[21.411551,42.244535],[21.411334,42.244715],[21.411176,42.244891],[21.411118,42.245256],[21.410952,42.245586],[21.410942,42.24568],[21.410877,42.245851],[21.410878,42.245934],[21.410702,42.246116],[21.410546,42.246185],[21.410508,42.246337],[21.410427,42.246352],[21.410255,42.246512],[21.409965,42.246645],[21.409428,42.247037],[21.40922,42.247106],[21.409021,42.247099],[21.408715,42.246994],[21.408557,42.246983],[21.408393,42.246931],[21.408088,42.247],[21.408007,42.247046],[21.407061,42.247265],[21.406995,42.247345],[21.406848,42.247398],[21.406751,42.247395],[21.4065,42.247218],[21.406398,42.247218],[21.406301,42.247109],[21.406092,42.247045],[21.405995,42.247042],[21.405597,42.246922],[21.405249,42.246768],[21.404888,42.246769],[21.404725,42.246815],[21.404531,42.246789],[21.404435,42.246862],[21.404303,42.246866],[21.4042,42.24681],[21.403854,42.246799],[21.403574,42.246903],[21.403427,42.247006],[21.403262,42.247497],[21.403311,42.247688],[21.403425,42.247801],[21.403368,42.247967],[21.403146,42.248157],[21.403053,42.248237],[21.402887,42.248434],[21.402378,42.248724],[21.402243,42.248755],[21.402162,42.248806],[21.402137,42.248888],[21.402021,42.248965],[21.40185,42.249004],[21.401711,42.249007],[21.40156,42.249075],[21.401431,42.249077],[21.401292,42.249157],[21.401124,42.249155],[21.401043,42.249132],[21.400921,42.249122],[21.400749,42.249116],[21.400572,42.249133],[21.400456,42.249172],[21.400197,42.249192],[21.399968,42.249147],[21.399251,42.249191],[21.398788,42.249072],[21.398629,42.24897],[21.398408,42.248747],[21.39833,42.24869],[21.398217,42.248664],[21.398124,42.248703],[21.397698,42.248301],[21.397675,42.248183],[21.397483,42.248071],[21.397441,42.247971],[21.397477,42.247635],[21.397231,42.247429],[21.39714,42.247413],[21.397105,42.247487],[21.396982,42.247497],[21.396721,42.247594],[21.39646,42.247691],[21.396024,42.247654],[21.395594,42.247569],[21.394972,42.247334],[21.394604,42.247277],[21.394443,42.247203],[21.394082,42.24707],[21.393843,42.247002],[21.39371,42.246976],[21.392766,42.246746],[21.392443,42.246798],[21.392327,42.246774],[21.391987,42.246667],[21.391822,42.246637],[21.391693,42.246629],[21.391628,42.246625],[21.391363,42.24659],[21.391098,42.24651],[21.390955,42.246424],[21.390841,42.246333],[21.390786,42.246239],[21.39072,42.246031],[21.390693,42.245868],[21.39082,42.245589],[21.390817,42.245558],[21.389705,42.245451],[21.389395,42.245373],[21.388827,42.245347],[21.388558,42.245335],[21.388447,42.245324],[21.388336,42.245312],[21.387994,42.245537],[21.387875,42.245637],[21.387707,42.245801],[21.387547,42.245855],[21.387383,42.245964],[21.387268,42.246104],[21.387247,42.246123],[21.386957,42.246378],[21.386937,42.246355],[21.386798,42.246455],[21.386648,42.246604],[21.386556,42.246674],[21.386313,42.246703],[21.386225,42.246699],[21.386076,42.246637],[21.385793,42.246542],[21.385579,42.246503],[21.385102,42.24648],[21.38507,42.246352],[21.384585,42.24602],[21.384529,42.245981],[21.384456,42.245923],[21.384649,42.245776],[21.384626,42.245746],[21.384499,42.245586],[21.384371,42.245437],[21.384294,42.24537],[21.38422,42.245273],[21.38408,42.245357],[21.383675,42.245526],[21.383567,42.245486],[21.383431,42.245539],[21.383204,42.245595],[21.38312,42.245555],[21.383069,42.245227],[21.383021,42.245171],[21.382839,42.245067],[21.382638,42.245013],[21.382395,42.244894],[21.382249,42.244756],[21.382154,42.244607],[21.382272,42.244174],[21.382373,42.244002],[21.382435,42.243942],[21.382497,42.243881],[21.382388,42.243813],[21.382631,42.243565],[21.382799,42.243397],[21.382852,42.243345],[21.38284,42.243157],[21.38292,42.243018],[21.383073,42.242947],[21.383618,42.242995],[21.383724,42.242808],[21.383751,42.24276],[21.383871,42.242627],[21.383927,42.242564],[21.38397,42.242514],[21.383992,42.242427],[21.383996,42.242318],[21.384001,42.242209],[21.384159,42.242139],[21.384198,42.242089],[21.384322,42.241931],[21.384402,42.241886],[21.384653,42.241823],[21.384839,42.241768],[21.385106,42.24175],[21.385667,42.241534],[21.385666,42.241457],[21.385182,42.241163],[21.384881,42.241052],[21.38474,42.241031],[21.38472,42.240955],[21.384787,42.240824],[21.384534,42.240688],[21.38433,42.240622],[21.384223,42.240562],[21.384216,42.240519],[21.384279,42.240418],[21.384389,42.240161],[21.38436,42.240044],[21.38393,42.240013],[21.383655,42.239994],[21.383276,42.239826],[21.383037,42.239722],[21.382888,42.239636],[21.382738,42.239549],[21.382542,42.239327],[21.381997,42.238975],[21.382042,42.2389],[21.381796,42.238977],[21.38162,42.238972],[21.381541,42.239007],[21.38152,42.239004],[21.381421,42.238993],[21.38131,42.238849],[21.381276,42.238738],[21.381258,42.238678],[21.381316,42.238597],[21.381132,42.238367],[21.381059,42.238219],[21.380805,42.237889],[21.380598,42.237705],[21.380314,42.237559],[21.380159,42.237455],[21.379862,42.237216],[21.379657,42.237126],[21.379592,42.237097],[21.379582,42.237105],[21.379273,42.237348],[21.379094,42.237434],[21.378804,42.237445],[21.378676,42.237421],[21.378614,42.237436],[21.378551,42.237452],[21.378423,42.23753],[21.378422,42.237645],[21.377864,42.237825],[21.377613,42.237904],[21.377526,42.237894],[21.377438,42.237884],[21.377254,42.238067],[21.37723,42.238056],[21.377075,42.237983],[21.377069,42.23798],[21.377071,42.237976],[21.377083,42.237951],[21.377123,42.237868],[21.377188,42.237732],[21.377227,42.237548],[21.377236,42.237503],[21.377245,42.237463],[21.377246,42.237456],[21.377228,42.237409],[21.377059,42.237204],[21.377004,42.237116],[21.376736,42.236999],[21.376602,42.236889],[21.376598,42.236882],[21.376549,42.236797],[21.376502,42.236774],[21.376396,42.236721],[21.376178,42.236546],[21.376078,42.236374],[21.375934,42.236231],[21.375847,42.236178],[21.375338,42.235954],[21.375304,42.235887],[21.375263,42.235642],[21.375231,42.235558],[21.375077,42.23534],[21.374863,42.235157],[21.374857,42.234971],[21.374856,42.234953],[21.374856,42.234943],[21.374792,42.234847],[21.374778,42.234826],[21.374776,42.234811],[21.374756,42.234683],[21.37454,42.234503],[21.374537,42.234492],[21.374512,42.23441],[21.374496,42.234357],[21.374493,42.234344],[21.374514,42.234259],[21.374516,42.234133],[21.374516,42.234109],[21.37446,42.234044],[21.374399,42.233897],[21.374159,42.233662],[21.374086,42.233359],[21.374067,42.233268],[21.374066,42.233262],[21.374073,42.233253],[21.374145,42.233159],[21.374251,42.233022],[21.374258,42.233013],[21.374246,42.232927],[21.37424,42.232883],[21.374282,42.232785],[21.374365,42.232648],[21.374366,42.232647],[21.374365,42.23257],[21.374319,42.232397],[21.374316,42.232388],[21.374341,42.23229],[21.374427,42.232191],[21.374419,42.232079],[21.374456,42.232038],[21.374465,42.232029],[21.374475,42.232018],[21.374673,42.231895],[21.374852,42.231604],[21.374915,42.231518],[21.374948,42.231411],[21.374949,42.231408],[21.374951,42.23137],[21.374954,42.231294],[21.374977,42.231176],[21.374983,42.231145],[21.374986,42.23113],[21.374981,42.231111],[21.374966,42.231052],[21.374951,42.230996],[21.374949,42.230988],[21.374861,42.230866],[21.374793,42.230838],[21.374765,42.230832],[21.374611,42.230802],[21.374404,42.230787],[21.374176,42.23076],[21.37401,42.230719],[21.37385,42.230671],[21.373717,42.230631],[21.373603,42.230609],[21.373404,42.230532],[21.37328,42.230501],[21.373144,42.230444],[21.373115,42.230432],[21.373061,42.230378],[21.372873,42.230235],[21.372762,42.23011],[21.372669,42.229956],[21.372649,42.229875],[21.372673,42.229794],[21.372669,42.229732],[21.372629,42.229636],[21.372528,42.229563],[21.37249,42.229473],[21.372445,42.229317],[21.372396,42.229211],[21.372391,42.229138],[21.372353,42.229051],[21.372117,42.22883],[21.371922,42.228755],[21.371855,42.228705],[21.371751,42.228596],[21.371491,42.22838],[21.37091,42.228008],[21.370783,42.227973],[21.370413,42.227841],[21.370037,42.227586],[21.369778,42.22735],[21.36968,42.227289],[21.36968,42.227288],[21.369742,42.227236],[21.369849,42.227187],[21.370082,42.227036],[21.370518,42.226829],[21.370715,42.226803],[21.371075,42.226605],[21.371358,42.226315],[21.371525,42.226158],[21.371552,42.226132],[21.37163,42.22607],[21.371823,42.225674],[21.371856,42.225394],[21.371567,42.224953],[21.371315,42.224347],[21.371286,42.224254],[21.3709,42.223968],[21.370637,42.223815],[21.370601,42.223794],[21.370529,42.223802],[21.370255,42.223635],[21.370254,42.223634],[21.370253,42.223634],[21.370247,42.22363],[21.370194,42.223598],[21.36986,42.223492],[21.369068,42.223356],[21.368884,42.223236],[21.36864,42.223129],[21.368434,42.223119],[21.368229,42.223109],[21.368101,42.222963],[21.367895,42.222678],[21.367893,42.222523],[21.367808,42.222445],[21.367777,42.222271],[21.367695,42.222134],[21.367688,42.221982],[21.367611,42.221841],[21.36753,42.22167],[21.367422,42.221576],[21.367219,42.221485],[21.366955,42.221314],[21.366889,42.221226],[21.366877,42.221222],[21.366741,42.221168],[21.366719,42.221178],[21.366425,42.221317],[21.366106,42.221402],[21.365931,42.221533],[21.365721,42.221647],[21.365404,42.221682],[21.36529,42.22179],[21.365033,42.221841],[21.364808,42.221699],[21.364408,42.221679],[21.36417,42.221745],[21.363623,42.221742],[21.363401,42.221771],[21.36326,42.221928],[21.362902,42.221922],[21.362687,42.221918],[21.362323,42.221874],[21.362145,42.221878],[21.362114,42.221879],[21.361841,42.222008],[21.361678,42.222085],[21.36139,42.222166],[21.36104,42.222147],[21.3608,42.222102],[21.360696,42.222082],[21.360371,42.222063],[21.360251,42.221954],[21.360134,42.221847],[21.360002,42.221726],[21.359904,42.221422],[21.359842,42.221359],[21.35918,42.221138],[21.359167,42.221134],[21.358959,42.221122],[21.358864,42.221064],[21.358494,42.220838],[21.358379,42.220769],[21.357798,42.220258],[21.357798,42.220256],[21.357754,42.220045],[21.357686,42.219714],[21.357714,42.219609],[21.357677,42.21958],[21.35765,42.219559],[21.357159,42.219018],[21.357132,42.218989],[21.357146,42.218858],[21.357206,42.218268],[21.357236,42.218182],[21.35725,42.21814],[21.357164,42.217957],[21.357078,42.217774],[21.356902,42.217675],[21.356608,42.217616],[21.356533,42.217515],[21.356532,42.217513],[21.356507,42.217334],[21.356546,42.21711],[21.35655,42.217088],[21.356551,42.217082],[21.356635,42.216835],[21.356636,42.216832],[21.356628,42.216745],[21.356618,42.216635],[21.356618,42.216634],[21.35661,42.216603],[21.356557,42.216396],[21.356555,42.216389],[21.356509,42.216294],[21.356388,42.216158],[21.356208,42.21595],[21.356107,42.215637],[21.356103,42.215627],[21.356171,42.215492],[21.356184,42.215369],[21.356237,42.21529],[21.3562,42.215183],[21.356173,42.215107],[21.356162,42.215077],[21.355774,42.21522],[21.355516,42.215251],[21.355444,42.21524],[21.355301,42.215219],[21.355041,42.215237],[21.354928,42.215296],[21.354752,42.215338],[21.354642,42.215275],[21.354298,42.215254],[21.354003,42.215266],[21.353709,42.215278],[21.353245,42.215228],[21.353098,42.215148],[21.352877,42.215027],[21.352802,42.214986],[21.352616,42.214883],[21.352391,42.214676],[21.352379,42.214664],[21.352511,42.214627],[21.352544,42.21456],[21.352545,42.214465],[21.352489,42.21435],[21.352463,42.2143],[21.352354,42.214223],[21.352314,42.214194],[21.352309,42.21419],[21.352204,42.214104],[21.352144,42.214055],[21.352141,42.214052],[21.351959,42.213788],[21.351954,42.21378],[21.351712,42.213573],[21.351654,42.213524],[21.351642,42.213509],[21.3516,42.213456],[21.351512,42.213284],[21.351437,42.213137],[21.351451,42.21293],[21.351402,42.212754],[21.3514,42.212746],[21.351372,42.212619],[21.351299,42.212493],[21.351182,42.21232],[21.35113,42.212184],[21.351109,42.212054],[21.351106,42.211943],[21.351147,42.211737],[21.351172,42.211647],[21.351212,42.211502],[21.351208,42.211421],[21.351207,42.211417],[21.351206,42.211402],[21.351191,42.211198],[21.351133,42.211004],[21.351049,42.210894],[21.351045,42.210888],[21.350885,42.210623],[21.350692,42.210442],[21.350591,42.210323],[21.350539,42.21027],[21.350483,42.210214],[21.350443,42.21018],[21.350355,42.210109],[21.350338,42.210095],[21.350336,42.210094],[21.350291,42.210063],[21.350186,42.20999],[21.350179,42.209986],[21.350151,42.209967],[21.350066,42.20991],[21.350065,42.209909],[21.349994,42.20982],[21.349952,42.209783],[21.349928,42.209762],[21.349918,42.209753],[21.349886,42.209704],[21.349819,42.2096],[21.349781,42.209564],[21.349715,42.209503],[21.349675,42.209465],[21.349469,42.209323],[21.349339,42.209187],[21.349331,42.209179],[21.349183,42.209041],[21.349181,42.20904],[21.349175,42.209034],[21.349034,42.208913],[21.349005,42.208894],[21.348967,42.208869],[21.348892,42.20882],[21.348775,42.208755],[21.348663,42.208668],[21.348542,42.208608],[21.348486,42.20858],[21.348137,42.208397],[21.348057,42.208283],[21.348018,42.208228],[21.347831,42.208158],[21.347803,42.208148],[21.347548,42.208126],[21.347126,42.208032],[21.347067,42.208002],[21.346889,42.207921],[21.346675,42.207776],[21.346609,42.207715],[21.346479,42.207598],[21.346365,42.207519],[21.346097,42.207336],[21.346067,42.207281],[21.345979,42.207086],[21.345915,42.20694],[21.345828,42.206742],[21.345741,42.206507],[21.345718,42.206364],[21.345759,42.206033],[21.345766,42.205982],[21.345813,42.205652],[21.345813,42.205648],[21.345814,42.205641],[21.345771,42.205349],[21.345779,42.205296],[21.345798,42.20518],[21.345798,42.205046],[21.345797,42.204998],[21.345797,42.204975],[21.345797,42.20497],[21.345797,42.204967],[21.345797,42.204966],[21.345798,42.204954],[21.345803,42.204796],[21.345793,42.204795],[21.345789,42.204794],[21.345686,42.204787],[21.345521,42.204759],[21.345413,42.20473],[21.345214,42.204654],[21.345016,42.204627],[21.344826,42.204599],[21.34481,42.2046],[21.344405,42.204626],[21.344262,42.204644],[21.344141,42.204649],[21.344028,42.204673],[21.343876,42.204739],[21.343765,42.204753],[21.343503,42.204759],[21.343253,42.204818],[21.342941,42.204828],[21.342827,42.204831],[21.342789,42.204832],[21.342759,42.204833],[21.342758,42.204833],[21.342647,42.204839],[21.342485,42.204847],[21.3424,42.204885],[21.342264,42.204956],[21.34208,42.205003],[21.341852,42.205046],[21.341662,42.205067],[21.341526,42.205072],[21.341353,42.205055],[21.341127,42.204989],[21.340994,42.204943],[21.340783,42.204885],[21.340687,42.20484],[21.340557,42.20479],[21.340446,42.204736],[21.340289,42.204638],[21.340033,42.204482],[21.339702,42.204278],[21.339489,42.204133],[21.339333,42.204],[21.339168,42.203845],[21.339049,42.203755],[21.338967,42.203714],[21.338886,42.203673],[21.338663,42.203667],[21.338662,42.203667],[21.338569,42.203665],[21.338336,42.20368],[21.338158,42.203812],[21.338047,42.203895],[21.337922,42.204042],[21.337871,42.20424],[21.337869,42.204356],[21.337838,42.204472],[21.337815,42.204515],[21.337793,42.204557],[21.337711,42.204653],[21.337617,42.204743],[21.337446,42.204979],[21.337394,42.205043],[21.337393,42.205088],[21.337402,42.205138],[21.337403,42.205197],[21.337346,42.205337],[21.337312,42.205434],[21.337303,42.205473],[21.337332,42.205544],[21.337323,42.20565],[21.337276,42.205739],[21.337162,42.205822],[21.337071,42.205905],[21.33698,42.206021],[21.33698,42.206037],[21.33692,42.206118],[21.336845,42.206209],[21.336755,42.206318],[21.336784,42.206525],[21.336771,42.206629],[21.336742,42.206717],[21.336734,42.206739],[21.336665,42.20682],[21.336558,42.206888],[21.336479,42.206949],[21.336372,42.206995],[21.336302,42.207024],[21.335941,42.207099],[21.335775,42.20716],[21.335357,42.207316],[21.33527,42.207316],[21.335196,42.20736],[21.335095,42.207443],[21.33505,42.2075],[21.335018,42.207483],[21.335043,42.207448],[21.334986,42.207362],[21.334948,42.20727],[21.334946,42.207183],[21.334977,42.207015],[21.335004,42.206911],[21.335018,42.206776],[21.335032,42.206699],[21.335068,42.206607],[21.335134,42.206533],[21.335245,42.206415],[21.33539,42.206235],[21.335456,42.206158],[21.335597,42.205994],[21.33576,42.205827],[21.335766,42.20575],[21.335773,42.205582],[21.335773,42.205323],[21.335745,42.205101],[21.335713,42.205045],[21.335666,42.205026],[21.335456,42.205061],[21.335193,42.205082],[21.335025,42.205098],[21.334898,42.205075],[21.334755,42.205055],[21.334611,42.205034],[21.334351,42.205002],[21.334176,42.204959],[21.334017,42.204889],[21.333933,42.204824],[21.333874,42.204706],[21.333831,42.204556],[21.333782,42.204319],[21.333744,42.204044],[21.333742,42.203759],[21.333387,42.203435],[21.333266,42.203326],[21.333034,42.203157],[21.332867,42.202984],[21.332714,42.202786],[21.332589,42.202687],[21.332334,42.20246],[21.332275,42.202412],[21.332222,42.202348],[21.332127,42.202239],[21.332048,42.202159],[21.331986,42.20206],[21.332046,42.201896],[21.33203,42.201846],[21.331997,42.201747],[21.331929,42.201623],[21.331871,42.20154],[21.331845,42.201425],[21.331818,42.201393],[21.331708,42.201262],[21.331604,42.201108],[21.331583,42.201059],[21.331563,42.201009],[21.331548,42.200929],[21.331533,42.20078],[21.331519,42.200747],[21.331441,42.200661],[21.33142,42.20059],[21.331421,42.200494],[21.331362,42.200394],[21.331282,42.200296],[21.331184,42.200154],[21.331172,42.19999],[21.331171,42.199929],[21.331189,42.199793],[21.331223,42.199649],[21.33122,42.19956],[21.331132,42.199423],[21.331085,42.199222],[21.331062,42.199072],[21.331121,42.198838],[21.331193,42.19864],[21.331327,42.198422],[21.331337,42.198234],[21.331345,42.198125],[21.331426,42.197998],[21.331478,42.197843],[21.331584,42.197672],[21.33162,42.197583],[21.331708,42.197451],[21.331749,42.197389],[21.331755,42.197358],[21.331762,42.197327],[21.331761,42.197216],[21.331727,42.197081],[21.331711,42.19693],[21.331716,42.196778],[21.331764,42.196626],[21.331904,42.196517],[21.332004,42.196396],[21.33211,42.196249],[21.332191,42.196128],[21.332359,42.195904],[21.332516,42.195772],[21.332494,42.195518],[21.332537,42.195373],[21.332573,42.195224],[21.332668,42.195116],[21.332756,42.195077],[21.332798,42.194894],[21.332874,42.194819],[21.332941,42.19478],[21.333089,42.194677],[21.333195,42.19461],[21.33327,42.194517],[21.333414,42.194414],[21.333483,42.194265],[21.333666,42.194068],[21.333829,42.194],[21.333885,42.193947],[21.334012,42.193824],[21.334154,42.19369],[21.334299,42.193621],[21.334443,42.193547],[21.334597,42.193439],[21.334683,42.193387],[21.334841,42.193184],[21.334918,42.193061],[21.335075,42.192895],[21.335222,42.192679],[21.335282,42.192584],[21.33529,42.192478],[21.335274,42.192387],[21.335324,42.192175],[21.335343,42.192093],[21.335418,42.191931],[21.335413,42.191786],[21.33542,42.191561],[21.335433,42.191455],[21.335484,42.191259],[21.335434,42.191171],[21.335303,42.191106],[21.335254,42.191055],[21.33522,42.190934],[21.335234,42.190795],[21.335238,42.190762],[21.33525,42.190651],[21.335243,42.190468],[21.335241,42.19041],[21.335203,42.190325],[21.335106,42.190222],[21.335052,42.190117],[21.334942,42.190071],[21.334911,42.190033],[21.334885,42.189924],[21.334813,42.189772],[21.334767,42.189637],[21.334618,42.189465],[21.334413,42.189159],[21.334335,42.188992],[21.334285,42.188787],[21.334223,42.188565],[21.334195,42.188432],[21.334161,42.188248],[21.334018,42.188146],[21.333834,42.188024],[21.333632,42.187898],[21.333458,42.1878],[21.333331,42.187712],[21.333196,42.187607],[21.333058,42.187485],[21.332861,42.187376],[21.332548,42.187307],[21.332425,42.187163],[21.332332,42.186971],[21.332321,42.186735],[21.332348,42.186589],[21.332361,42.186545],[21.332397,42.186419],[21.332401,42.186296],[21.332302,42.186189],[21.332185,42.186048],[21.332172,42.18576],[21.332191,42.185568],[21.332284,42.185467],[21.332274,42.185365],[21.332231,42.185276],[21.332136,42.185115],[21.332022,42.184937],[21.331924,42.184828],[21.331824,42.18471],[21.331625,42.184507],[21.33142,42.184317],[21.331267,42.184184],[21.33123,42.184094],[21.331189,42.183951],[21.331184,42.183931],[21.33104,42.183769],[21.330975,42.183746],[21.330866,42.18374],[21.330583,42.183716],[21.330506,42.183728],[21.330348,42.183723],[21.330144,42.183706],[21.330005,42.183685],[21.329879,42.183639],[21.329769,42.183573],[21.329679,42.18352],[21.329581,42.183432],[21.32948,42.18331],[21.329416,42.183213],[21.329402,42.183188],[21.329388,42.183163],[21.329334,42.183054],[21.32932,42.182999],[21.32931,42.182836],[21.329297,42.182694],[21.329281,42.182531],[21.329225,42.182383],[21.329151,42.182193],[21.329147,42.182159],[21.329134,42.182043],[21.329148,42.182011],[21.329142,42.181843],[21.329138,42.181675],[21.32911,42.181568],[21.329085,42.181451],[21.329004,42.181358],[21.328834,42.181249],[21.328709,42.181222],[21.32859,42.181173],[21.328529,42.181107],[21.328495,42.180978],[21.328442,42.180813],[21.32839,42.180643],[21.328356,42.180591],[21.328236,42.180431],[21.328123,42.18033],[21.328103,42.180256],[21.328127,42.180076],[21.32824,42.17996],[21.328344,42.179818],[21.328385,42.179742],[21.328461,42.179681],[21.328585,42.179584],[21.328661,42.179506],[21.328698,42.179434],[21.32872,42.179364],[21.328712,42.179212],[21.328678,42.179051],[21.328656,42.178955],[21.328627,42.178908],[21.328505,42.178856],[21.328439,42.178817],[21.328338,42.178681],[21.328295,42.178628],[21.328099,42.178533],[21.328003,42.178446],[21.32791,42.17839],[21.32787,42.17835],[21.327826,42.178212],[21.327747,42.17811],[21.327674,42.17799],[21.327602,42.177924],[21.327497,42.177795],[21.327428,42.177744],[21.32736,42.177702],[21.327254,42.177603],[21.327137,42.177484],[21.32697,42.177337],[21.326855,42.177268],[21.32673,42.177171],[21.32662,42.177124],[21.326571,42.17708],[21.326531,42.177018],[21.326525,42.176942],[21.326541,42.176818],[21.326648,42.17672],[21.326749,42.176551],[21.326807,42.176487],[21.326846,42.176389],[21.32694,42.176228],[21.326995,42.176155],[21.326978,42.176139],[21.326962,42.176123],[21.326711,42.176127],[21.326573,42.176181],[21.326456,42.176229],[21.32631,42.17627],[21.326279,42.17627],[21.326248,42.17627],[21.326181,42.176244],[21.326055,42.176136],[21.325943,42.176065],[21.32578,42.175998],[21.32562,42.175887],[21.325555,42.17584],[21.325369,42.175749],[21.325325,42.175678],[21.325216,42.17557],[21.325063,42.175429],[21.324975,42.17543],[21.324888,42.175452],[21.324797,42.175511],[21.324727,42.175614],[21.324629,42.175686],[21.324531,42.175724],[21.324319,42.175782],[21.324195,42.175799],[21.324102,42.175796],[21.323966,42.175758],[21.323794,42.175684],[21.323632,42.175624],[21.323541,42.175597],[21.323312,42.175566],[21.323172,42.17554],[21.322876,42.175439],[21.322768,42.175381],[21.322696,42.175333],[21.322652,42.175271],[21.322653,42.175241],[21.322653,42.175211],[21.322684,42.175146],[21.322715,42.175081],[21.322719,42.175036],[21.322671,42.174912],[21.322615,42.174872],[21.322592,42.174795],[21.322624,42.174642],[21.322623,42.174579],[21.322549,42.174428],[21.322388,42.174243],[21.3223,42.174096],[21.322231,42.174043],[21.322155,42.174015],[21.32209,42.173969],[21.321962,42.173956],[21.32193,42.173934],[21.321878,42.173793],[21.321841,42.173758],[21.321732,42.173808],[21.321541,42.173907],[21.321471,42.173915],[21.32129,42.173898],[21.321121,42.173903],[21.320717,42.173864],[21.320519,42.173848],[21.320362,42.173775],[21.320202,42.173661],[21.320055,42.173558],[21.319938,42.173506],[21.319836,42.173442],[21.319723,42.173357],[21.319687,42.173331],[21.319556,42.173236],[21.319456,42.173194],[21.31941,42.173156],[21.319288,42.173069],[21.319237,42.173047],[21.319144,42.173005],[21.318983,42.172984],[21.318882,42.172983],[21.318792,42.172982],[21.318704,42.172981],[21.318703,42.172981],[21.318702,42.172981],[21.3187,42.172981],[21.318695,42.172981],[21.318684,42.172981],[21.318499,42.172981],[21.318427,42.172985],[21.318283,42.172993],[21.318203,42.172976],[21.31819,42.172964],[21.318193,42.172853],[21.318378,42.172758],[21.318495,42.172676],[21.318605,42.172616],[21.318738,42.172551],[21.318892,42.172462],[21.319039,42.172392],[21.319117,42.172337],[21.319263,42.1722],[21.319444,42.171971],[21.319531,42.171875],[21.31961,42.171825],[21.319735,42.171803],[21.319803,42.171781],[21.319844,42.171749],[21.319947,42.171678],[21.320113,42.171618],[21.320232,42.171495],[21.320246,42.171387],[21.32019,42.171325],[21.320273,42.171249],[21.320292,42.17123],[21.320311,42.171211],[21.320424,42.171143],[21.320291,42.171117],[21.320208,42.171121],[21.320124,42.17107],[21.319942,42.171031],[21.319835,42.170906],[21.319735,42.170844],[21.319611,42.170815],[21.319287,42.170738],[21.319053,42.170668],[21.318855,42.170587],[21.318663,42.170434],[21.318604,42.170164],[21.318501,42.170068],[21.318438,42.170014],[21.318172,42.170024],[21.317846,42.170062],[21.317428,42.170185],[21.317301,42.170174],[21.317285,42.170164],[21.317269,42.170049],[21.317462,42.169921],[21.317632,42.169585],[21.317631,42.169335],[21.317696,42.169158],[21.317786,42.168877],[21.317738,42.168427],[21.317688,42.168065],[21.317645,42.167765],[21.317638,42.167642],[21.31784,42.167461],[21.317995,42.167254],[21.318172,42.166924],[21.318171,42.166686],[21.31817,42.166593],[21.318158,42.166368],[21.31822,42.166035],[21.318284,42.165768],[21.318305,42.165699],[21.318465,42.165245],[21.318572,42.1648],[21.318781,42.164377],[21.318893,42.164151],[21.319087,42.163981],[21.319279,42.163815],[21.31947,42.163603],[21.319798,42.163334],[21.320018,42.163011],[21.320449,42.16276],[21.320613,42.162654],[21.320817,42.162273],[21.320893,42.162137],[21.321034,42.161871],[21.321061,42.161819],[21.321174,42.1616],[21.321197,42.161507],[21.321218,42.161419],[21.32115,42.161184],[21.320989,42.160765],[21.320656,42.160409],[21.320558,42.160045],[21.320479,42.159777],[21.320291,42.159703],[21.3201,42.15963],[21.320018,42.159572],[21.319903,42.159545],[21.319793,42.159441],[21.319271,42.159262],[21.319106,42.159145],[21.318911,42.159008],[21.318821,42.158924],[21.318806,42.158725],[21.318611,42.158629],[21.318511,42.15856],[21.318503,42.158555],[21.318502,42.158553],[21.318501,42.158552],[21.317803,42.158014],[21.31668,42.157156],[21.316651,42.157121],[21.316643,42.156662],[21.316417,42.156309],[21.316368,42.156126],[21.316283,42.155149],[21.31622,42.154873],[21.31593,42.154232],[21.314509,42.152812],[21.31366,42.152124],[21.312193,42.150991],[21.311897,42.150165],[21.310787,42.149286],[21.310317,42.148973],[21.310461,42.148727],[21.310242,42.148194],[21.310468,42.1468],[21.310266,42.146189],[21.310468,42.146173],[21.310741,42.146171],[21.311046,42.145976],[21.310866,42.145543],[21.310508,42.144833],[21.310605,42.144758],[21.310457,42.144783],[21.310193,42.144839],[21.30993,42.144831],[21.309627,42.144687],[21.30966,42.144502],[21.309381,42.14412],[21.309367,42.144108],[21.309349,42.144033],[21.309263,42.144095],[21.30903,42.143961],[21.308453,42.1437],[21.308063,42.143585],[21.307791,42.143374],[21.307641,42.143523],[21.307487,42.143457],[21.307264,42.143412],[21.307165,42.143487],[21.307116,42.143523],[21.306855,42.143538],[21.306466,42.143337],[21.306232,42.143276],[21.305828,42.142983],[21.305555,42.142819],[21.304896,42.142634],[21.30476,42.142595],[21.304677,42.142288],[21.304648,42.142178],[21.304413,42.142179],[21.304221,42.142125],[21.303825,42.142009],[21.303666,42.141926],[21.303589,42.141886],[21.303464,42.141822],[21.303303,42.141743],[21.303088,42.141687],[21.302981,42.141538],[21.302904,42.141517],[21.302783,42.141498],[21.302657,42.141472],[21.302523,42.141405],[21.302389,42.141308],[21.302407,42.141274],[21.302557,42.140886],[21.302717,42.140654],[21.302773,42.140574],[21.30358,42.139901],[21.303548,42.139872],[21.302891,42.139392],[21.302682,42.139198],[21.302442,42.139092],[21.302396,42.138838],[21.302361,42.13863],[21.302348,42.138556],[21.302344,42.138518],[21.303958,42.137346],[21.304239,42.137136],[21.304262,42.137114],[21.304534,42.13692],[21.30476,42.136726],[21.305049,42.136451],[21.305151,42.136369],[21.305219,42.136302],[21.305349,42.136174],[21.305485,42.135962],[21.305627,42.135735],[21.305646,42.135675],[21.305777,42.135455],[21.305948,42.135165],[21.30598,42.135134],[21.306109,42.134924],[21.30612,42.134905],[21.306405,42.134394],[21.306559,42.134095],[21.30659,42.134003],[21.30651,42.133999],[21.306438,42.133995],[21.306365,42.133984],[21.306188,42.133965],[21.305251,42.133836],[21.304855,42.13379],[21.304624,42.133752],[21.304611,42.133695],[21.304635,42.133469],[21.304669,42.133404],[21.304793,42.133225],[21.304954,42.133091],[21.305117,42.133036],[21.305196,42.133021],[21.30536,42.132964],[21.305482,42.132854],[21.305516,42.132727],[21.305488,42.132576],[21.305334,42.132269],[21.305231,42.132091],[21.305477,42.13178],[21.305689,42.13162],[21.305757,42.131497],[21.305942,42.131287],[21.30614,42.131051],[21.306316,42.130807],[21.306529,42.130708],[21.306733,42.130575],[21.306773,42.130549],[21.307023,42.130419],[21.30724,42.130328],[21.307456,42.130295],[21.307479,42.130292],[21.307685,42.130299],[21.30796,42.130338],[21.308006,42.130332],[21.308282,42.13029],[21.308421,42.130212],[21.308538,42.130106],[21.308623,42.12991],[21.30877,42.129474],[21.30873,42.129119],[21.308867,42.128926],[21.309144,42.128801],[21.309397,42.128647],[21.309586,42.128515],[21.309894,42.128298],[21.310356,42.127925],[21.310526,42.127679],[21.310573,42.127545],[21.310625,42.127088],[21.310539,42.126619],[21.310431,42.126237],[21.310383,42.125978],[21.310401,42.125937],[21.310459,42.1258],[21.3106,42.12566],[21.310903,42.125405],[21.311148,42.125281],[21.311403,42.124992],[21.311558,42.124721],[21.311541,42.124243],[21.311538,42.124141],[21.311573,42.123639],[21.311577,42.12358],[21.311604,42.123135],[21.311661,42.122131],[21.312014,42.121241],[21.31209,42.121148],[21.31225,42.120952],[21.31253,42.120768],[21.312706,42.120652],[21.313062,42.12063],[21.31397,42.120907],[21.3142,42.120782],[21.314292,42.120732],[21.314277,42.120713],[21.314249,42.120699],[21.314107,42.120648],[21.314626,42.120381],[21.315235,42.119994],[21.315385,42.119827],[21.315643,42.119486],[21.315838,42.119185],[21.315979,42.118895],[21.316012,42.118829],[21.316259,42.11838],[21.316354,42.118162],[21.316551,42.117714],[21.316655,42.117523],[21.316472,42.117365],[21.316081,42.116991],[21.316048,42.11697],[21.315504,42.116588],[21.314709,42.115706],[21.31469,42.115488],[21.314798,42.115135],[21.314888,42.114948],[21.314952,42.114886],[21.314982,42.114807],[21.315032,42.114728],[21.315044,42.114656],[21.31509,42.114565],[21.31522,42.114406],[21.315427,42.11421],[21.315442,42.114108],[21.315638,42.113932],[21.315709,42.11379],[21.315925,42.113585],[21.316211,42.113397],[21.316372,42.113241],[21.316528,42.113091],[21.316617,42.113005],[21.316985,42.112849],[21.317023,42.11282],[21.317253,42.112634],[21.317407,42.112535],[21.317529,42.112472],[21.31844,42.111746],[21.318631,42.111554],[21.319138,42.110915],[21.319315,42.110701],[21.319412,42.11057],[21.319445,42.110526],[21.319528,42.110344],[21.31975,42.109979],[21.319758,42.109958],[21.319866,42.109617],[21.319957,42.109324],[21.320051,42.109233],[21.320143,42.108972],[21.320188,42.108843],[21.320532,42.108513],[21.320721,42.108407],[21.321381,42.108063],[21.321133,42.107938],[21.320568,42.107802],[21.320271,42.107669],[21.320031,42.10761],[21.31969,42.107568],[21.319367,42.107463],[21.319235,42.10737],[21.318913,42.107369],[21.318725,42.10737],[21.318525,42.107282],[21.318373,42.107231],[21.318222,42.107223],[21.318097,42.107256],[21.317608,42.107402],[21.317196,42.107534],[21.316865,42.10746],[21.316612,42.107433],[21.315922,42.107241],[21.315696,42.107204],[21.315202,42.107003],[21.315167,42.106989],[21.315121,42.106944],[21.31502,42.106917],[21.313356,42.106709],[21.308709,42.106138],[21.308373,42.105963],[21.308073,42.105807],[21.307804,42.10578],[21.307573,42.105788],[21.307493,42.105783],[21.307418,42.105692],[21.307183,42.105638],[21.30704,42.105643],[21.306843,42.105501],[21.3066,42.105454],[21.306455,42.105465],[21.306347,42.105495],[21.306152,42.105545],[21.305992,42.105496],[21.305868,42.105422],[21.304872,42.104987],[21.304656,42.104925],[21.30444,42.104862],[21.303543,42.104471],[21.303498,42.104474],[21.303471,42.10467],[21.303498,42.104875],[21.303434,42.105188],[21.303364,42.10534],[21.303333,42.105459],[21.303347,42.105558],[21.303351,42.105586],[21.303407,42.105717],[21.303413,42.105765],[21.303428,42.105981],[21.303268,42.106091],[21.303078,42.106225],[21.302694,42.106214],[21.302396,42.106261],[21.302291,42.106375],[21.301738,42.106909],[21.301508,42.107124],[21.301313,42.107398],[21.301214,42.107675],[21.30102,42.107886],[21.300915,42.107995],[21.300913,42.107997],[21.300882,42.108023],[21.300689,42.108149],[21.300684,42.108152],[21.300586,42.108216],[21.300324,42.108463],[21.300271,42.108513],[21.300219,42.108611],[21.300133,42.108725],[21.300133,42.108726],[21.30006,42.10884],[21.300059,42.108842],[21.299941,42.109057],[21.29977,42.109348],[21.299534,42.10957],[21.299482,42.109696],[21.29948,42.1097],[21.299244,42.110031],[21.299246,42.110039],[21.299319,42.110343],[21.299353,42.110576],[21.29936,42.110927],[21.298883,42.111025],[21.2986,42.110984],[21.298369,42.110865],[21.298316,42.111237],[21.298204,42.111698],[21.298162,42.111869],[21.2981,42.111921],[21.29798,42.112026],[21.297545,42.112268],[21.297488,42.112354],[21.297364,42.112547],[21.295536,42.112177],[21.294665,42.111958],[21.29465,42.111838],[21.294688,42.111714],[21.294744,42.111538],[21.294794,42.111504],[21.294888,42.111372],[21.294932,42.111168],[21.294935,42.111156],[21.295109,42.110923],[21.295262,42.110711],[21.295344,42.110599],[21.295,42.110354],[21.294961,42.110327],[21.294704,42.110091],[21.294765,42.109844],[21.294617,42.109693],[21.294174,42.109774],[21.294114,42.109681],[21.293941,42.109415],[21.293909,42.109362],[21.293876,42.109313],[21.293906,42.109302],[21.293935,42.109294],[21.294068,42.109261],[21.29415,42.109233],[21.294239,42.109166],[21.293954,42.10899],[21.293928,42.10896],[21.293799,42.10888],[21.293786,42.108873],[21.293728,42.108924],[21.293436,42.109253],[21.293032,42.108961],[21.292647,42.10867],[21.292551,42.108624],[21.292979,42.108198],[21.293167,42.108013],[21.292642,42.107661],[21.292479,42.107553],[21.292425,42.10749],[21.292215,42.10727],[21.292142,42.107193],[21.292061,42.107112],[21.292141,42.107001],[21.292307,42.106773],[21.292459,42.106565],[21.2929,42.106373],[21.292662,42.106117],[21.292509,42.105939],[21.292333,42.105788],[21.292,42.10563],[21.291894,42.105598],[21.291732,42.105534],[21.291463,42.105471],[21.29102,42.105389],[21.291348,42.105096],[21.290498,42.104859],[21.289741,42.104683],[21.289218,42.104552],[21.28908,42.104451],[21.288875,42.104352],[21.288802,42.104253],[21.288695,42.104099],[21.2882,42.10383],[21.287254,42.103313],[21.286759,42.103071],[21.286412,42.102896],[21.285938,42.102648],[21.285628,42.102486],[21.285418,42.102369],[21.284989,42.102139],[21.284385,42.101819],[21.284202,42.101722],[21.283678,42.101454],[21.283623,42.101425],[21.283576,42.101401],[21.283505,42.101362],[21.283372,42.101289],[21.282864,42.101404],[21.282242,42.101585],[21.282043,42.101647],[21.281893,42.101723],[21.281689,42.101837],[21.281477,42.101947],[21.28128,42.102057],[21.281123,42.101766],[21.281093,42.10173],[21.281043,42.101644],[21.281005,42.101539],[21.280957,42.101463],[21.280899,42.101103],[21.280756,42.100925],[21.280677,42.100795],[21.28017,42.100759],[21.279562,42.10073],[21.279433,42.100772],[21.279281,42.100884],[21.279121,42.100988],[21.278976,42.101055],[21.278888,42.101043],[21.278803,42.100982],[21.278729,42.100834],[21.278619,42.100751],[21.278533,42.10062],[21.278558,42.100204],[21.278017,42.099779],[21.277462,42.099468],[21.277197,42.099343],[21.276942,42.099212],[21.276717,42.09911],[21.276602,42.099053],[21.276148,42.098829],[21.275638,42.098465],[21.275597,42.098431],[21.275572,42.098411],[21.275539,42.098066],[21.275433,42.097881],[21.275238,42.097873],[21.275097,42.097874],[21.274937,42.097849],[21.274871,42.097848],[21.27467,42.097843],[21.274532,42.097791],[21.274481,42.097583],[21.274403,42.097484],[21.274334,42.097393],[21.274125,42.097153],[21.274017,42.096967],[21.273836,42.09681],[21.273707,42.096685],[21.273579,42.096559],[21.273219,42.096334],[21.272825,42.096069],[21.272611,42.095932],[21.272367,42.095909],[21.272269,42.095883],[21.270311,42.095274],[21.269651,42.095072],[21.269127,42.094908],[21.268489,42.094717],[21.268357,42.094677],[21.265855,42.094315],[21.264656,42.094257],[21.262285,42.094147],[21.260909,42.094069],[21.25752,42.093911],[21.257121,42.093207],[21.256907,42.092841],[21.256879,42.092786],[21.256281,42.093075],[21.255922,42.093116],[21.253827,42.092813],[21.253337,42.092771],[21.253219,42.092765],[21.252792,42.092675],[21.252256,42.092495],[21.251862,42.092397],[21.251445,42.092369],[21.251303,42.092368],[21.250912,42.092298],[21.248616,42.092467],[21.245795,42.092674],[21.245167,42.093147],[21.244976,42.093356],[21.244785,42.093565],[21.244266,42.093654],[21.243687,42.093561],[21.243161,42.093477],[21.242962,42.093497],[21.242471,42.093539],[21.242096,42.093573],[21.242031,42.093579],[21.241883,42.093593],[21.241476,42.093713],[21.241147,42.09383],[21.240409,42.094026],[21.239677,42.093821],[21.239465,42.093849],[21.239135,42.093892],[21.238911,42.093978],[21.237992,42.094454],[21.237445,42.094689],[21.237088,42.094759],[21.236503,42.094897],[21.23586,42.095081],[21.23525,42.095182],[21.234324,42.095211],[21.233758,42.095255],[21.233722,42.095258],[21.233443,42.095314],[21.233386,42.095572],[21.233409,42.095963],[21.2335,42.09637],[21.233532,42.096624],[21.233531,42.097075],[21.233499,42.097448],[21.233531,42.097556],[21.233624,42.097866],[21.233624,42.097881],[21.233622,42.097975],[21.23362,42.09805],[21.233618,42.098105],[21.233616,42.098116],[21.233608,42.098168],[21.2336,42.098214],[21.233453,42.09824],[21.233125,42.098205],[21.232793,42.098123],[21.232612,42.098114],[21.232573,42.098105],[21.232399,42.098065],[21.232272,42.098058],[21.231992,42.098043],[21.231894,42.097994],[21.231689,42.097779],[21.231647,42.097732],[21.231477,42.097632],[21.231259,42.097586],[21.231029,42.09754],[21.230902,42.097549],[21.230662,42.097471],[21.230478,42.097366],[21.230441,42.097275],[21.230365,42.097203],[21.230113,42.097064],[21.230049,42.096994],[21.229959,42.096874],[21.229891,42.096735],[21.229871,42.096564],[21.229811,42.096442],[21.229814,42.096324],[21.229876,42.096164],[21.229821,42.096104],[21.229707,42.096062],[21.229536,42.096091],[21.229385,42.096116],[21.229318,42.096152],[21.229183,42.096222],[21.229147,42.096314],[21.229273,42.096403],[21.229282,42.096463],[21.229225,42.096555],[21.229214,42.096666],[21.229209,42.09677],[21.229125,42.096784],[21.229036,42.096749],[21.228846,42.096734],[21.228828,42.096706],[21.228886,42.096598],[21.228794,42.09658],[21.228402,42.096762],[21.22833,42.096827],[21.228312,42.096864],[21.228223,42.09696],[21.228113,42.097059],[21.228002,42.097141],[21.227863,42.097178],[21.227673,42.097167],[21.227451,42.097041],[21.227372,42.096917],[21.227245,42.0967],[21.227223,42.096641],[21.227158,42.096507],[21.227057,42.096331],[21.226984,42.096195],[21.227009,42.096102],[21.226987,42.095907],[21.226897,42.09585],[21.226731,42.095815],[21.226533,42.095781],[21.226269,42.095759],[21.226099,42.095731],[21.225953,42.095621],[21.225929,42.095532],[21.22581,42.095415],[21.22557,42.095354],[21.225355,42.095375],[21.225252,42.09541],[21.22506,42.095458],[21.224879,42.095463],[21.224541,42.095594],[21.224329,42.095554],[21.224205,42.095491],[21.224013,42.095327],[21.223859,42.095196],[21.223734,42.095096],[21.223637,42.095032],[21.223561,42.095007],[21.223511,42.094977],[21.223461,42.09491],[21.223372,42.094606],[21.22334,42.094363],[21.223144,42.09432],[21.223003,42.094242],[21.222977,42.094128],[21.223024,42.093981],[21.222965,42.093822],[21.22297,42.093673],[21.222695,42.093624],[21.222473,42.093631],[21.222313,42.093744],[21.222175,42.093937],[21.222155,42.09421],[21.222189,42.094407],[21.222254,42.094612],[21.22222,42.094819],[21.222229,42.094957],[21.222189,42.095131],[21.222022,42.095294],[21.221973,42.095452],[21.221743,42.095684],[21.221549,42.095853],[21.221428,42.096017],[21.221385,42.09612],[21.221395,42.096319],[21.221482,42.096439],[21.221639,42.096609],[21.221674,42.096722],[21.221753,42.096889],[21.221892,42.097073],[21.222024,42.097257],[21.222096,42.097461],[21.222108,42.097579],[21.222078,42.09771],[21.22201,42.097835],[21.221967,42.097914],[21.221873,42.098055],[21.22181,42.098215],[21.221721,42.098424],[21.221651,42.098636],[21.221603,42.098818],[21.221596,42.098981],[21.221608,42.099171],[21.221657,42.09935],[21.221665,42.099474],[21.221636,42.099722],[21.221561,42.099848],[21.221453,42.100016],[21.221319,42.100186],[21.221239,42.10028],[21.221134,42.100408],[21.221018,42.10047],[21.220692,42.100594],[21.220367,42.100717],[21.220313,42.100754],[21.220199,42.10088],[21.220195,42.100987],[21.2202,42.101165],[21.220257,42.101439],[21.220363,42.101625],[21.220442,42.10179],[21.22045,42.101913],[21.220394,42.102017],[21.220285,42.102104],[21.22018,42.102167],[21.220106,42.102174],[21.219857,42.102177],[21.219583,42.102186],[21.219309,42.102139],[21.219195,42.102123],[21.219114,42.10214],[21.219058,42.102164],[21.218942,42.102266],[21.218891,42.102326],[21.218827,42.102442],[21.218734,42.102597],[21.218603,42.102714],[21.218457,42.102896],[21.218289,42.103053],[21.218245,42.10311],[21.218211,42.103206],[21.218194,42.103231],[21.218076,42.103304],[21.217914,42.103381],[21.217614,42.103449],[21.217377,42.103504],[21.217232,42.103628],[21.217053,42.103777],[21.216847,42.103933],[21.216642,42.104015],[21.216531,42.104134],[21.21653,42.1042],[21.216519,42.104368],[21.216572,42.104524],[21.216612,42.104621],[21.21655,42.104904],[21.216411,42.105014],[21.216354,42.105376],[21.216056,42.105666],[21.215739,42.105944],[21.215498,42.106133],[21.215242,42.106288],[21.215158,42.106479],[21.215248,42.106676],[21.215315,42.106777],[21.215285,42.106858],[21.215144,42.106999],[21.21501,42.107337],[21.214794,42.107369],[21.214559,42.107426],[21.214386,42.107527],[21.214229,42.107687],[21.214151,42.107876],[21.214192,42.107999],[21.214315,42.108124],[21.214355,42.108232],[21.214393,42.108422],[21.21436,42.108603],[21.21411,42.108742],[21.214012,42.108885],[21.213875,42.109123],[21.213695,42.109284],[21.213512,42.109444],[21.213358,42.109596],[21.213175,42.109789],[21.213049,42.109982],[21.212903,42.110222],[21.212851,42.110369],[21.212773,42.11057],[21.212684,42.11076],[21.212565,42.110955],[21.212591,42.11106],[21.212669,42.111149],[21.212911,42.111288],[21.213083,42.111397],[21.213117,42.111475],[21.213163,42.111596],[21.213231,42.111755],[21.213374,42.111883],[21.213561,42.111981],[21.213794,42.112095],[21.214031,42.112212],[21.214202,42.112296],[21.214329,42.112397],[21.214476,42.112525],[21.214559,42.112672],[21.21465,42.112851],[21.214675,42.113032],[21.214604,42.113146],[21.214526,42.113226],[21.214464,42.113425],[21.214527,42.113587],[21.214645,42.113717],[21.214794,42.113798],[21.214904,42.113876],[21.215043,42.113982],[21.215213,42.114164],[21.215198,42.114363],[21.215143,42.114543],[21.215076,42.114696],[21.214949,42.114806],[21.214934,42.114942],[21.214956,42.11511],[21.214962,42.115239],[21.21494,42.115379],[21.214835,42.115542],[21.214568,42.115789],[21.214534,42.11595],[21.214602,42.116039],[21.214875,42.116101],[21.215047,42.116217],[21.215097,42.116371],[21.215146,42.116557],[21.215139,42.116704],[21.215119,42.116905],[21.215078,42.117128],[21.215094,42.117287],[21.21506,42.117428],[21.215022,42.117549],[21.214984,42.117627],[21.215019,42.117683],[21.215173,42.117783],[21.215345,42.117889],[21.215473,42.117982],[21.215511,42.118151],[21.215501,42.118308],[21.215355,42.118486],[21.215281,42.118702],[21.215248,42.118883],[21.215255,42.118983],[21.215339,42.119179],[21.215444,42.119335],[21.215514,42.119417],[21.215728,42.119622],[21.215871,42.119767],[21.21597,42.11991],[21.216037,42.120115],[21.216046,42.120295],[21.216049,42.120396],[21.216031,42.120502],[21.21602,42.120595],[21.216009,42.12068],[21.216009,42.120695],[21.21601,42.120852],[21.216021,42.121027],[21.216026,42.121106],[21.216026,42.121285],[21.215967,42.121405],[21.215901,42.121519],[21.215855,42.121599],[21.215806,42.121715],[21.215754,42.121842],[21.215787,42.121994],[21.215832,42.122071],[21.215954,42.122198],[21.21606,42.122359],[21.216109,42.122501],[21.21614,42.122545],[21.216136,42.122646],[21.216112,42.122707],[21.216106,42.122781],[21.216099,42.122924],[21.21616,42.123072],[21.216205,42.123192],[21.216277,42.123299],[21.216475,42.123425],[21.216581,42.12349],[21.216606,42.12351],[21.216717,42.123599],[21.216803,42.123798],[21.216921,42.124035],[21.216777,42.124147],[21.216539,42.124252],[21.216375,42.124334],[21.21623,42.124516],[21.216223,42.124628],[21.216197,42.124791],[21.216172,42.124918],[21.216134,42.125054],[21.21618,42.125165],[21.216237,42.125308],[21.216283,42.125427],[21.216346,42.125539],[21.216431,42.125672],[21.216467,42.125863],[21.216423,42.125962],[21.21636,42.126076],[21.216298,42.126138],[21.216154,42.126186],[21.216007,42.126292],[21.215918,42.126408],[21.215855,42.126531],[21.215822,42.126679],[21.215822,42.126858],[21.215849,42.127036],[21.215808,42.127149],[21.215547,42.127465],[21.215454,42.127591],[21.21537,42.127696],[21.215327,42.127742],[21.215299,42.127798],[21.215312,42.127953],[21.21532,42.128061],[21.215481,42.128221],[21.215553,42.12827],[21.215636,42.128337],[21.215743,42.12843],[21.215857,42.128509],[21.216039,42.128603],[21.216243,42.128695],[21.216393,42.128724],[21.216456,42.128818],[21.216418,42.128926],[21.216355,42.129057],[21.21628,42.129208],[21.216202,42.129326],[21.21615,42.129425],[21.216094,42.129517],[21.216016,42.129665],[21.215922,42.129785],[21.215698,42.129869],[21.215473,42.129881],[21.215322,42.129907],[21.215173,42.129978],[21.2151,42.130063],[21.215105,42.130171],[21.21512,42.130294],[21.215142,42.130403],[21.215186,42.130553],[21.215191,42.130691],[21.215161,42.13085],[21.215057,42.130984],[21.214937,42.131104],[21.214783,42.131183],[21.214611,42.131267],[21.214488,42.131376],[21.214436,42.131481],[21.214426,42.131576],[21.214527,42.131712],[21.214628,42.131985],[21.214606,42.132143],[21.214573,42.132312],[21.21457,42.132437],[21.214561,42.132559],[21.214541,42.132652],[21.214501,42.132821],[21.214444,42.132878],[21.214283,42.132962],[21.2141,42.133014],[21.213935,42.133053],[21.21377,42.133118],[21.213718,42.133196],[21.213673,42.13326],[21.213616,42.133337],[21.213577,42.133507],[21.213528,42.133616],[21.213495,42.133748],[21.213439,42.133932],[21.213436,42.133943],[21.213389,42.134115],[21.213361,42.134309],[21.213339,42.134375],[21.213201,42.134542],[21.213044,42.134685],[21.212906,42.134794],[21.212771,42.134886],[21.212606,42.13492],[21.212494,42.134976],[21.212353,42.134981],[21.212291,42.134907],[21.212246,42.134762],[21.212242,42.134647],[21.212211,42.134572],[21.212084,42.134497],[21.211803,42.134546],[21.21163,42.134622],[21.211554,42.13465],[21.21136,42.134772],[21.211263,42.134798],[21.211101,42.134823],[21.210848,42.134903],[21.210595,42.134986],[21.210563,42.135143],[21.210564,42.135269],[21.210555,42.13535],[21.210598,42.135426],[21.210722,42.135546],[21.210862,42.13569],[21.210887,42.135776],[21.210922,42.135952],[21.211024,42.136086],[21.211002,42.136228],[21.210969,42.136417],[21.210956,42.13651],[21.210857,42.136614],[21.210786,42.136701],[21.210727,42.13676],[21.210625,42.136774],[21.210487,42.136839],[21.210393,42.136885],[21.210269,42.136889],[21.210068,42.136883],[21.209815,42.136888],[21.209661,42.136906],[21.209407,42.137025],[21.209189,42.137152],[21.209029,42.13722],[21.208868,42.13729],[21.208823,42.137362],[21.208844,42.137458],[21.208869,42.137563],[21.208921,42.137676],[21.208952,42.137745],[21.208904,42.13789],[21.208808,42.137988],[21.208556,42.138128],[21.208376,42.13822],[21.2082,42.138324],[21.208062,42.138424],[21.208043,42.138508],[21.208033,42.138695],[21.208048,42.138845],[21.208071,42.138993],[21.208113,42.139095],[21.208207,42.139329],[21.208244,42.139544],[21.208314,42.139728],[21.208368,42.139875],[21.20849,42.140061],[21.208619,42.140199],[21.208628,42.140226],[21.20868,42.140372],[21.208699,42.140475],[21.20868,42.140587],[21.208605,42.1407],[21.208486,42.140812],[21.208291,42.140924],[21.208144,42.14102],[21.208086,42.141042],[21.207939,42.141103],[21.207752,42.141215],[21.207614,42.141346],[21.207562,42.141397],[21.207348,42.141473],[21.207112,42.14154],[21.206943,42.141591],[21.20667,42.141653],[21.206522,42.141661],[21.20646,42.141678],[21.206333,42.141736],[21.206151,42.141847],[21.205985,42.141955],[21.205894,42.142047],[21.205849,42.142183],[21.205832,42.14225],[21.205784,42.142391],[21.205739,42.142538],[21.205703,42.142698],[21.205646,42.142876],[21.205557,42.143067],[21.205514,42.143206],[21.20557,42.143375],[21.205611,42.143463],[21.205697,42.143645],[21.205781,42.143773],[21.2058,42.14394],[21.205763,42.144091],[21.205701,42.144181],[21.205602,42.144267],[21.205512,42.144338],[21.205443,42.14442],[21.205341,42.144605],[21.205256,42.144754],[21.205218,42.144834],[21.205125,42.145055],[21.205049,42.145085],[21.204911,42.1451],[21.204776,42.145075],[21.204517,42.144987],[21.204342,42.144896],[21.204205,42.144811],[21.204035,42.144732],[21.203837,42.144722],[21.203563,42.144743],[21.203354,42.14479],[21.203239,42.14488],[21.203211,42.144941],[21.203204,42.144955],[21.203208,42.145098],[21.203229,42.145283],[21.203166,42.145513],[21.203101,42.145577],[21.203001,42.14567],[21.202948,42.145774],[21.20294,42.145825],[21.202948,42.145924],[21.202979,42.146065],[21.203043,42.146266],[21.203089,42.146383],[21.203097,42.146576],[21.203116,42.146695],[21.203152,42.14693],[21.203125,42.14705],[21.203119,42.147154],[21.203087,42.147379],[21.203025,42.147502],[21.202962,42.147611],[21.202775,42.147747],[21.202641,42.147777],[21.20253,42.147691],[21.202428,42.147601],[21.202357,42.147554],[21.202188,42.147434],[21.201895,42.147313],[21.201602,42.147322],[21.201435,42.147394],[21.201299,42.147478],[21.201087,42.147596],[21.200923,42.147711],[21.200753,42.147807],[21.200738,42.147815],[21.200329,42.147833],[21.199998,42.147869],[21.19993,42.148068],[21.199897,42.148289],[21.199895,42.148421],[21.199901,42.148444],[21.199901,42.148521],[21.199919,42.148566],[21.19992,42.14857],[21.199868,42.148629],[21.199938,42.148779],[21.199971,42.149075],[21.199885,42.14931],[21.199717,42.149655],[21.199613,42.149707],[21.199654,42.149903],[21.199642,42.150044],[21.199612,42.150174],[21.199628,42.150283],[21.199734,42.150469],[21.199826,42.150652],[21.199882,42.150863],[21.199893,42.150905],[21.199969,42.151019],[21.199987,42.151044],[21.200142,42.151146],[21.199946,42.151155],[21.199745,42.151065],[21.199634,42.150939],[21.199319,42.150763],[21.19915,42.150777],[21.19912,42.150779],[21.199111,42.150782],[21.199011,42.150805],[21.198825,42.150849],[21.198409,42.150947],[21.198403,42.150948],[21.198356,42.150958],[21.19822,42.151012],[21.197721,42.150999],[21.197566,42.151021],[21.197448,42.151073],[21.196976,42.151351],[21.196555,42.151486],[21.196289,42.151744],[21.196121,42.151842],[21.195991,42.151909],[21.195662,42.15203],[21.195605,42.152055],[21.195564,42.152108],[21.195548,42.152127],[21.195432,42.15224],[21.195428,42.152244],[21.195371,42.152226],[21.195366,42.152229],[21.19536,42.152239],[21.1953,42.152351],[21.195265,42.152416],[21.19523,42.152511],[21.19518,42.152652],[21.195161,42.152767],[21.195146,42.152867],[21.195098,42.152936],[21.195069,42.152998],[21.195017,42.153114],[21.194978,42.15322],[21.19495,42.153343],[21.19493,42.153452],[21.194917,42.153551],[21.194898,42.153675],[21.19494,42.15381],[21.194965,42.153869],[21.194993,42.153938],[21.19504,42.154062],[21.195022,42.154106],[21.19498,42.154132],[21.194906,42.154144],[21.19477,42.154152],[21.194605,42.154151],[21.194431,42.154159],[21.194284,42.154197],[21.194186,42.15424],[21.194146,42.154292],[21.194087,42.154409],[21.194062,42.154462],[21.194011,42.154569],[21.193969,42.154684],[21.19393,42.154721],[21.193842,42.154785],[21.19378,42.15489],[21.193624,42.154925],[21.19352,42.154969],[21.193397,42.155011],[21.193321,42.155017],[21.193198,42.155026],[21.193006,42.155064],[21.192961,42.155064],[21.192828,42.155061],[21.192661,42.155116],[21.192541,42.155201],[21.192407,42.155306],[21.192348,42.155366],[21.192309,42.155458],[21.192225,42.155509],[21.192156,42.15554],[21.192152,42.155593],[21.192152,42.155682],[21.192123,42.155795],[21.192116,42.155885],[21.192123,42.155963],[21.192124,42.155969],[21.192087,42.156076],[21.192007,42.15619],[21.192005,42.156194],[21.19202,42.156206],[21.192051,42.156229],[21.192059,42.156278],[21.19199,42.156327],[21.191888,42.156356],[21.191829,42.156383],[21.191727,42.156501],[21.191669,42.156575],[21.191657,42.15659],[21.191646,42.156639],[21.191578,42.156632],[21.191546,42.156664],[21.191515,42.156695],[21.191549,42.156752],[21.191602,42.156744],[21.191603,42.15676],[21.191604,42.156776],[21.191664,42.156915],[21.191761,42.157121],[21.191748,42.157182],[21.191618,42.157267],[21.191613,42.15727],[21.191444,42.157412],[21.191443,42.157528],[21.191426,42.157553],[21.191365,42.15764],[21.19132,42.157732],[21.191353,42.157904],[21.191509,42.158051],[21.191672,42.158031],[21.191741,42.158064],[21.191703,42.158322],[21.191702,42.158326],[21.19172,42.1584],[21.191733,42.158445],[21.191685,42.158557],[21.191678,42.158578],[21.191632,42.158729],[21.191509,42.158828],[21.191498,42.159034],[21.191494,42.159055],[21.191478,42.159146],[21.191391,42.159241],[21.191265,42.159376],[21.191216,42.159426],[21.190993,42.159692],[21.190969,42.15972],[21.19088,42.159801],[21.190751,42.159842],[21.190646,42.159864],[21.190567,42.159952],[21.190564,42.159956],[21.190427,42.160028],[21.190337,42.160041],[21.19009,42.160077],[21.189835,42.16015],[21.189727,42.16018],[21.189474,42.160283],[21.189401,42.160364],[21.189243,42.160371],[21.189147,42.160401],[21.189121,42.160414],[21.189069,42.16044],[21.188971,42.160599],[21.188961,42.160614],[21.18896,42.160615],[21.18878,42.160637],[21.18866,42.160681],[21.188482,42.160789],[21.188288,42.160988],[21.188107,42.161155],[21.188042,42.161248],[21.188035,42.161251],[21.187938,42.161302],[21.187849,42.161347],[21.187841,42.161351],[21.187743,42.161399],[21.18767,42.161429],[21.187489,42.161504],[21.187425,42.161583],[21.18726,42.161675],[21.187157,42.161716],[21.187126,42.161729],[21.187033,42.161759],[21.186836,42.161822],[21.186728,42.161928],[21.18669,42.161998],[21.186685,42.162019],[21.18666,42.162077],[21.186592,42.162091],[21.186369,42.162213],[21.186362,42.162217],[21.186206,42.162309],[21.186402,42.162577],[21.18645,42.162691],[21.186453,42.162699],[21.186723,42.162929],[21.186482,42.163107],[21.186335,42.16323],[21.186267,42.16327],[21.186173,42.16338],[21.186072,42.163332],[21.18601,42.163301],[21.185838,42.163207],[21.185463,42.163001],[21.185142,42.163005],[21.185089,42.163005],[21.185059,42.163006],[21.184847,42.163007],[21.184717,42.163006],[21.184522,42.163002],[21.184453,42.163212],[21.184438,42.163374],[21.18444,42.163454],[21.184603,42.163457],[21.184664,42.163459],[21.184743,42.163467],[21.18501,42.163496],[21.185097,42.163499],[21.185304,42.163505],[21.185478,42.163526],[21.185698,42.16361],[21.185795,42.163635],[21.18627,42.163822],[21.186461,42.163914],[21.186507,42.163941],[21.186576,42.163988],[21.186577,42.163989],[21.186568,42.163995],[21.186308,42.164179],[21.186206,42.16427],[21.186101,42.164372],[21.185958,42.164413],[21.185772,42.164505],[21.185759,42.164514],[21.185329,42.165052],[21.185191,42.165149],[21.185113,42.165186],[21.185107,42.165189],[21.184999,42.165247],[21.184885,42.165306],[21.184667,42.165433],[21.18464,42.16545],[21.184559,42.165498],[21.184437,42.165556],[21.184211,42.16558],[21.184098,42.165596],[21.183954,42.165578],[21.183877,42.165583],[21.18375,42.165592],[21.183706,42.16561],[21.183701,42.165612],[21.1837,42.165613],[21.183642,42.165642],[21.183488,42.165719],[21.183378,42.165774],[21.183197,42.16593],[21.183172,42.165951],[21.183116,42.165985],[21.182972,42.166069],[21.182836,42.166129],[21.18269,42.166144],[21.18265,42.166149],[21.182528,42.166128],[21.182248,42.166142],[21.181931,42.166191],[21.1816,42.166257],[21.181539,42.16627],[21.181527,42.166273],[21.181389,42.166316],[21.18114,42.166394],[21.181025,42.166482],[21.181021,42.166484],[21.180913,42.166559],[21.180856,42.166586],[21.180764,42.166653],[21.180673,42.166735],[21.180598,42.166749],[21.180589,42.166802],[21.180579,42.166855],[21.180541,42.166899],[21.180534,42.167011],[21.180468,42.16713],[21.180465,42.167134],[21.180388,42.167269],[21.180386,42.167274],[21.18037,42.167375],[21.180393,42.167431],[21.180393,42.167449],[21.180454,42.16756],[21.180496,42.167638],[21.180501,42.167646],[21.180342,42.167765],[21.180216,42.167905],[21.180164,42.167994],[21.180019,42.1682],[21.179896,42.168423],[21.179497,42.168572],[21.179454,42.168582],[21.179453,42.168582],[21.179428,42.168645],[21.17942,42.168656],[21.179288,42.168865],[21.179171,42.16905],[21.17908,42.169296],[21.179077,42.169304],[21.179015,42.169463],[21.179012,42.169469],[21.178965,42.169551],[21.178964,42.169553],[21.178905,42.169626],[21.178795,42.169756],[21.178717,42.169853],[21.17868,42.169986],[21.178567,42.170099],[21.178634,42.170383],[21.178705,42.170513],[21.178784,42.170599],[21.178785,42.170601],[21.178843,42.170672],[21.178873,42.17073],[21.178875,42.170852],[21.178837,42.170901],[21.178735,42.170911],[21.178692,42.170988],[21.17869,42.17099],[21.178517,42.171136],[21.178514,42.171139],[21.178359,42.171282],[21.178352,42.171289],[21.178409,42.171469],[21.178434,42.171638],[21.178434,42.171643],[21.178426,42.171809],[21.178369,42.171941],[21.178355,42.172006],[21.178334,42.172042],[21.178332,42.172045],[21.178241,42.172223],[21.178166,42.172281],[21.178121,42.172355],[21.178089,42.172439],[21.178089,42.17244],[21.178035,42.172567],[21.178022,42.172599],[21.178006,42.172678],[21.17797,42.172768],[21.177915,42.172828],[21.177895,42.172845],[21.177597,42.172928],[21.17732,42.173003],[21.177207,42.173026],[21.176682,42.173085],[21.17656,42.17306],[21.176464,42.173101],[21.176457,42.173149],[21.176457,42.173268],[21.176508,42.173333],[21.17652,42.173421],[21.176543,42.173456],[21.176587,42.173525],[21.176755,42.173691],[21.176607,42.174086],[21.176568,42.174183],[21.176482,42.174421],[21.176458,42.174617],[21.17637,42.174772],[21.176198,42.174932],[21.176099,42.175343],[21.176094,42.17535],[21.175903,42.175649],[21.175877,42.175715],[21.175725,42.175919],[21.17568,42.176024],[21.175564,42.176244],[21.175552,42.176261],[21.175486,42.176365],[21.17539,42.176523],[21.175344,42.176599],[21.175255,42.176753],[21.175174,42.176829],[21.17517,42.176833],[21.175169,42.176834],[21.175114,42.176888],[21.175057,42.176943],[21.175002,42.176987],[21.174913,42.177343],[21.174908,42.177357],[21.174833,42.177537],[21.174833,42.177538],[21.174787,42.177649],[21.174739,42.177749],[21.174568,42.177886],[21.174409,42.178018],[21.174303,42.178203],[21.17403,42.178472],[21.174028,42.178474],[21.173928,42.178673],[21.173901,42.178709],[21.173767,42.17889],[21.173564,42.1791],[21.173288,42.17924],[21.173272,42.179249],[21.173386,42.179239],[21.173811,42.17944],[21.17388,42.179467],[21.173923,42.179477],[21.17408,42.179529],[21.173973,42.179687],[21.173567,42.180015],[21.173116,42.180317],[21.173108,42.180322],[21.173091,42.180314],[21.172728,42.180144],[21.17251,42.180039],[21.172217,42.18018],[21.171894,42.180452],[21.171785,42.180596],[21.171486,42.180983],[21.171339,42.181313],[21.171085,42.181711],[21.170901,42.182081],[21.170833,42.182179],[21.170657,42.182401],[21.170596,42.182479],[21.170569,42.182512],[21.170541,42.182527],[21.170443,42.182628],[21.170425,42.182644],[21.170254,42.182789],[21.170083,42.182937],[21.170089,42.182965],[21.170114,42.183083],[21.170096,42.18325],[21.170068,42.183421],[21.170069,42.183585],[21.170113,42.183707],[21.170106,42.183717],[21.170039,42.183812],[21.169916,42.183896],[21.169759,42.184024],[21.169736,42.184208],[21.169665,42.184411],[21.169615,42.184445],[21.16948,42.18453],[21.169448,42.18461],[21.169449,42.184676],[21.169449,42.18468],[21.169434,42.184768],[21.169402,42.184908],[21.169381,42.185045],[21.169369,42.185085],[21.169356,42.185125],[21.169263,42.185196],[21.169031,42.185308],[21.168751,42.18538],[21.168691,42.185396],[21.168494,42.185461],[21.168274,42.18555],[21.168251,42.185559],[21.168306,42.185567],[21.168677,42.185523],[21.168721,42.185517],[21.169266,42.185454],[21.1695,42.185438],[21.169458,42.185627],[21.169579,42.185811],[21.169609,42.186051],[21.16961,42.186065],[21.169828,42.186033],[21.169957,42.186051],[21.170107,42.186057],[21.170109,42.186058],[21.170026,42.186255],[21.17002,42.18627],[21.170357,42.18623],[21.170359,42.18623],[21.17041,42.185822],[21.170639,42.185863],[21.170718,42.185893],[21.171134,42.185917],[21.171117,42.185956],[21.171026,42.186162],[21.171025,42.186163],[21.170979,42.186343],[21.170953,42.186443],[21.170896,42.186641],[21.171096,42.186671],[21.171165,42.186719],[21.17121,42.186797],[21.171175,42.186899],[21.17107,42.186955],[21.170945,42.186986],[21.170783,42.18701],[21.170643,42.187076],[21.170296,42.187244],[21.1703,42.187138],[21.170247,42.187044],[21.17018,42.187058],[21.170191,42.187182],[21.170136,42.18742],[21.16998,42.187697],[21.169975,42.187875],[21.169943,42.187957],[21.169921,42.187979],[21.169793,42.188109],[21.169779,42.188123],[21.169891,42.188203],[21.169896,42.188238],[21.169897,42.188246],[21.169878,42.188333],[21.169597,42.188326],[21.169098,42.188566],[21.169029,42.18853],[21.169002,42.188496],[21.168876,42.188433],[21.168723,42.18861],[21.16859,42.188811],[21.168436,42.188948],[21.168323,42.188995],[21.168183,42.189148],[21.168205,42.189224],[21.168269,42.189252],[21.168248,42.189296],[21.16824,42.189309],[21.168239,42.189312],[21.168238,42.189313],[21.168232,42.189323],[21.168122,42.189392],[21.168091,42.189495],[21.168004,42.189586],[21.16795,42.189632],[21.167822,42.189832],[21.167786,42.189879],[21.167841,42.189905],[21.167862,42.189922],[21.168275,42.19008],[21.168307,42.190105],[21.168284,42.190312],[21.168209,42.190488],[21.168015,42.190796],[21.167994,42.190866],[21.167952,42.191019],[21.167831,42.190972],[21.167744,42.190932],[21.167633,42.190897],[21.167508,42.190847],[21.167503,42.190846],[21.16747,42.190838],[21.167216,42.190939],[21.16706,42.191132],[21.166994,42.191247],[21.166849,42.191499],[21.166755,42.191721],[21.166676,42.191926],[21.166377,42.192022],[21.166287,42.192077],[21.165934,42.192304],[21.165819,42.192452],[21.165456,42.192793],[21.165148,42.193029],[21.16483,42.193222],[21.164721,42.193411],[21.164633,42.19356],[21.16446,42.193837],[21.164258,42.194104],[21.164074,42.194349],[21.163883,42.1946],[21.163766,42.194794],[21.163695,42.194934],[21.163653,42.19496],[21.163498,42.19519],[21.163333,42.195358],[21.1632,42.195514],[21.16317,42.195549],[21.163159,42.195572],[21.163058,42.195782],[21.163011,42.195875],[21.162974,42.195968],[21.162938,42.196062],[21.162837,42.196191],[21.162724,42.19631],[21.162694,42.196343],[21.162599,42.196426],[21.162526,42.196493],[21.162369,42.196632],[21.162259,42.196702],[21.162003,42.196895],[21.161753,42.197085],[21.161645,42.197144],[21.161136,42.197339],[21.161028,42.197346],[21.160606,42.197519],[21.160516,42.197529],[21.160041,42.197578],[21.158797,42.197947],[21.158396,42.198055],[21.158097,42.19812],[21.157872,42.19808],[21.157306,42.197927],[21.156801,42.197798],[21.156395,42.19769],[21.15629,42.197663],[21.155736,42.197649],[21.155684,42.197646],[21.154864,42.197684],[21.15403,42.198046],[21.153461,42.198146],[21.153265,42.198168],[21.152776,42.198288],[21.152707,42.198305],[21.1525,42.19837],[21.151406,42.198615],[21.151223,42.198645],[21.151006,42.198681],[21.150792,42.198721],[21.150789,42.198721],[21.1502,42.198829],[21.149952,42.198899],[21.149418,42.199048],[21.149282,42.199088],[21.148104,42.19928],[21.147074,42.199454],[21.146183,42.199592],[21.145793,42.199652],[21.145496,42.199705],[21.145039,42.199739],[21.144481,42.199779],[21.143811,42.199821],[21.1434,42.199851],[21.143025,42.199874],[21.142462,42.199916],[21.142159,42.199939],[21.142158,42.199939],[21.142147,42.199939],[21.141638,42.199963],[21.141105,42.199997],[21.141077,42.199999],[21.141064,42.2],[21.140564,42.199985],[21.14022,42.200039],[21.140214,42.200039],[21.140186,42.200047],[21.140044,42.200085],[21.139627,42.200238],[21.139314,42.20034],[21.138954,42.200454],[21.138831,42.200493],[21.138737,42.200519],[21.138533,42.200576],[21.138222,42.200633],[21.138143,42.200654],[21.13761,42.200761],[21.137079,42.200863],[21.136545,42.200978],[21.135996,42.201061],[21.135216,42.201285],[21.134847,42.201381],[21.134313,42.201455],[21.134311,42.201455],[21.133879,42.201514],[21.133286,42.201594],[21.132721,42.201663],[21.132134,42.201729],[21.131555,42.201792],[21.130972,42.201867],[21.1309,42.201858],[21.130586,42.201875],[21.130401,42.201881],[21.130222,42.201886],[21.129825,42.20189],[21.12924,42.201898],[21.128868,42.201937],[21.128303,42.201973],[21.127725,42.20202],[21.127153,42.202059],[21.126801,42.202067],[21.126583,42.202105],[21.126026,42.20215],[21.125704,42.202177],[21.12545,42.202199],[21.12536,42.202196],[21.12523,42.202312],[21.125161,42.202373],[21.125034,42.202359],[21.124511,42.202546],[21.124031,42.202712],[21.123559,42.202936],[21.123073,42.203137],[21.122597,42.203349],[21.122123,42.203558],[21.121655,42.203761],[21.121343,42.203939],[21.12127,42.203988],[21.121274,42.204016],[21.121036,42.204276],[21.12072,42.204644],[21.120446,42.204875],[21.120153,42.205258],[21.120039,42.205484],[21.119942,42.205533],[21.119918,42.205565],[21.119733,42.205748],[21.119563,42.206159],[21.119405,42.206322],[21.11921,42.206522],[21.119181,42.206609],[21.119178,42.206618],[21.119108,42.206827],[21.119107,42.206828],[21.119106,42.206833],[21.119104,42.206836],[21.118614,42.206776],[21.118511,42.206763],[21.118176,42.206706],[21.118067,42.206687],[21.117551,42.206682],[21.117019,42.206583],[21.116781,42.206614],[21.116248,42.206598],[21.115714,42.206481],[21.115621,42.206474],[21.115528,42.206467],[21.115253,42.206417],[21.115092,42.206388],[21.114584,42.206382],[21.114071,42.206224],[21.113723,42.20609],[21.113043,42.206022],[21.112877,42.205995],[21.112379,42.205868],[21.111836,42.205827],[21.111544,42.205857],[21.111295,42.205882],[21.111013,42.205848],[21.110642,42.205845],[21.110414,42.205905],[21.110071,42.205995],[21.109525,42.206165],[21.109103,42.206155],[21.109021,42.206163],[21.10894,42.206171],[21.10876,42.206114],[21.108518,42.20607],[21.107702,42.205918],[21.107229,42.205823],[21.106306,42.205662],[21.105386,42.205744],[21.104389,42.205865],[21.103772,42.205887],[21.103283,42.205449],[21.103031,42.205092],[21.103,42.205031],[21.102871,42.204945],[21.102616,42.204711],[21.10245,42.204588],[21.102359,42.204398],[21.102222,42.204366],[21.101816,42.204192],[21.10146,42.204089],[21.101208,42.2039],[21.10103,42.203653],[21.100903,42.203557],[21.100767,42.203532],[21.100269,42.203378],[21.099991,42.203221],[21.099744,42.203069],[21.099397,42.202926],[21.099161,42.202908],[21.098655,42.202849],[21.098251,42.202804],[21.098019,42.202745],[21.097773,42.20266],[21.097582,42.202545],[21.097472,42.202448],[21.097232,42.202199],[21.097071,42.202006],[21.097007,42.201848],[21.097019,42.201651],[21.097004,42.201546],[21.096817,42.201391],[21.096787,42.201366],[21.096664,42.201128],[21.096612,42.200963],[21.096571,42.20093],[21.096458,42.200842],[21.09624,42.200676],[21.096052,42.20052],[21.095932,42.200417],[21.095694,42.20024],[21.095396,42.200045],[21.095141,42.199899],[21.094877,42.199693],[21.094762,42.199521],[21.094668,42.199363],[21.094509,42.199117],[21.094491,42.198925],[21.094453,42.198746],[21.09433,42.19854],[21.09424,42.198243],[21.094307,42.197841],[21.094318,42.197725],[21.094425,42.19744],[21.094406,42.1973],[21.094374,42.197163],[21.094287,42.19706],[21.094019,42.196784],[21.093958,42.196718],[21.093726,42.196469],[21.093516,42.196436],[21.093145,42.196338],[21.092969,42.196274],[21.092651,42.195978],[21.092544,42.195671],[21.092374,42.195322],[21.092091,42.19503],[21.091743,42.194677],[21.091303,42.194205],[21.090955,42.19403],[21.090829,42.194027],[21.090461,42.193986],[21.090298,42.193961],[21.089933,42.193892],[21.089483,42.193805],[21.088958,42.193654],[21.088782,42.19368],[21.088597,42.193707],[21.088476,42.193671],[21.08819,42.193483],[21.08812,42.193268],[21.087929,42.193028],[21.087798,42.192878],[21.087521,42.192549],[21.087143,42.192318],[21.08694,42.19225],[21.08657,42.19211],[21.086275,42.191982],[21.086184,42.191936],[21.085739,42.191704],[21.085458,42.191454],[21.085269,42.191283],[21.085221,42.191236],[21.084942,42.190977],[21.084636,42.190737],[21.084283,42.190485],[21.083971,42.190217],[21.083662,42.189984],[21.083242,42.189732],[21.082956,42.18961],[21.082505,42.189473],[21.082047,42.189339],[21.081716,42.189206],[21.081441,42.189144],[21.081216,42.189025],[21.081033,42.18892],[21.080709,42.188805],[21.08036,42.188776],[21.080187,42.188762],[21.079743,42.188673],[21.079271,42.188644],[21.079095,42.18864],[21.078765,42.188622],[21.078492,42.188558],[21.078091,42.188457],[21.07765,42.188329],[21.077083,42.188164],[21.076626,42.188],[21.076163,42.187853],[21.076037,42.187813],[21.075604,42.187667],[21.075193,42.187486],[21.0749,42.187306],[21.074598,42.187266],[21.074234,42.187152],[21.0739,42.187088],[21.073542,42.187065],[21.07298,42.187083],[21.072545,42.187075],[21.072264,42.18699],[21.07168,42.186862],[21.071098,42.186787],[21.070511,42.186671],[21.069924,42.186579],[21.069634,42.186523],[21.069344,42.186467],[21.068804,42.186266],[21.068335,42.186022],[21.06797,42.185837],[21.067751,42.185691],[21.0673,42.185425],[21.067088,42.185204],[21.067038,42.18514],[21.066974,42.18509],[21.066797,42.18488],[21.066627,42.184623],[21.066532,42.184297],[21.066409,42.183995],[21.066201,42.183585],[21.065807,42.183241],[21.065599,42.183047],[21.06548,42.182955],[21.065175,42.182734],[21.064776,42.18241],[21.0646,42.182327],[21.064259,42.182173],[21.063709,42.181976],[21.063044,42.181796],[21.062662,42.181667],[21.062461,42.181575],[21.061878,42.181499],[21.061475,42.181417],[21.061342,42.181314],[21.061135,42.181168],[21.060927,42.181023],[21.060732,42.18074],[21.060534,42.180463],[21.060436,42.180272],[21.060312,42.179975],[21.060237,42.179614],[21.059876,42.179246],[21.059736,42.179103],[21.059601,42.178929],[21.05957,42.178897],[21.059522,42.178842],[21.059459,42.178768],[21.058862,42.178165],[21.058811,42.17807],[21.058541,42.177639],[21.058515,42.177574],[21.058402,42.177322],[21.058177,42.176826],[21.057985,42.176562],[21.05771,42.176289],[21.057688,42.176267],[21.057286,42.175895],[21.057091,42.175749],[21.056542,42.17556],[21.056511,42.175547],[21.056243,42.175433],[21.055838,42.17545],[21.055573,42.175369],[21.055416,42.175321],[21.054735,42.174593],[21.054619,42.174442],[21.054464,42.17406],[21.054443,42.174044],[21.054198,42.17368],[21.053533,42.172583],[21.053336,42.172348],[21.053006,42.172026],[21.052791,42.171631],[21.05259,42.171207],[21.052444,42.171008],[21.052297,42.17081],[21.051922,42.170457],[21.051474,42.17017],[21.050928,42.169261],[21.050779,42.168875],[21.050501,42.168373],[21.050406,42.168275],[21.050096,42.167652],[21.050013,42.167481],[21.049343,42.166252],[21.049255,42.166231],[21.04884,42.166005],[21.048503,42.1657],[21.048086,42.165577],[21.048042,42.165565],[21.047203,42.16536],[21.046974,42.165347],[21.046737,42.16528],[21.046277,42.165304],[21.045784,42.16526],[21.04519,42.165278],[21.044738,42.165343],[21.043896,42.165649],[21.043552,42.165851],[21.043444,42.165922],[21.043252,42.166094],[21.043185,42.165851],[21.043151,42.165724],[21.042906,42.165115],[21.042857,42.164911],[21.042498,42.164774],[21.042371,42.164726],[21.042205,42.164416],[21.041837,42.164106],[21.04178,42.164043],[21.041699,42.163947],[21.041598,42.163663],[21.041176,42.16338],[21.037811,42.16121],[21.037591,42.161074],[21.037164,42.160918],[21.036845,42.160795],[21.035203,42.1598],[21.034961,42.159644],[21.034592,42.159505],[21.033864,42.159212],[21.033561,42.158686],[21.033588,42.158484],[21.033238,42.158215],[21.032719,42.157744],[21.032359,42.15749],[21.032007,42.157251],[21.031621,42.157053],[21.031177,42.156908],[21.030725,42.156781],[21.030305,42.156634],[21.029878,42.156552],[21.029437,42.156479],[21.029025,42.156408],[21.028579,42.156342],[21.028237,42.156126],[21.02806,42.15585],[21.028169,42.155642],[21.028356,42.155386],[21.02832,42.155054],[21.02795,42.154834],[21.027748,42.154532],[21.027693,42.154246],[21.027623,42.154024],[21.027535,42.15385],[21.027485,42.153722],[21.02753,42.153651],[21.027449,42.153346],[21.027051,42.153194],[21.026945,42.153056],[21.02696,42.152833],[21.026781,42.152495],[21.026438,42.152254],[21.025833,42.152164],[21.025579,42.152038],[21.025226,42.151968],[21.024655,42.151892],[21.024306,42.151898],[21.023856,42.151952],[21.023288,42.151969],[21.0227,42.152034],[21.022167,42.152031],[21.021765,42.151971],[21.021514,42.151872],[21.021011,42.15171],[21.020428,42.151516],[21.020051,42.151282],[21.01981,42.151092],[21.019593,42.15098],[21.019239,42.150804],[21.018976,42.150763],[21.017895,42.150712],[21.017504,42.150711],[21.017169,42.150675],[21.016647,42.150465],[21.016514,42.150457],[21.016071,42.150432],[21.015526,42.150447],[21.015269,42.150438],[21.014717,42.150365],[21.014634,42.150371],[21.014343,42.150343],[21.013765,42.150313],[21.013189,42.150241],[21.012838,42.150265],[21.012247,42.150198],[21.011165,42.150169],[21.010749,42.150135],[21.010333,42.150237],[21.009771,42.15035],[21.00976,42.150352],[21.009275,42.150501],[21.009231,42.150507],[21.009153,42.150437],[21.00903,42.150338],[21.008886,42.150218],[21.008709,42.149941],[21.008389,42.149658],[21.008066,42.149408],[21.007813,42.149187],[21.007577,42.148972],[21.007214,42.14865],[21.007005,42.148429],[21.006918,42.148346],[21.006686,42.148122],[21.006374,42.147929],[21.006003,42.147732],[21.005664,42.147586],[21.005347,42.147481],[21.004928,42.147322],[21.004467,42.147208],[21.004082,42.146978],[21.003827,42.14676],[21.003402,42.146594],[21.003067,42.146419],[21.002785,42.14615],[21.002343,42.145898],[21.001935,42.145662],[21.001549,42.145515],[21.001498,42.14551],[21.001143,42.145307],[21.000742,42.145257],[21.00047,42.145115],[20.999966,42.14502],[20.999448,42.144974],[20.999247,42.145036],[20.999053,42.145085],[20.998501,42.14514],[20.997943,42.145133],[20.997391,42.145193],[20.996952,42.145157],[20.996662,42.145052],[20.996404,42.14506],[20.99618,42.145072],[20.995832,42.145057],[20.995645,42.144764],[20.995389,42.144482],[20.995125,42.144245],[20.994812,42.143885],[20.994451,42.14383],[20.993819,42.143786],[20.99322,42.143636],[20.992897,42.14359],[20.992545,42.143545],[20.992069,42.143642],[20.991726,42.14376],[20.991193,42.143755],[20.990942,42.143618],[20.990621,42.143449],[20.990307,42.143281],[20.989986,42.143143],[20.989565,42.143014],[20.989158,42.142915],[20.988977,42.142871],[20.988483,42.14269],[20.988064,42.14256],[20.987503,42.142628],[20.987203,42.142543],[20.986707,42.14236],[20.986427,42.142237],[20.986189,42.142216],[20.985957,42.141976],[20.985507,42.141527],[20.985103,42.141164],[20.984971,42.140878],[20.984632,42.140571],[20.984167,42.140261],[20.983974,42.140103],[20.983673,42.139854],[20.983526,42.139415],[20.983149,42.139265],[20.982937,42.139186],[20.982608,42.139063],[20.982309,42.139076],[20.982079,42.139011],[20.9816,42.139043],[20.981002,42.139098],[20.980729,42.139263],[20.980346,42.139345],[20.979914,42.139603],[20.979567,42.139764],[20.979237,42.139674],[20.979002,42.139632],[20.978737,42.139589],[20.978504,42.139544],[20.978276,42.13956],[20.977607,42.139359],[20.977058,42.139179],[20.976786,42.139245],[20.976421,42.139163],[20.975982,42.139229],[20.975497,42.139063],[20.975429,42.139093],[20.975334,42.13906],[20.974796,42.138903],[20.974542,42.139005],[20.974361,42.138944],[20.974276,42.138969],[20.973852,42.138949],[20.973259,42.138832],[20.97302,42.138922],[20.972722,42.138867],[20.972626,42.138784],[20.972461,42.138656],[20.972271,42.138524],[20.971951,42.138146],[20.971936,42.138065],[20.971757,42.137866],[20.971604,42.137741],[20.971289,42.137553],[20.971134,42.137462],[20.970816,42.137274],[20.970606,42.137138],[20.970457,42.136852],[20.970276,42.13674],[20.969775,42.136559],[20.969727,42.136541],[20.969538,42.136538],[20.969362,42.136451],[20.969237,42.136494],[20.968745,42.136434],[20.96822,42.136369],[20.967889,42.136387],[20.967491,42.136464],[20.96708,42.136416],[20.96636,42.136269],[20.966026,42.136246],[20.965525,42.136205],[20.9652,42.136235],[20.964587,42.136317],[20.964259,42.136288],[20.964205,42.136284],[20.963965,42.136367],[20.963689,42.136543],[20.963239,42.136804],[20.963038,42.136755],[20.962872,42.136697],[20.962742,42.136658],[20.962622,42.136592],[20.962221,42.136412],[20.961916,42.136344],[20.96171,42.13627],[20.961316,42.13628],[20.960778,42.136293],[20.960466,42.13639],[20.959991,42.136421],[20.95997,42.136564],[20.959618,42.136543],[20.959006,42.136508],[20.958505,42.13647],[20.957937,42.136426],[20.95728,42.136402],[20.957111,42.136396],[20.956526,42.136442],[20.956321,42.136551],[20.955958,42.13676],[20.955787,42.136858],[20.955537,42.137004],[20.955298,42.137137],[20.954971,42.137347],[20.954675,42.137571],[20.954255,42.137889],[20.953895,42.137913],[20.953481,42.137942],[20.952965,42.137978],[20.95192,42.138043],[20.951724,42.138058],[20.951481,42.137961],[20.950922,42.137798],[20.949476,42.137425],[20.948629,42.137198],[20.948508,42.137229],[20.94814,42.137331],[20.94795,42.137386],[20.947825,42.137411],[20.947373,42.137431],[20.947121,42.13747],[20.9469,42.137527],[20.946671,42.13755],[20.946369,42.137582],[20.946066,42.137615],[20.945505,42.137775],[20.945326,42.137854],[20.944823,42.13809],[20.944131,42.13785],[20.943715,42.137739],[20.943635,42.137711],[20.943569,42.137676],[20.943385,42.137614],[20.9428,42.137434],[20.942528,42.137395],[20.942428,42.13737],[20.941918,42.137296],[20.941529,42.137137],[20.941248,42.136918],[20.941041,42.136522],[20.941025,42.136385],[20.940785,42.136071],[20.940528,42.13584],[20.94035,42.135649],[20.940253,42.135578],[20.940163,42.135516],[20.939824,42.135305],[20.939361,42.135015],[20.939111,42.134841],[20.93882,42.134643],[20.938494,42.134477],[20.938133,42.134226],[20.938081,42.134157],[20.937753,42.13391],[20.937345,42.133681],[20.937059,42.133577],[20.936516,42.133346],[20.936327,42.133241],[20.936146,42.133149],[20.935965,42.133056],[20.935905,42.13283],[20.935728,42.132672],[20.935209,42.132446],[20.934987,42.132249],[20.934804,42.132064],[20.934621,42.131879],[20.934448,42.131758],[20.934162,42.131432],[20.933754,42.131195],[20.933564,42.131157],[20.933408,42.131171],[20.933141,42.131083],[20.932885,42.130952],[20.932471,42.130786],[20.932253,42.130694],[20.931658,42.130673],[20.931319,42.130418],[20.930871,42.130143],[20.930403,42.129864],[20.930008,42.129521],[20.929857,42.129281],[20.929766,42.129216],[20.929772,42.129127],[20.929711,42.128967],[20.929622,42.128838],[20.929498,42.128676],[20.929225,42.12839],[20.928959,42.128253],[20.928872,42.128075],[20.928664,42.127831],[20.928452,42.127646],[20.928035,42.127389],[20.927939,42.127326],[20.927795,42.127279],[20.927524,42.127208],[20.926944,42.127164],[20.926773,42.127132],[20.926221,42.126985],[20.925613,42.126953],[20.92503,42.126869],[20.924439,42.126849],[20.924111,42.126905],[20.923542,42.12702],[20.922983,42.127196],[20.9225,42.127331],[20.92243,42.12735],[20.921876,42.127549],[20.921351,42.127747],[20.920842,42.127977],[20.920568,42.12818],[20.920334,42.128338],[20.920159,42.128457],[20.920008,42.128585],[20.919809,42.128191],[20.919625,42.127809],[20.919408,42.127391],[20.919384,42.126969],[20.919377,42.12653],[20.919379,42.126132],[20.919379,42.1261],[20.919341,42.125653],[20.919382,42.125401],[20.91921,42.124989],[20.91895,42.124859],[20.918684,42.124499],[20.918464,42.124378],[20.918079,42.124077],[20.918015,42.124003],[20.917722,42.123806],[20.917315,42.123509],[20.917251,42.123463],[20.916793,42.123185],[20.9166,42.122932],[20.916604,42.122836],[20.916584,42.122393],[20.916493,42.121952],[20.916406,42.121515],[20.916334,42.121076],[20.916344,42.120625],[20.916547,42.120462],[20.916678,42.120053],[20.916824,42.119639],[20.916809,42.1192],[20.916689,42.118749],[20.916532,42.118424],[20.91625,42.118011],[20.915958,42.117621],[20.915614,42.117255],[20.915372,42.116923],[20.915311,42.116859],[20.915131,42.11676],[20.914951,42.116661],[20.914849,42.116385],[20.914809,42.116253],[20.914665,42.11581],[20.914568,42.115554],[20.914486,42.115211],[20.913875,42.114902],[20.913047,42.114727],[20.912581,42.114614],[20.912339,42.114577],[20.912107,42.114462],[20.911616,42.114226],[20.911115,42.113981],[20.910627,42.113706],[20.910146,42.113482],[20.909956,42.113405],[20.909873,42.113393],[20.909802,42.113342],[20.909592,42.113175],[20.909465,42.113069],[20.9093,42.112866],[20.909001,42.112729],[20.908454,42.112542],[20.908397,42.112352],[20.908017,42.111993],[20.907752,42.111742],[20.907442,42.111348],[20.907127,42.110958],[20.906777,42.110607],[20.906411,42.110257],[20.906169,42.109954],[20.905873,42.109548],[20.905589,42.109384],[20.90511,42.109125],[20.9051,42.108986],[20.904987,42.108779],[20.90478,42.108455],[20.904322,42.108161],[20.903945,42.107926],[20.903466,42.107644],[20.902993,42.107366],[20.902812,42.107267],[20.902324,42.106986],[20.901877,42.106711],[20.901358,42.106471],[20.900864,42.106237],[20.900373,42.105975],[20.89989,42.105717],[20.899397,42.105458],[20.898897,42.105196],[20.898421,42.104946],[20.898174,42.10469],[20.897815,42.104312],[20.897481,42.103955],[20.897151,42.103578],[20.897068,42.103404],[20.89686,42.102988],[20.896643,42.102576],[20.896518,42.102336],[20.896365,42.102014],[20.89631,42.101895],[20.896085,42.101477],[20.895578,42.101016],[20.895199,42.100674],[20.894825,42.100429],[20.894367,42.100133],[20.894178,42.100022],[20.893988,42.099907],[20.893915,42.099841],[20.893832,42.099796],[20.893398,42.09955],[20.893089,42.099367],[20.892917,42.099266],[20.892858,42.099217],[20.892522,42.098843],[20.892197,42.098471],[20.892003,42.098242],[20.891703,42.097862],[20.891542,42.097442],[20.891102,42.097358],[20.890545,42.097268],[20.889988,42.097179],[20.889722,42.097052],[20.88927,42.096788],[20.888559,42.096649],[20.888056,42.096543],[20.88753,42.096439],[20.886875,42.096616],[20.886357,42.096743],[20.885869,42.096873],[20.88534,42.09701],[20.885322,42.097015],[20.884982,42.09675],[20.884618,42.096461],[20.884235,42.096168],[20.883915,42.096118],[20.883699,42.096086],[20.883586,42.096157],[20.883236,42.096332],[20.883204,42.096347],[20.882548,42.096583],[20.882106,42.096738],[20.882012,42.096706],[20.881842,42.096648],[20.881505,42.096568],[20.881163,42.096465],[20.880811,42.096349],[20.880387,42.096192],[20.879697,42.096172],[20.87949,42.096219],[20.879077,42.096191],[20.878617,42.096268],[20.878258,42.096303],[20.878152,42.096307],[20.877685,42.096264],[20.877151,42.096208],[20.87668,42.096432],[20.876269,42.096456],[20.876083,42.096433],[20.875812,42.09648],[20.875496,42.096626],[20.874885,42.096915],[20.874628,42.096943],[20.874241,42.096981],[20.873835,42.09705],[20.873333,42.097155],[20.872778,42.097251],[20.87217,42.097253],[20.871781,42.097254],[20.871173,42.097261],[20.871114,42.097331],[20.870734,42.097445],[20.870461,42.097506],[20.870244,42.097624],[20.86992,42.097778],[20.869612,42.097951],[20.869125,42.098066],[20.868501,42.098062],[20.86804,42.098049],[20.867567,42.098019],[20.867315,42.098037],[20.866706,42.098096],[20.866364,42.098118],[20.865885,42.098174],[20.865425,42.098223],[20.864945,42.09828],[20.864502,42.098321],[20.863874,42.098394],[20.863679,42.098423],[20.863453,42.098466],[20.863028,42.098531],[20.862615,42.098596],[20.862241,42.098598],[20.862037,42.098624],[20.861629,42.098692],[20.861473,42.098708],[20.861413,42.098714],[20.861123,42.09903],[20.861007,42.09917],[20.860892,42.099293],[20.860856,42.099312],[20.860631,42.09965],[20.860252,42.099488],[20.860158,42.099448],[20.859646,42.099258],[20.859124,42.099082],[20.858667,42.098966],[20.858556,42.098932],[20.858032,42.098795],[20.857488,42.098658],[20.856717,42.098489],[20.856158,42.098357],[20.855657,42.098241],[20.855065,42.098156],[20.854601,42.09812],[20.853891,42.098064],[20.85332,42.098208],[20.852847,42.098362],[20.85227,42.098512],[20.851747,42.098661],[20.851195,42.098782],[20.850645,42.098875],[20.850052,42.09895],[20.849559,42.09904],[20.849019,42.099186],[20.8485,42.099332],[20.848167,42.099401],[20.847639,42.099218],[20.847122,42.098978],[20.846601,42.098793],[20.846051,42.098661],[20.845698,42.098597],[20.845091,42.098584],[20.84477,42.098524],[20.844479,42.098533],[20.844188,42.098541],[20.843625,42.098664],[20.843224,42.098616],[20.842883,42.098251],[20.842619,42.09804],[20.842464,42.097916],[20.842096,42.0977],[20.84174,42.097457],[20.841587,42.097174],[20.841989,42.097034],[20.841774,42.096653],[20.841596,42.096301],[20.841274,42.095984],[20.841253,42.095955],[20.840985,42.095588],[20.840767,42.095273],[20.840713,42.095195],[20.840706,42.095182],[20.840595,42.094992],[20.840477,42.094789],[20.840447,42.094441],[20.840441,42.094278],[20.840043,42.093972],[20.839882,42.093741],[20.839585,42.093355],[20.839366,42.093016],[20.838991,42.092518],[20.83886,42.092254],[20.83864,42.092012],[20.838295,42.091768],[20.837976,42.091565],[20.837796,42.091329],[20.837715,42.090937],[20.837667,42.090878],[20.837529,42.090709],[20.837423,42.09059],[20.837065,42.09012],[20.83668,42.089751],[20.83593,42.089452],[20.83571,42.089068],[20.835808,42.088636],[20.835863,42.088461],[20.835883,42.088365],[20.835589,42.087981],[20.835293,42.087569],[20.835069,42.087264],[20.834933,42.086896],[20.834501,42.086299],[20.834145,42.085969],[20.833595,42.085831],[20.833022,42.08574],[20.832461,42.0856],[20.831878,42.085502],[20.83152,42.085462],[20.831309,42.085436],[20.830727,42.085402],[20.830461,42.085418],[20.83013,42.085437],[20.829586,42.085594],[20.829435,42.085595],[20.82901,42.085613],[20.828521,42.085473],[20.828084,42.085197],[20.827619,42.084927],[20.827155,42.084636],[20.826937,42.084543],[20.826451,42.084306],[20.825998,42.08408],[20.825828,42.084056],[20.825621,42.084027],[20.825273,42.084028],[20.825264,42.08403],[20.824832,42.08407],[20.824273,42.084084],[20.823699,42.084137],[20.823106,42.084098],[20.822526,42.08413],[20.821925,42.084137],[20.821348,42.084191],[20.820754,42.084207],[20.820679,42.084183],[20.820547,42.084177],[20.819954,42.084081],[20.819857,42.084061],[20.819785,42.084045],[20.819375,42.083956],[20.818812,42.083821],[20.818225,42.083735],[20.817805,42.083685],[20.817768,42.083674],[20.816629,42.083521],[20.8161,42.083347],[20.815508,42.083183],[20.815237,42.083121],[20.81494,42.083054],[20.814562,42.082986],[20.81403,42.082809],[20.813535,42.082702],[20.812797,42.082555],[20.812503,42.082511],[20.811904,42.082465],[20.811307,42.082387],[20.810874,42.082349],[20.810717,42.082335],[20.810558,42.082319],[20.809938,42.082294],[20.809894,42.0823],[20.809543,42.082382],[20.809407,42.082406],[20.808963,42.082486],[20.808367,42.082567],[20.807778,42.082541],[20.80719,42.082483],[20.806606,42.082404],[20.806012,42.082338],[20.80543,42.082299],[20.804815,42.08224],[20.804348,42.082153],[20.804224,42.082134],[20.803716,42.081913],[20.803183,42.081745],[20.802807,42.081676],[20.802593,42.081636],[20.802025,42.081744],[20.801484,42.081926],[20.80102,42.082153],[20.800842,42.082353],[20.800417,42.082652],[20.80015,42.083022],[20.799632,42.083239],[20.799064,42.083106],[20.798534,42.082955],[20.797929,42.082875],[20.797486,42.08307],[20.797215,42.083061],[20.796944,42.083052],[20.79676,42.083185],[20.796304,42.083305],[20.795753,42.083441],[20.795198,42.083481],[20.794551,42.083586],[20.794235,42.083641],[20.793906,42.08369],[20.793432,42.083644],[20.792807,42.083652],[20.792122,42.083514],[20.791363,42.083305],[20.790843,42.083138],[20.790767,42.08308],[20.790361,42.08277],[20.789929,42.082474],[20.789487,42.082179],[20.788574,42.081591],[20.78812,42.0813],[20.787844,42.081114],[20.787408,42.080824],[20.786964,42.080528],[20.786556,42.080228],[20.785855,42.079734],[20.785447,42.079461],[20.784648,42.078892],[20.784447,42.078474],[20.784425,42.078031],[20.784416,42.077982],[20.784353,42.077689],[20.784201,42.077393],[20.784126,42.077099],[20.784155,42.076666],[20.784056,42.076239],[20.784004,42.076188],[20.783894,42.076091],[20.783939,42.075685],[20.78382,42.075273],[20.78387,42.075014],[20.783924,42.074582],[20.784116,42.074166],[20.784341,42.073759],[20.784356,42.073329],[20.784608,42.07294],[20.785,42.072619],[20.785348,42.072419],[20.785447,42.072362],[20.785522,42.072332],[20.785813,42.071968],[20.785985,42.071754],[20.785949,42.071722],[20.785579,42.071646],[20.785078,42.07154],[20.784288,42.071288],[20.784249,42.071269],[20.783776,42.071045],[20.78326,42.070913],[20.782818,42.070612],[20.782439,42.070272],[20.782091,42.069905],[20.781981,42.069801],[20.781779,42.069608],[20.781687,42.069516],[20.781286,42.069113],[20.780791,42.068745],[20.780691,42.06857],[20.780556,42.068461],[20.780193,42.068123],[20.779746,42.067822],[20.779322,42.067504],[20.778857,42.067143],[20.778575,42.066828],[20.778461,42.066423],[20.778499,42.066],[20.778635,42.065628],[20.77868,42.065425],[20.778676,42.065082],[20.778624,42.064778],[20.778086,42.064596],[20.777498,42.064422],[20.776435,42.064169],[20.776313,42.06414],[20.775935,42.063843],[20.775566,42.063524],[20.774902,42.062979],[20.77414,42.062354],[20.773925,42.062149],[20.773531,42.061826],[20.773131,42.061526],[20.773023,42.061425],[20.772655,42.061084],[20.772333,42.060711],[20.772035,42.060361],[20.771657,42.059965],[20.771287,42.059602],[20.770863,42.059333],[20.770198,42.058909],[20.769736,42.058626],[20.769291,42.058347],[20.768967,42.058192],[20.768794,42.058109],[20.768267,42.057963],[20.767727,42.057842],[20.767455,42.057774],[20.767185,42.057705],[20.767127,42.05769],[20.766973,42.057636],[20.766896,42.057608],[20.766789,42.057555],[20.766522,42.057415],[20.766328,42.057293],[20.76593,42.057147],[20.765622,42.056982],[20.765131,42.056825],[20.76463,42.05649],[20.764428,42.056312],[20.763946,42.056024],[20.763689,42.055854],[20.763387,42.055559],[20.762516,42.055195],[20.762024,42.05499],[20.761519,42.054761],[20.76103,42.054547],[20.760993,42.054493],[20.760886,42.05439],[20.760539,42.054144],[20.760129,42.053849],[20.759628,42.053783],[20.758978,42.053654],[20.758416,42.053439],[20.758367,42.05342],[20.758172,42.053437],[20.758143,42.053303],[20.758348,42.052975],[20.758474,42.052702],[20.758643,42.052292],[20.758731,42.051858],[20.758807,42.051421],[20.758906,42.050969],[20.758928,42.050533],[20.758969,42.050337],[20.758989,42.049802],[20.758942,42.049375],[20.758921,42.048975],[20.75911,42.048556],[20.759398,42.048146],[20.760117,42.047455],[20.760421,42.047014],[20.760494,42.046924],[20.760699,42.046672],[20.761101,42.046324],[20.761193,42.046252],[20.761558,42.045969],[20.761575,42.045955],[20.761899,42.045671],[20.762085,42.045559],[20.76241,42.045362],[20.762587,42.04523],[20.762995,42.044979],[20.763404,42.044918],[20.76398,42.044996],[20.764536,42.045115],[20.765072,42.045305],[20.764934,42.045159],[20.764606,42.044742],[20.764498,42.044576],[20.764347,42.044342],[20.764086,42.044079],[20.763844,42.043692],[20.763922,42.043239],[20.763917,42.042949],[20.763913,42.042788],[20.763835,42.042345],[20.763696,42.041912],[20.763604,42.041471],[20.763551,42.040833],[20.763069,42.040552],[20.762635,42.040247],[20.76215,42.039957],[20.761725,42.039654],[20.761375,42.039284],[20.761126,42.038906],[20.761113,42.038887],[20.760738,42.038709],[20.760247,42.038462],[20.759662,42.038228],[20.759382,42.037858],[20.758958,42.037538],[20.758595,42.037226],[20.758346,42.036864],[20.758023,42.036481],[20.757665,42.036135],[20.75732,42.035784],[20.757261,42.035688],[20.757197,42.03564],[20.756923,42.035383],[20.756706,42.035231],[20.756523,42.035034],[20.756121,42.034682],[20.755724,42.034378],[20.755336,42.034025],[20.755001,42.033676],[20.754631,42.033339],[20.754282,42.032959],[20.754104,42.032542],[20.753935,42.032094],[20.753769,42.031803],[20.753713,42.031707],[20.753547,42.031268],[20.753567,42.03084],[20.753343,42.030462],[20.753254,42.030232],[20.752986,42.029877],[20.752715,42.029649],[20.752219,42.029411],[20.751677,42.029189],[20.75133,42.028833],[20.751241,42.028651],[20.751128,42.028418],[20.750829,42.028255],[20.750429,42.028077],[20.750182,42.02794],[20.749936,42.027804],[20.749879,42.027726],[20.749652,42.027596],[20.749179,42.027283],[20.748751,42.027008],[20.748372,42.026662],[20.748257,42.026267],[20.748203,42.026045],[20.748154,42.025705],[20.748168,42.025263],[20.748142,42.024828],[20.748241,42.024446],[20.748421,42.024203],[20.748798,42.024039],[20.749078,42.0239],[20.749432,42.023611],[20.749602,42.023186],[20.749549,42.022977],[20.749505,42.022794],[20.749662,42.022359],[20.749647,42.0219],[20.749901,42.021525],[20.74981,42.021433],[20.749511,42.021055],[20.749378,42.020358],[20.749395,42.01989],[20.749418,42.019593],[20.749421,42.019552],[20.749512,42.019383],[20.74986,42.019096],[20.750327,42.01882],[20.750362,42.018761],[20.750442,42.01871],[20.750679,42.018701],[20.750647,42.018599],[20.750599,42.018422],[20.750525,42.017974],[20.750543,42.017816],[20.750557,42.017741],[20.750579,42.017226],[20.750581,42.017186],[20.750495,42.016898],[20.750527,42.016666],[20.750542,42.016645],[20.750558,42.016623],[20.750756,42.016399],[20.750705,42.01609],[20.750684,42.01601],[20.750653,42.015887],[20.750897,42.015494],[20.751444,42.015283],[20.751899,42.01528],[20.751872,42.015152],[20.751832,42.014706],[20.751772,42.014538],[20.75172,42.014406],[20.751665,42.014248],[20.751662,42.013865],[20.751541,42.013391],[20.751376,42.012936],[20.751267,42.01252],[20.751219,42.012056],[20.75118,42.011596],[20.751108,42.011157],[20.751063,42.010707],[20.751035,42.010518],[20.750929,42.010082],[20.750815,42.009648],[20.750772,42.009385],[20.750737,42.009167],[20.750708,42.009013],[20.750656,42.008847],[20.750604,42.008682],[20.750392,42.008139],[20.75036,42.008077],[20.750247,42.007789],[20.750208,42.007698],[20.750098,42.007271],[20.750072,42.006811],[20.749981,42.006416],[20.750008,42.006037],[20.75002,42.005657],[20.750074,42.005212],[20.750061,42.005007],[20.750114,42.004533],[20.750047,42.004295],[20.749823,42.003896],[20.749676,42.003452],[20.749637,42.003304],[20.749569,42.003011],[20.749534,42.002571],[20.749495,42.002129],[20.749421,42.0017],[20.749107,42.001267],[20.749226,42.001152],[20.749451,42.000931],[20.7495,42.000683],[20.749595,42.000292],[20.749601,42.000268],[20.749585,41.999814],[20.749437,41.999392],[20.749347,41.998969],[20.74931,41.99881],[20.749343,41.998373],[20.749211,41.998169],[20.749253,41.997712],[20.749129,41.997569],[20.748936,41.997138],[20.748684,41.996755],[20.748657,41.99666],[20.748647,41.996625],[20.748553,41.996292],[20.748466,41.996035],[20.748261,41.995418],[20.748282,41.994856],[20.748292,41.994562],[20.748298,41.994418],[20.748309,41.994113],[20.748311,41.993215],[20.748232,41.992789],[20.748187,41.992344],[20.74814,41.991915],[20.748072,41.991458],[20.748076,41.991426],[20.748134,41.991017],[20.748247,41.990563],[20.748329,41.990135],[20.748319,41.989695],[20.748328,41.989235],[20.748301,41.988796],[20.748247,41.988524],[20.748206,41.988273],[20.748239,41.987865],[20.748225,41.987603],[20.748225,41.98738],[20.748224,41.987157],[20.748244,41.986711],[20.748117,41.986672],[20.748109,41.9864],[20.748171,41.985954],[20.748344,41.98554],[20.748503,41.985113],[20.748677,41.98467],[20.748883,41.984139],[20.749136,41.983835],[20.749313,41.983545],[20.749364,41.983218],[20.749382,41.983099],[20.749242,41.982676],[20.749211,41.982656],[20.748761,41.982377],[20.7496,41.982244],[20.749894,41.981755],[20.750404,41.981567],[20.750824,41.98129],[20.750982,41.981186],[20.751535,41.980968],[20.751662,41.980932],[20.752084,41.980811],[20.752628,41.980626],[20.753068,41.980366],[20.753266,41.980273],[20.753334,41.980247],[20.753577,41.980129],[20.753614,41.980094],[20.754018,41.979709],[20.754375,41.979652],[20.754688,41.979267],[20.754972,41.978896],[20.755262,41.978509],[20.755522,41.97812],[20.755746,41.977703],[20.755985,41.9773],[20.756433,41.976997],[20.756779,41.976656],[20.757132,41.976339],[20.757405,41.975997],[20.757719,41.975602],[20.757775,41.975351],[20.75789,41.974893],[20.75806,41.974474],[20.758287,41.974071],[20.758508,41.973655],[20.758681,41.973386],[20.758762,41.973259],[20.759102,41.972877],[20.759242,41.972666],[20.759534,41.972274],[20.759799,41.971903],[20.760015,41.971604],[20.760189,41.971171],[20.760306,41.971027],[20.760478,41.970817],[20.760958,41.970547],[20.761365,41.970214],[20.761707,41.969972],[20.762073,41.969638],[20.762374,41.969364],[20.762622,41.969023],[20.762819,41.968713],[20.763065,41.968319],[20.763202,41.968104],[20.763334,41.967907],[20.763386,41.967812],[20.763471,41.967683],[20.763537,41.967587],[20.763649,41.967257],[20.763758,41.967125],[20.763768,41.966921],[20.763714,41.966782],[20.76377,41.96631],[20.763968,41.965891],[20.764175,41.965569],[20.764352,41.965232],[20.764714,41.964585],[20.764785,41.964461],[20.765134,41.964117],[20.765435,41.963811],[20.765606,41.963649],[20.765783,41.963493],[20.766082,41.963254],[20.766306,41.963115],[20.766454,41.963023],[20.766981,41.962771],[20.767117,41.962759],[20.767079,41.962733],[20.767056,41.962605],[20.767132,41.962188],[20.767009,41.961655],[20.76706,41.961236],[20.767161,41.960904],[20.767199,41.96049],[20.767206,41.960334],[20.767207,41.960302],[20.767209,41.960274],[20.76712,41.960102],[20.767217,41.959841],[20.767197,41.959589],[20.767184,41.95954],[20.767169,41.959488],[20.767076,41.95916],[20.766934,41.958719],[20.766821,41.958444],[20.766718,41.958289],[20.766635,41.958032],[20.766561,41.957578],[20.766567,41.95713],[20.766558,41.956688],[20.766547,41.956391],[20.766543,41.956278],[20.766541,41.95624],[20.766472,41.955896],[20.76638,41.955629],[20.766441,41.955335],[20.766404,41.954902],[20.766272,41.954763],[20.766188,41.954552],[20.766162,41.954405],[20.766093,41.954162],[20.766099,41.954028],[20.766082,41.953835],[20.766032,41.953625],[20.7658,41.953484],[20.765413,41.953309],[20.765231,41.953226],[20.76474,41.953094],[20.764228,41.952924],[20.763685,41.952682],[20.763253,41.952512],[20.762707,41.95234],[20.762507,41.95228],[20.761955,41.952121],[20.76179,41.952079],[20.761215,41.951936],[20.760859,41.951773],[20.76059,41.951643],[20.760121,41.9514],[20.759608,41.951168],[20.75906,41.951068],[20.758898,41.950743],[20.758863,41.950578],[20.758752,41.950505],[20.75837,41.950353],[20.757903,41.950083],[20.757896,41.949965],[20.757708,41.949769],[20.757463,41.94938],[20.757418,41.949258],[20.757454,41.949181],[20.757496,41.949077],[20.757467,41.948856],[20.757108,41.948512],[20.756832,41.94827],[20.756703,41.948174],[20.756505,41.948045],[20.756088,41.947723],[20.755764,41.947463],[20.755334,41.9472],[20.754909,41.946946],[20.754827,41.94691],[20.754792,41.946857],[20.754743,41.946782],[20.75481,41.946735],[20.754881,41.946655],[20.755216,41.946307],[20.755283,41.946168],[20.755561,41.945898],[20.755742,41.94566],[20.756002,41.945499],[20.756353,41.945236],[20.756786,41.944932],[20.756959,41.944819],[20.757124,41.944694],[20.757185,41.94451],[20.757254,41.944073],[20.757263,41.943948],[20.757438,41.94378],[20.757616,41.943728],[20.757907,41.943439],[20.758079,41.94333],[20.758192,41.943229],[20.758249,41.942988],[20.758293,41.942594],[20.758354,41.94244],[20.758449,41.942287],[20.758758,41.941953],[20.759028,41.941808],[20.759221,41.941586],[20.759423,41.941407],[20.759743,41.941202],[20.759841,41.941043],[20.76016,41.940741],[20.76021,41.940684],[20.76031,41.940603],[20.76061,41.940362],[20.760789,41.940279],[20.761092,41.940115],[20.761275,41.939939],[20.761388,41.939832],[20.761686,41.93962],[20.761724,41.939412],[20.762181,41.939113],[20.762394,41.938899],[20.762374,41.938541],[20.76233,41.938111],[20.762347,41.937901],[20.762374,41.937815],[20.762463,41.937683],[20.762675,41.937428],[20.762804,41.937193],[20.763023,41.936785],[20.763151,41.93669],[20.763179,41.936562],[20.763281,41.936156],[20.763525,41.935762],[20.763692,41.935625],[20.764117,41.935327],[20.764528,41.93508],[20.764636,41.93502],[20.764793,41.934959],[20.765134,41.934813],[20.765458,41.934385],[20.765746,41.934006],[20.765847,41.933881],[20.765849,41.933879],[20.766226,41.933492],[20.7665,41.933125],[20.766647,41.933001],[20.766811,41.932571],[20.766856,41.932439],[20.767074,41.932092],[20.767361,41.931707],[20.767424,41.931441],[20.767612,41.931015],[20.767776,41.93072],[20.768054,41.930321],[20.768341,41.930003],[20.768326,41.929946],[20.76848,41.929733],[20.768496,41.929609],[20.768727,41.929187],[20.768929,41.929058],[20.7695,41.928973],[20.769692,41.9289],[20.76989,41.928632],[20.770065,41.928209],[20.770224,41.927944],[20.770646,41.927643],[20.770926,41.927541],[20.771078,41.927424],[20.771302,41.927307],[20.771541,41.927193],[20.771825,41.927118],[20.772385,41.92695],[20.772702,41.92687],[20.772912,41.926794],[20.772944,41.926758],[20.77295,41.926685],[20.772927,41.926645],[20.772742,41.926313],[20.772114,41.926148],[20.77151,41.92603],[20.771042,41.925886],[20.7706,41.925695],[20.770185,41.925517],[20.7702,41.925474],[20.770238,41.925367],[20.770341,41.925081],[20.770481,41.924799],[20.770593,41.924497],[20.770761,41.92422],[20.770772,41.924185],[20.770892,41.923884],[20.771003,41.923653],[20.771136,41.923367],[20.771268,41.923069],[20.771557,41.922487],[20.771677,41.922189],[20.771807,41.921891],[20.771935,41.921587],[20.77206,41.921284],[20.772157,41.921073],[20.772391,41.920963],[20.772742,41.920792],[20.773084,41.920586],[20.773386,41.920437],[20.773704,41.920283],[20.773992,41.920137],[20.774289,41.919967],[20.774613,41.91982],[20.774954,41.919665],[20.775254,41.919523],[20.775577,41.919347],[20.77578,41.919038],[20.77589,41.918849],[20.775965,41.918806],[20.776039,41.918766],[20.776304,41.918636],[20.776535,41.918522],[20.776524,41.918485],[20.776502,41.918478],[20.776289,41.918345],[20.776145,41.918256],[20.775645,41.918024],[20.775222,41.917742],[20.774711,41.917516],[20.774225,41.917368],[20.773718,41.917087],[20.773279,41.916792],[20.772786,41.916548],[20.772673,41.916502],[20.772112,41.916357],[20.771925,41.916234],[20.771372,41.916143],[20.770874,41.915905],[20.770426,41.91562],[20.77018,41.915518],[20.769958,41.915407],[20.769726,41.915334],[20.769627,41.915024],[20.769524,41.914887],[20.769167,41.914623],[20.768813,41.9144],[20.768505,41.914119],[20.76814,41.913815],[20.767819,41.913505],[20.767585,41.913209],[20.767388,41.912967],[20.767208,41.912776],[20.767124,41.912662],[20.766894,41.912361],[20.766747,41.912233],[20.766601,41.912104],[20.766187,41.911941],[20.765767,41.911847],[20.76531,41.911666],[20.765166,41.911628],[20.764787,41.911509],[20.764445,41.911319],[20.764191,41.911217],[20.764035,41.911151],[20.763579,41.910973],[20.763462,41.910898],[20.763139,41.910697],[20.76284,41.910493],[20.762537,41.910272],[20.762374,41.910161],[20.762051,41.909983],[20.761703,41.909808],[20.761377,41.909635],[20.761043,41.909439],[20.76081,41.909307],[20.760516,41.909109],[20.76027,41.908927],[20.759976,41.908725],[20.759671,41.908514],[20.759621,41.90848],[20.759306,41.908298],[20.759113,41.908122],[20.758895,41.907889],[20.758638,41.907668],[20.758561,41.907599],[20.758349,41.907384],[20.758084,41.907185],[20.757736,41.90694],[20.757362,41.906676],[20.75716,41.906565],[20.75679,41.906391],[20.756779,41.906385],[20.75645,41.906325],[20.75628,41.906294],[20.756205,41.906275],[20.756019,41.906228],[20.755941,41.906183],[20.755834,41.906147],[20.755675,41.906068],[20.755637,41.905893],[20.755599,41.905719],[20.755432,41.905389],[20.75506,41.905123],[20.754833,41.904888],[20.754775,41.904795],[20.754671,41.904496],[20.754471,41.904303],[20.754399,41.904239],[20.754213,41.904026],[20.754159,41.903943],[20.75416,41.903735],[20.754129,41.90362],[20.754019,41.903332],[20.753984,41.903241],[20.753947,41.903145],[20.753896,41.902931],[20.753929,41.902674],[20.753819,41.902285],[20.753625,41.901845],[20.753568,41.901711],[20.753587,41.901468],[20.753446,41.901258],[20.753254,41.900994],[20.753049,41.900769],[20.752975,41.900691],[20.752871,41.900604],[20.752774,41.900407],[20.752642,41.900119],[20.752612,41.899949],[20.752653,41.899575],[20.752516,41.899321],[20.752542,41.899062],[20.752398,41.898925],[20.752193,41.898764],[20.751851,41.898419],[20.751731,41.898058],[20.751734,41.897929],[20.751721,41.897606],[20.751679,41.897318],[20.751663,41.897255],[20.751592,41.896968],[20.751549,41.896612],[20.75149,41.896491],[20.751342,41.896368],[20.751178,41.896253],[20.751068,41.896118],[20.750885,41.895894],[20.750599,41.895622],[20.750146,41.895217],[20.74996,41.895068],[20.749706,41.894863],[20.749239,41.894825],[20.748827,41.894757],[20.748465,41.894733],[20.747999,41.894698],[20.747635,41.894687],[20.747214,41.89464],[20.746764,41.894584],[20.74667,41.894576],[20.746577,41.894568],[20.746286,41.894479],[20.746028,41.894387],[20.745705,41.894261],[20.745145,41.894079],[20.744774,41.893981],[20.744337,41.893855],[20.743992,41.89374],[20.742592,41.89345],[20.74241,41.89345],[20.742037,41.893451],[20.741855,41.893452],[20.741482,41.893453],[20.741131,41.893455],[20.741001,41.893349],[20.740871,41.893243],[20.740671,41.893028],[20.740466,41.8928],[20.740446,41.892766],[20.740228,41.892396],[20.740037,41.892116],[20.739816,41.891751],[20.739597,41.891535],[20.739466,41.891383],[20.739341,41.89113],[20.739197,41.890881],[20.739022,41.890666],[20.738834,41.890466],[20.738714,41.890269],[20.738545,41.890032],[20.738333,41.889719],[20.738073,41.889362],[20.737925,41.889083],[20.73776,41.888701],[20.737742,41.888605],[20.737705,41.888399],[20.737574,41.888226],[20.737483,41.888159],[20.737315,41.887902],[20.737161,41.887576],[20.736964,41.887204],[20.73686,41.887113],[20.736823,41.886866],[20.736557,41.886757],[20.736346,41.886469],[20.736355,41.886322],[20.736553,41.886052],[20.736679,41.885912],[20.736664,41.885622],[20.736634,41.885478],[20.736624,41.885432],[20.736513,41.885143],[20.736553,41.885003],[20.736605,41.88488],[20.736763,41.884716],[20.736831,41.884655],[20.7367,41.884328],[20.736774,41.884064],[20.736689,41.88379],[20.736579,41.883687],[20.736528,41.883639],[20.736456,41.883572],[20.736372,41.883458],[20.736375,41.883257],[20.736373,41.883126],[20.73646,41.88283],[20.736539,41.88276],[20.736633,41.882493],[20.736728,41.882335],[20.736754,41.882168],[20.736848,41.881757],[20.736824,41.881613],[20.7368,41.881469],[20.736808,41.881145],[20.736763,41.880931],[20.736744,41.880622],[20.736656,41.88018],[20.736574,41.879766],[20.736527,41.8797],[20.736406,41.879528],[20.736391,41.87911],[20.736165,41.878817],[20.73607,41.878594],[20.736048,41.878461],[20.736036,41.878017],[20.735815,41.877156],[20.735632,41.876809],[20.735605,41.876764],[20.727973,41.864277],[20.717192,41.864417],[20.705932,41.86466],[20.70361,41.863541],[20.701927,41.863765],[20.700824,41.862894],[20.700721,41.862879],[20.697895,41.862468],[20.697665,41.862267],[20.697244,41.8619],[20.696489,41.861314],[20.694901,41.860851],[20.693181,41.860019],[20.693052,41.860016],[20.691567,41.859976],[20.690157,41.859435],[20.690035,41.859425],[20.689175,41.859352],[20.688759,41.859234],[20.688097,41.859079],[20.686769,41.858739],[20.686229,41.858418],[20.685901,41.858222],[20.685107,41.857736],[20.684867,41.857641],[20.683483,41.857728],[20.682822,41.857886],[20.682282,41.858614],[20.682007,41.859479],[20.681273,41.859588],[20.681221,41.86085],[20.681196,41.861449],[20.680439,41.863216],[20.67848,41.868531],[20.670554,41.873412],[20.663353,41.875274],[20.654763,41.874817],[20.648426,41.874532],[20.640046,41.867188],[20.638282,41.865416],[20.636405,41.863531],[20.633385,41.861867],[20.632017,41.861113],[20.628669,41.860532],[20.626132,41.860091],[20.624982,41.85954],[20.623701,41.858925],[20.622353,41.858278],[20.621271,41.857759],[20.619247,41.85779],[20.619201,41.857842],[20.617813,41.858559],[20.614341,41.860422],[20.608253,41.864819],[20.604183,41.867759],[20.604043,41.86777],[20.604042,41.86786],[20.601893,41.869917],[20.601185,41.870595],[20.600611,41.871145],[20.599893,41.871832],[20.599195,41.8725],[20.598605,41.873065],[20.598042,41.873603],[20.596919,41.874678],[20.595498,41.876498],[20.594375,41.877192],[20.594286,41.877327],[20.594011,41.880761],[20.593719,41.884418],[20.591709,41.886308],[20.588639,41.88962],[20.587573,41.892559],[20.587105,41.894267],[20.586785,41.894965],[20.585966,41.896676],[20.585151,41.898789],[20.583712,41.901121],[20.581405,41.906192],[20.579259,41.910285],[20.578849,41.911132],[20.57783,41.913212],[20.576326,41.916876],[20.575771,41.917514],[20.575905,41.917479],[20.576446,41.917341],[20.57741,41.917096],[20.578046,41.916878],[20.578413,41.916753],[20.578847,41.916711],[20.578983,41.916702],[20.579714,41.916917],[20.580714,41.91691],[20.581369,41.916847],[20.581704,41.916613],[20.58273,41.916567],[20.58324,41.91657],[20.583771,41.916717],[20.584419,41.917071],[20.585531,41.917588],[20.585659,41.917777],[20.586262,41.918689],[20.587906,41.920494],[20.588539,41.92149],[20.589636,41.923351],[20.590065,41.924742],[20.590184,41.925463],[20.590136,41.926717],[20.590718,41.92709],[20.591825,41.927409],[20.592533,41.927611],[20.599179,41.929415],[20.600331,41.929175],[20.601594,41.929554],[20.605168,41.930835],[20.606026,41.931407],[20.608678,41.933192],[20.608786,41.933266],[20.608982,41.933395],[20.609062,41.93345],[20.609154,41.933513],[20.610198,41.934213],[20.612269,41.935797],[20.618016,41.938497],[20.619028,41.938969],[20.619435,41.9394],[20.620019,41.940561],[20.620562,41.944906],[20.621138,41.94573],[20.621427,41.947848],[20.621642,41.949378],[20.621732,41.950196],[20.62177,41.950527],[20.621865,41.950822],[20.621982,41.951195],[20.622201,41.951886],[20.622503,41.952831],[20.622529,41.952944],[20.622828,41.953916],[20.622894,41.954145],[20.623599,41.956538],[20.624823,41.957521],[20.625474,41.958046],[20.626014,41.959462],[20.626587,41.960984],[20.626345,41.961944],[20.626083,41.963029],[20.626029,41.96338],[20.625776,41.964895],[20.625439,41.965788],[20.625012,41.966943],[20.624109,41.969739],[20.624098,41.970392],[20.624086,41.971226],[20.624077,41.971565],[20.624371,41.973472],[20.624258,41.974334],[20.623413,41.975637],[20.622726,41.976711],[20.622527,41.977017],[20.622184,41.977577],[20.621599,41.978543],[20.619202,41.979481],[20.618037,41.979787],[20.616998,41.980509],[20.614131,41.983003],[20.613371,41.984813],[20.61182,41.985417],[20.61254,41.986861],[20.611346,41.987822],[20.6116,41.988911],[20.611711,41.989651],[20.61096,41.990286],[20.60984,41.99149],[20.609554,41.99232],[20.609029,41.994022],[20.608796,41.994746],[20.608604,41.995339],[20.608525,41.99558],[20.607849,41.997776],[20.607627,41.998518],[20.607416,41.999209],[20.60724,41.999817],[20.606901,42.000874],[20.606733,42.001591],[20.606669,42.001874],[20.606645,42.001945],[20.606552,42.002306],[20.606424,42.002614],[20.606324,42.00284],[20.606285,42.002935],[20.606196,42.003142],[20.605907,42.004064],[20.605638,42.005728],[20.605589,42.005827],[20.605104,42.006729],[20.604637,42.007877],[20.604491,42.008459],[20.604224,42.00955],[20.603995,42.010299],[20.602494,42.014475],[20.601793,42.016143],[20.601575,42.017064],[20.599514,42.018948],[20.597299,42.019698],[20.596888,42.022439],[20.59674,42.024038],[20.596461,42.026006],[20.596338,42.027219],[20.596314,42.027423],[20.596278,42.027773],[20.596263,42.027923],[20.596066,42.02987],[20.595786,42.032147],[20.595643,42.032944],[20.59563,42.033039],[20.595491,42.033789],[20.595363,42.034543],[20.5943,42.036218],[20.595492,42.038732],[20.594803,42.040717],[20.594954,42.041834],[20.594623,42.042457],[20.594549,42.042785],[20.594043,42.043151],[20.593725,42.043218],[20.593583,42.043397],[20.593461,42.043559],[20.593297,42.043664],[20.593107,42.043983],[20.592978,42.044089],[20.592687,42.044211],[20.592249,42.044304],[20.592059,42.044385],[20.591929,42.044571],[20.5917,42.044646],[20.5915,42.044894],[20.591335,42.044916],[20.590927,42.045143],[20.590759,42.04535],[20.590715,42.045431],[20.590533,42.045556],[20.590311,42.045683],[20.589544,42.0463],[20.589298,42.046493],[20.58879,42.046972],[20.58843,42.047326],[20.587897,42.047846],[20.587554,42.048171],[20.586842,42.048665],[20.585723,42.049347],[20.584556,42.05047],[20.583484,42.051491],[20.581852,42.052872],[20.580569,42.053685],[20.58036,42.054047],[20.580039,42.054253],[20.579773,42.054484],[20.578871,42.055268],[20.576709,42.057005],[20.57644,42.057408],[20.575897,42.058131],[20.573598,42.058549],[20.572205,42.058603],[20.571806,42.058624],[20.571317,42.058657],[20.570864,42.058657],[20.569816,42.059058],[20.569952,42.060682],[20.568378,42.062786],[20.566823,42.064873],[20.56525,42.066977],[20.56491,42.06739],[20.56439,42.068015],[20.563912,42.068592],[20.563369,42.069249],[20.562823,42.069906],[20.562336,42.070491],[20.561996,42.0709],[20.561589,42.071387],[20.561196,42.071859],[20.561111,42.071953],[20.56075,42.07232],[20.56016,42.072921],[20.559826,42.073261],[20.559617,42.073474],[20.559463,42.073633],[20.559179,42.073892],[20.55881,42.074229],[20.558247,42.074738],[20.557764,42.075197],[20.558111,42.076224],[20.558247,42.076629],[20.558528,42.077451],[20.558828,42.078339],[20.559001,42.078863],[20.558796,42.078849],[20.558694,42.078861],[20.558647,42.078872],[20.558573,42.078908],[20.558269,42.079098],[20.557753,42.079467],[20.557405,42.079776],[20.55713,42.080056],[20.557014,42.080153],[20.55687,42.0803],[20.556668,42.080488],[20.555036,42.081775],[20.554582,42.082588],[20.556403,42.085891],[20.557019,42.086792],[20.557192,42.087022],[20.557246,42.087093],[20.557332,42.087212],[20.557392,42.087341],[20.557427,42.087468],[20.557609,42.087716],[20.557686,42.08785],[20.557772,42.087971],[20.557867,42.08809],[20.557976,42.088207],[20.5581,42.088315],[20.558216,42.088415],[20.558344,42.088522],[20.558463,42.088634],[20.558587,42.088735],[20.558711,42.088842],[20.558866,42.088913],[20.559002,42.08901],[20.559099,42.089139],[20.559198,42.089259],[20.559304,42.089378],[20.559405,42.089499],[20.559569,42.089686],[20.559676,42.089796],[20.559781,42.089906],[20.559898,42.09002],[20.560014,42.090125],[20.560131,42.090236],[20.560231,42.090346],[20.560309,42.090467],[20.560364,42.090636],[20.56049,42.090779],[20.560632,42.090877],[20.560765,42.090974],[20.560905,42.091068],[20.561041,42.091161],[20.561174,42.091255],[20.561304,42.091349],[20.56143,42.091443],[20.561562,42.091542],[20.561679,42.091646],[20.561817,42.091742],[20.56196,42.091833],[20.562139,42.091916],[20.56313,42.094149],[20.563587,42.095148],[20.567519,42.097851],[20.567791,42.098753],[20.566144,42.101167],[20.566085,42.101261],[20.565201,42.102546],[20.564098,42.10416],[20.562443,42.106582],[20.562299,42.106804],[20.561856,42.107406],[20.561692,42.107629],[20.561511,42.107871],[20.561491,42.107897],[20.561366,42.108071],[20.561283,42.108185],[20.561205,42.108288],[20.560941,42.108646],[20.561407,42.10943],[20.56153,42.110249],[20.561724,42.11069],[20.561971,42.111242],[20.562143,42.111494],[20.562468,42.111968],[20.562788,42.112444],[20.563078,42.112741],[20.563302,42.11297],[20.563577,42.113257],[20.563938,42.113638],[20.564313,42.114081],[20.564461,42.114275],[20.564509,42.114454],[20.564606,42.114853],[20.564676,42.11512],[20.564769,42.11564],[20.564817,42.115917],[20.564852,42.116079],[20.565311,42.116375],[20.565874,42.116741],[20.566351,42.117047],[20.566489,42.117175],[20.566955,42.117619],[20.56754,42.118125],[20.567608,42.118401],[20.567618,42.118599],[20.567648,42.119197],[20.56779,42.119742],[20.567897,42.120166],[20.568037,42.120552],[20.568182,42.120948],[20.56812,42.121216],[20.567989,42.12149],[20.567554,42.122093],[20.567278,42.1224],[20.567024,42.122722],[20.566797,42.123149],[20.566779,42.123283],[20.566707,42.123787],[20.566786,42.124234],[20.566797,42.124599],[20.566708,42.124863],[20.566593,42.125211],[20.566214,42.125845],[20.566062,42.1261],[20.565837,42.126474],[20.565635,42.126819],[20.565328,42.127323],[20.565111,42.127688],[20.564895,42.128044],[20.564613,42.12851],[20.564472,42.128746],[20.564392,42.128883],[20.563604,42.130181],[20.562886,42.131398],[20.562672,42.131814],[20.562553,42.132052],[20.562273,42.13268],[20.562131,42.132929],[20.561924,42.133166],[20.561103,42.133498],[20.560577,42.133986],[20.560114,42.134665],[20.559907,42.134956],[20.559909,42.134956],[20.559771,42.135186],[20.559393,42.13588],[20.558839,42.136966],[20.55804,42.13729],[20.557681,42.137507],[20.557312,42.137818],[20.556966,42.138336],[20.556872,42.138737],[20.556665,42.139099],[20.556029,42.139476],[20.555394,42.140043],[20.555629,42.141083],[20.555988,42.141678],[20.556205,42.141902],[20.557243,42.14309],[20.557284,42.143321],[20.557401,42.143715],[20.557494,42.143863],[20.557693,42.143981],[20.558035,42.144383],[20.558172,42.144512],[20.558389,42.144697],[20.558753,42.145167],[20.558852,42.145446],[20.55879,42.145792],[20.558747,42.146227],[20.55854,42.146569],[20.558234,42.147036],[20.557727,42.147493],[20.557081,42.147888],[20.556436,42.148396],[20.555693,42.14862],[20.5553,42.14893],[20.555247,42.148936],[20.555146,42.148988],[20.555009,42.14907],[20.554857,42.149176],[20.554738,42.149274],[20.554502,42.149499],[20.554263,42.149686],[20.554145,42.14979],[20.553938,42.150019],[20.553735,42.150251],[20.55341,42.150587],[20.553215,42.1508],[20.553118,42.150923],[20.553045,42.151037],[20.552934,42.151173],[20.552687,42.151378],[20.552314,42.15167],[20.551917,42.151948],[20.55179,42.152048],[20.551428,42.152373],[20.55119,42.152564],[20.550921,42.152755],[20.550775,42.152833],[20.550719,42.152849],[20.550329,42.152996],[20.549839,42.153295],[20.549644,42.153481],[20.549504,42.15367],[20.549222,42.153779],[20.548865,42.153977],[20.548607,42.154174],[20.548454,42.154685],[20.548221,42.154961],[20.547933,42.15528],[20.54768,42.15544],[20.547149,42.155635],[20.54693,42.155789],[20.54691,42.15587],[20.546523,42.156567],[20.546314,42.157065],[20.546129,42.157384],[20.545941,42.157663],[20.545887,42.157724],[20.545551,42.158153],[20.545185,42.158411],[20.545129,42.158471],[20.545072,42.158532],[20.544507,42.159149],[20.544376,42.15929],[20.544147,42.159534],[20.543508,42.160229],[20.543382,42.160338],[20.543229,42.160495],[20.543066,42.160665],[20.545082,42.162545],[20.546519,42.163881],[20.547047,42.164371],[20.547089,42.164712],[20.546485,42.164825],[20.545894,42.164856],[20.545694,42.16482],[20.545247,42.164712],[20.544979,42.164988],[20.544807,42.165173],[20.544698,42.165314],[20.544652,42.165485],[20.544612,42.165573],[20.544714,42.165923],[20.544829,42.166086],[20.544646,42.166247],[20.544512,42.166351],[20.544207,42.166433],[20.54389,42.166352],[20.543717,42.166309],[20.543441,42.166242],[20.543248,42.16625],[20.542948,42.166204],[20.542765,42.166226],[20.54259,42.166529],[20.542603,42.166632],[20.542659,42.166696],[20.54265,42.16686],[20.542684,42.166946],[20.542641,42.167102],[20.542702,42.167158],[20.542658,42.167378],[20.542654,42.167574],[20.542521,42.167826],[20.542612,42.168205],[20.542459,42.168566],[20.542491,42.168654],[20.542465,42.168699],[20.542441,42.168745],[20.542503,42.168832],[20.542473,42.168913],[20.542473,42.169083],[20.542348,42.169243],[20.542252,42.16969],[20.542263,42.170282],[20.542477,42.170702],[20.542583,42.171231],[20.542556,42.171725],[20.542319,42.171913],[20.542027,42.172188],[20.541668,42.1723],[20.541446,42.172449],[20.540834,42.172716],[20.540749,42.172742],[20.540462,42.173153],[20.539634,42.173524],[20.539292,42.174017],[20.539208,42.174145],[20.539123,42.174268],[20.539054,42.174333],[20.539014,42.17437],[20.539012,42.174373],[20.538786,42.174575],[20.538051,42.175522],[20.537205,42.176603],[20.536959,42.176823],[20.536713,42.177212],[20.536597,42.177405],[20.53492,42.180111],[20.533889,42.181897],[20.532576,42.18415],[20.53239,42.184468],[20.531488,42.185941],[20.528848,42.194722],[20.527801,42.198011],[20.527617,42.198602],[20.527519,42.198925],[20.527276,42.199709],[20.527155,42.200064],[20.526667,42.201834],[20.526347,42.203025],[20.526222,42.203466],[20.526175,42.203643],[20.525984,42.204372],[20.525668,42.205425],[20.525214,42.206904],[20.52506,42.207424],[20.524987,42.207638],[20.524552,42.209133],[20.524346,42.209826],[20.524158,42.210454],[20.519328,42.217035],[20.51594,42.22165],[20.513996,42.224297],[20.513995,42.224297],[20.513771,42.224316],[20.513599,42.22433],[20.513461,42.224342],[20.512049,42.224468],[20.511888,42.224484],[20.511887,42.224484],[20.511886,42.224484],[20.510571,42.224607],[20.510569,42.224607],[20.510566,42.224607],[20.509934,42.224666],[20.50904,42.224749],[20.509012,42.224752],[20.507724,42.225392],[20.507673,42.225427],[20.506539,42.225993],[20.506533,42.225995],[20.505749,42.22638],[20.505053,42.226713],[20.504289,42.227088],[20.50405,42.227194],[20.503314,42.227549],[20.50215,42.228121],[20.501747,42.228619],[20.501331,42.229137],[20.500938,42.229625],[20.501132,42.230167],[20.501468,42.231096],[20.500973,42.231993],[20.500734,42.232426],[20.500664,42.232561],[20.500399,42.233232],[20.500041,42.234114],[20.499631,42.235141],[20.499355,42.235829],[20.49927,42.23605],[20.499205,42.23621],[20.49879,42.237231],[20.49841,42.238171],[20.498235,42.238624],[20.498,42.238915],[20.497702,42.239533],[20.497518,42.239866],[20.49723,42.240412],[20.496968,42.240659],[20.496396,42.241196],[20.49596,42.241545],[20.495435,42.241905],[20.495323,42.241964],[20.494674,42.242307],[20.494368,42.242476],[20.494088,42.242575],[20.493709,42.242746],[20.493509,42.242812],[20.492305,42.243196],[20.490932,42.243634],[20.49023,42.243865],[20.490133,42.243893],[20.490035,42.243922],[20.489947,42.24413],[20.489621,42.244936],[20.48918,42.246031],[20.488925,42.246643],[20.48861,42.246852],[20.487741,42.247431],[20.486928,42.247974],[20.485423,42.248459],[20.48512,42.248627],[20.484881,42.248755],[20.484203,42.249117],[20.484055,42.24919],[20.483647,42.249389],[20.483645,42.249389],[20.482762,42.249831],[20.48238,42.250029],[20.481999,42.250227],[20.481514,42.250509],[20.481317,42.250623],[20.480168,42.251328],[20.478528,42.252322],[20.476725,42.253429],[20.476681,42.254164],[20.476564,42.254332],[20.476175,42.25488],[20.476144,42.254916],[20.476019,42.255357],[20.475896,42.255753],[20.475752,42.256297],[20.475678,42.256569],[20.475645,42.256719],[20.475586,42.256974],[20.475559,42.25712],[20.475558,42.257244],[20.475618,42.257555],[20.475663,42.257974],[20.475664,42.258057],[20.475603,42.258235],[20.475577,42.258369],[20.475516,42.25851],[20.47548,42.25856],[20.475396,42.258702],[20.475302,42.258803],[20.475196,42.258888],[20.475032,42.258992],[20.474868,42.259082],[20.474676,42.259215],[20.474574,42.259289],[20.474447,42.259401],[20.473937,42.25968],[20.473646,42.259875],[20.473333,42.26011],[20.473152,42.260199],[20.47297,42.260288],[20.472806,42.260355],[20.472641,42.260426],[20.472111,42.260652],[20.471962,42.260777],[20.471718,42.260902],[20.471483,42.261058],[20.471325,42.261158],[20.471212,42.261233],[20.470857,42.261387],[20.47068,42.261425],[20.470447,42.261603],[20.470209,42.261721],[20.46989,42.2619],[20.469472,42.262022],[20.469082,42.262104],[20.468833,42.262218],[20.468672,42.262325],[20.468526,42.262446],[20.468163,42.262771],[20.468105,42.262808],[20.467949,42.262918],[20.467785,42.263018],[20.467571,42.26311],[20.467411,42.263197],[20.467266,42.263277],[20.466966,42.263423],[20.46681,42.263523],[20.466675,42.263601],[20.466499,42.26372],[20.466221,42.263898],[20.466118,42.26398],[20.465977,42.264098],[20.465859,42.264197],[20.465783,42.264247],[20.465707,42.264341],[20.46564,42.264476],[20.465566,42.264604],[20.465494,42.26472],[20.465422,42.264836],[20.465329,42.264962],[20.465226,42.265062],[20.465099,42.265149],[20.464953,42.26522],[20.464751,42.265294],[20.464623,42.265326],[20.464499,42.265349],[20.464357,42.265352],[20.464222,42.265353],[20.464059,42.265375],[20.463911,42.265431],[20.463843,42.265459],[20.463809,42.265487],[20.463771,42.265565],[20.463699,42.265715],[20.463665,42.265805],[20.463586,42.265963],[20.463526,42.266068],[20.463436,42.266212],[20.463357,42.26631],[20.463257,42.266416],[20.463139,42.26659],[20.463049,42.266711],[20.462944,42.266827],[20.462905,42.26687],[20.462843,42.266998],[20.462795,42.267088],[20.462658,42.267201],[20.462517,42.267299],[20.462482,42.267327],[20.462411,42.267433],[20.462328,42.267538],[20.462232,42.267645],[20.462205,42.267672],[20.462178,42.26773],[20.462151,42.267801],[20.462095,42.267912],[20.462035,42.268004],[20.461981,42.268082],[20.461945,42.268125],[20.461897,42.268226],[20.461866,42.268323],[20.461825,42.268459],[20.461724,42.268743],[20.461705,42.268762],[20.4616,42.268876],[20.461459,42.269016],[20.461382,42.269083],[20.461304,42.269128],[20.461101,42.26916],[20.460928,42.269186],[20.460571,42.269241],[20.460363,42.269268],[20.460038,42.26935],[20.459823,42.269421],[20.459681,42.26947],[20.459573,42.269542],[20.45943,42.269629],[20.459301,42.269712],[20.459157,42.269803],[20.45897,42.269934],[20.45884,42.27002],[20.458706,42.270103],[20.458617,42.270165],[20.458391,42.270366],[20.458179,42.270571],[20.45805,42.270688],[20.457856,42.270896],[20.457717,42.271026],[20.457578,42.271157],[20.456404,42.272253],[20.456094,42.272347],[20.455866,42.272391],[20.455774,42.272402],[20.455683,42.272414],[20.455494,42.272406],[20.455317,42.2724],[20.455135,42.272413],[20.454957,42.272441],[20.454766,42.27248],[20.454581,42.272498],[20.454249,42.272553],[20.454099,42.272566],[20.453637,42.272618],[20.453279,42.272754],[20.452921,42.27289],[20.451897,42.273209],[20.451765,42.273225],[20.451221,42.273319],[20.450769,42.273313],[20.450317,42.273307],[20.450018,42.273333],[20.449847,42.273362],[20.449443,42.273399],[20.449293,42.273431],[20.449092,42.273488],[20.448891,42.273545],[20.44857,42.2736],[20.448295,42.273729],[20.448131,42.2738],[20.448003,42.273858],[20.447971,42.27388],[20.447723,42.274026],[20.447413,42.27418],[20.446464,42.274684],[20.445161,42.274769],[20.444611,42.274805],[20.444418,42.274818],[20.444248,42.275033],[20.44344,42.276021],[20.442771,42.276834],[20.44248,42.277187],[20.441948,42.277361],[20.441094,42.27746],[20.440855,42.277451],[20.439625,42.277409],[20.438828,42.277381],[20.437304,42.277328],[20.434664,42.277238],[20.432536,42.277556],[20.430449,42.277613],[20.428857,42.277656],[20.428548,42.277718],[20.427389,42.27795],[20.425922,42.278244],[20.424772,42.278476],[20.424695,42.279331],[20.424646,42.279877],[20.424077,42.280679],[20.423759,42.28191],[20.423226,42.28252],[20.422931,42.282422],[20.422223,42.282186],[20.421779,42.282145],[20.420644,42.282055],[20.419177,42.282261],[20.417711,42.282467],[20.416622,42.28264],[20.415171,42.283093],[20.414389,42.283182],[20.414086,42.283115],[20.413271,42.283137],[20.413051,42.283206],[20.412694,42.283319],[20.412492,42.283382],[20.412493,42.283383],[20.41196,42.283552],[20.40869,42.284706],[20.408593,42.284739],[20.406941,42.284491],[20.404694,42.284684],[20.404055,42.285154],[20.403326,42.285683],[20.403211,42.285766],[20.401831,42.286766],[20.40126,42.287497],[20.401122,42.287755],[20.400984,42.288012],[20.40075,42.288558],[20.400621,42.288844],[20.400409,42.289158],[20.400326,42.289278],[20.400106,42.289593],[20.399924,42.289849],[20.399568,42.290361],[20.399241,42.290829],[20.399178,42.290869],[20.399109,42.290937],[20.398991,42.291104],[20.398805,42.291474],[20.398714,42.291709],[20.398687,42.291833],[20.398594,42.292329],[20.398507,42.292858],[20.39846,42.293051],[20.398387,42.293349],[20.398271,42.293745],[20.39813,42.294045],[20.397981,42.294346],[20.397828,42.294552],[20.397667,42.294768],[20.397571,42.294889],[20.397369,42.295102],[20.397162,42.29546],[20.397089,42.295588],[20.396912,42.29597],[20.396814,42.296216],[20.39675,42.296293],[20.396686,42.29637],[20.39611,42.297061],[20.396037,42.297148],[20.395963,42.297234],[20.395555,42.297716],[20.395148,42.298197],[20.394771,42.298649],[20.394342,42.298595],[20.3942,42.298582],[20.392914,42.298444],[20.3906,42.298201],[20.388019,42.299656],[20.387742,42.299933],[20.38774,42.299929],[20.387737,42.299932],[20.387509,42.300169],[20.386726,42.300958],[20.386633,42.301059],[20.384887,42.301474],[20.38464,42.301535],[20.38132,42.302804],[20.381039,42.302912],[20.380805,42.303036],[20.380481,42.303149],[20.37959,42.303532],[20.378438,42.304031],[20.376879,42.304634],[20.375696,42.305099],[20.374589,42.305534],[20.374135,42.305709],[20.373827,42.305718],[20.373591,42.305726],[20.373211,42.305582],[20.372683,42.305599],[20.372433,42.3056],[20.372063,42.305571],[20.37122,42.305513],[20.37082,42.305495],[20.370054,42.305462],[20.369247,42.305429],[20.36903,42.30548],[20.368814,42.30553],[20.368217,42.30572],[20.367826,42.305811],[20.367488,42.305931],[20.3672,42.306029],[20.366657,42.30612],[20.366319,42.306211],[20.365904,42.306236],[20.365174,42.306298],[20.364355,42.306596],[20.361918,42.308491],[20.360439,42.308756],[20.360123,42.30879],[20.359119,42.308899],[20.357746,42.309024],[20.353399,42.30964],[20.354649,42.314115],[20.354706,42.314317],[20.353913,42.317223],[20.350904,42.31886],[20.348428,42.320615],[20.34803,42.322466],[20.347461,42.323541],[20.345832,42.324907],[20.342127,42.325908],[20.34189,42.325972],[20.340034,42.326555],[20.339135,42.327699],[20.336077,42.32794],[20.333954,42.327846],[20.331101,42.327857],[20.327235,42.327728],[20.326554,42.326807],[20.326173,42.326724],[20.324448,42.326181],[20.322695,42.324392],[20.321917,42.323592],[20.321556,42.322847],[20.321157,42.322015],[20.31985,42.32164],[20.31927,42.321477],[20.318202,42.321325],[20.316471,42.32108],[20.314017,42.320428],[20.312725,42.319317],[20.312347,42.318995],[20.312233,42.318931],[20.310445,42.31809],[20.310129,42.317137],[20.309865,42.316349],[20.3096,42.316108],[20.308723,42.315319],[20.308141,42.315246],[20.306508,42.31504],[20.305518,42.314923],[20.304396,42.315654],[20.303749,42.316063],[20.30269,42.316751],[20.301622,42.317211],[20.301272,42.317692],[20.300956,42.318132],[20.300527,42.318355],[20.298698,42.319297],[20.298238,42.319531],[20.296993,42.31998],[20.295324,42.320541],[20.295211,42.320579],[20.294159,42.320934],[20.293417,42.322136],[20.29295,42.32289],[20.292911,42.323096],[20.292713,42.323439],[20.292701,42.323466],[20.290072,42.32341],[20.28974,42.323402],[20.288211,42.323368],[20.287035,42.323348],[20.285886,42.323321],[20.284789,42.322817],[20.283633,42.322273],[20.281246,42.321927],[20.279044,42.321614],[20.278247,42.321298],[20.276562,42.320883],[20.275615,42.320656],[20.27456,42.320646],[20.273739,42.320638],[20.273113,42.320637],[20.272694,42.320323],[20.271895,42.319723],[20.271844,42.319676],[20.271141,42.319555],[20.270437,42.319434],[20.269598,42.319919],[20.268795,42.319711],[20.268003,42.319553],[20.266256,42.319782],[20.264756,42.319545],[20.264108,42.319215],[20.263614,42.31896],[20.262272,42.318757],[20.262001,42.318792],[20.261607,42.318843],[20.260355,42.318856],[20.259667,42.318864],[20.259126,42.318867],[20.258783,42.318854],[20.258185,42.318826],[20.257839,42.31881],[20.257428,42.318791],[20.257258,42.31878],[20.257109,42.319025],[20.25687,42.31941],[20.256819,42.319499],[20.256608,42.319834],[20.256462,42.320076],[20.256284,42.320364],[20.256066,42.320714],[20.255981,42.320855],[20.255862,42.32104],[20.255814,42.321113],[20.255782,42.321158],[20.255731,42.321246],[20.255521,42.321566],[20.255307,42.321899],[20.255192,42.322088],[20.255041,42.322327],[20.255001,42.322361],[20.25476,42.322509],[20.254399,42.322567],[20.254056,42.322628],[20.253475,42.322737],[20.253126,42.322818],[20.252488,42.322969],[20.252102,42.323061],[20.251861,42.323121],[20.251529,42.323037],[20.251294,42.322971],[20.25094,42.322878],[20.250751,42.322828],[20.250407,42.322803],[20.250015,42.322778],[20.249603,42.322748],[20.249317,42.322731],[20.24922,42.322724],[20.248978,42.322708],[20.248726,42.322691],[20.24841,42.322669],[20.248358,42.32267],[20.248112,42.322821],[20.247871,42.322964],[20.247727,42.323052],[20.247691,42.32307],[20.247452,42.323214],[20.246878,42.32356],[20.246778,42.323646],[20.246422,42.323927],[20.24594,42.324309],[20.245487,42.324674],[20.244999,42.325059],[20.244367,42.325561],[20.243851,42.325973],[20.243523,42.32623],[20.242967,42.326674],[20.242607,42.326962],[20.242602,42.327001],[20.242461,42.327507],[20.242379,42.32782],[20.242509,42.328066],[20.242574,42.328181],[20.242645,42.328319],[20.242706,42.32843],[20.242837,42.328586],[20.242932,42.328695],[20.243081,42.32887],[20.24334,42.329172],[20.243511,42.329358],[20.243633,42.329462],[20.243699,42.329521],[20.244051,42.329817],[20.244617,42.330291],[20.244812,42.330454],[20.245215,42.330791],[20.245549,42.331072],[20.2461,42.331522],[20.24661,42.331958],[20.247093,42.332376],[20.247484,42.332602],[20.247532,42.332638],[20.247692,42.332738],[20.247852,42.332838],[20.247852,42.333173],[20.247657,42.333593],[20.247491,42.333944],[20.247334,42.334292],[20.247072,42.334856],[20.246858,42.335304],[20.246572,42.335926],[20.246371,42.33635],[20.246008,42.337126],[20.245994,42.337161],[20.245585,42.3377],[20.245272,42.338126],[20.245011,42.338463],[20.244829,42.338708],[20.244533,42.339096],[20.244436,42.339228],[20.244282,42.339426],[20.243814,42.34002],[20.2435,42.340426],[20.2433,42.34068],[20.24291,42.341179],[20.242528,42.341677],[20.242251,42.342032],[20.241688,42.342399],[20.241147,42.342752],[20.240392,42.343249],[20.24016,42.343501],[20.239253,42.344499],[20.23899,42.344728],[20.238776,42.344914],[20.238766,42.344922],[20.237217,42.346291],[20.23694,42.346534],[20.236636,42.346809],[20.236065,42.347335],[20.236217,42.347732],[20.23661,42.348207],[20.236923,42.3484],[20.237148,42.348499],[20.237358,42.34859],[20.23775,42.348814],[20.238045,42.34907],[20.238332,42.349336],[20.23861,42.349807],[20.238793,42.349954],[20.239244,42.350175],[20.239633,42.350579],[20.239824,42.350646],[20.240069,42.350941],[20.240101,42.351043],[20.240625,42.35149],[20.240952,42.351778],[20.243839,42.352207],[20.244805,42.352963],[20.244477,42.354915],[20.244481,42.354916],[20.244771,42.356204],[20.244998,42.357183],[20.245363,42.358697],[20.245611,42.359727],[20.24577,42.360388],[20.246016,42.361383],[20.245495,42.363549],[20.245237,42.364627],[20.244916,42.365943],[20.24617,42.367486],[20.246148,42.367527],[20.245421,42.369423],[20.245198,42.370002],[20.240969,42.373089],[20.240235,42.373631],[20.240475,42.373749],[20.240651,42.373842],[20.241212,42.374134],[20.241618,42.375692],[20.241645,42.375775],[20.240087,42.380107],[20.237531,42.38067],[20.235656,42.381233],[20.235461,42.382225],[20.234905,42.38314],[20.234542,42.383736],[20.233963,42.384678],[20.23378,42.384976],[20.232233,42.385773],[20.230658,42.386741],[20.229601,42.386985],[20.229544,42.387009],[20.228772,42.387185],[20.225945,42.388925],[20.223834,42.39137],[20.223224,42.391696],[20.222931,42.391842],[20.22152,42.39316],[20.220245,42.393382],[20.219198,42.39356],[20.217874,42.394138],[20.216228,42.395545],[20.214698,42.39651],[20.21335,42.397362],[20.212421,42.397951],[20.210866,42.398159],[20.209884,42.398295],[20.208012,42.401619],[20.208472,42.402102],[20.210363,42.402937],[20.211101,42.403922],[20.211661,42.404672],[20.211692,42.405348],[20.211725,42.405968],[20.21182,42.406978],[20.212199,42.407663],[20.212592,42.407955],[20.214009,42.409712],[20.215839,42.410302],[20.21601,42.410359],[20.216375,42.410476],[20.217202,42.410742],[20.217555,42.41095],[20.218046,42.41124],[20.218476,42.411414],[20.218984,42.411623],[20.219039,42.411643],[20.219745,42.411873],[20.220794,42.412209],[20.221247,42.412358],[20.22172,42.41251],[20.221829,42.412535],[20.222686,42.412877]]]}}]}